title,parent_link,link
Outdoor furniture,https://www.ikea.com/nl/en/cat/outdoor-furniture-od003/,https://www.ikea.com/nl/en/p/tarno-table-2-chairs-outdoor-black-light-brown-stained-s69898415/
Outdoor furniture,https://www.ikea.com/nl/en/cat/outdoor-furniture-od003/,https://www.ikea.com/nl/en/p/nammaro-lounge-chair-outdoor-light-brown-stained-froson-duvholmen-beige-s59604098/
Outdoor furniture,https://www.ikea.com/nl/en/cat/outdoor-furniture-od003/,https://www.ikea.com/nl/en/p/skarpo-armchair-outdoor-beige-50575811/
Outdoor furniture,https://www.ikea.com/nl/en/cat/outdoor-furniture-od003/,https://www.ikea.com/nl/en/p/revskar-3-seat-conversation-set-anthracite-outdoor-70543739/
Outdoor furniture,https://www.ikea.com/nl/en/cat/outdoor-furniture-od003/,https://www.ikea.com/nl/en/p/nammaro-2-seat-modular-sofa-outdoor-light-brown-stained-s19579307/
Outdoor furniture,https://www.ikea.com/nl/en/cat/outdoor-furniture-od003/,https://www.ikea.com/nl/en/p/vittskar-3-seat-modular-corner-sofa-outdoor-plastic-rattan-dark-grey-froson-duvholmen-beige-s69591161/
Outdoor furniture,https://www.ikea.com/nl/en/cat/outdoor-furniture-od003/,https://www.ikea.com/nl/en/p/sundso-table-light-green-outdoor-10582583/
Outdoor furniture,https://www.ikea.com/nl/en/cat/outdoor-furniture-od003/,https://www.ikea.com/nl/en/p/nammaro-chair-outdoor-foldable-light-brown-stained-50503353/
Outdoor furniture,https://www.ikea.com/nl/en/cat/outdoor-furniture-od003/,https://www.ikea.com/nl/en/p/nammaro-stool-outdoor-foldable-light-brown-stained-70510300/
Outdoor furniture,https://www.ikea.com/nl/en/cat/outdoor-furniture-od003/,https://www.ikea.com/nl/en/p/jolpen-2-seat-sofa-outdoor-white-grey-60515483/
Outdoor furniture,https://www.ikea.com/nl/en/cat/outdoor-furniture-od003/,https://www.ikea.com/nl/en/p/torparo-balcony-table-white-40595720/
Outdoor furniture,https://www.ikea.com/nl/en/cat/outdoor-furniture-od003/,https://www.ikea.com/nl/en/p/tarno-stool-black-light-brown-stained-70603281/
Outdoor furniture,https://www.ikea.com/nl/en/cat/outdoor-furniture-od003/,https://www.ikea.com/nl/en/p/nammaro-reclining-chair-outdoor-foldable-light-brown-stained-50510301/
Outdoor furniture,https://www.ikea.com/nl/en/cat/outdoor-furniture-od003/,https://www.ikea.com/nl/en/p/askholmen-table-2-folding-chairs-outdoor-dark-brown-kuddarna-light-grey-beige-s99575310/
Outdoor furniture,https://www.ikea.com/nl/en/cat/outdoor-furniture-od003/,https://www.ikea.com/nl/en/p/nammaro-seat-sec-for-modular-sofa-outdoor-light-brown-stained-10510299/
Outdoor furniture,https://www.ikea.com/nl/en/cat/outdoor-furniture-od003/,https://www.ikea.com/nl/en/p/nammaro-2-seat-modular-sofa-outdoor-armrests-light-brown-stained-froson-duvholmen-beige-s39607696/
Outdoor furniture,https://www.ikea.com/nl/en/cat/outdoor-furniture-od003/,https://www.ikea.com/nl/en/p/nammaro-chair-with-armrests-outdoor-light-brown-stained-90511105/
Outdoor furniture,https://www.ikea.com/nl/en/cat/outdoor-furniture-od003/,https://www.ikea.com/nl/en/p/vasman-extendable-table-outdoor-light-brown-stained-30469034/
Outdoor furniture,https://www.ikea.com/nl/en/cat/outdoor-furniture-od003/,https://www.ikea.com/nl/en/p/tarno-chair-outdoor-foldable-black-light-brown-stained-90095428/
Outdoor furniture,https://www.ikea.com/nl/en/cat/outdoor-furniture-od003/,https://www.ikea.com/nl/en/p/nammaro-storage-box-light-brown-stained-indoor-outdoor-40532742/
Outdoor furniture,https://www.ikea.com/nl/en/cat/outdoor-furniture-od003/,https://www.ikea.com/nl/en/p/nammaro-folding-table-light-brown-stained-10586699/
Outdoor furniture,https://www.ikea.com/nl/en/cat/outdoor-furniture-od003/,https://www.ikea.com/nl/en/p/nammaro-lounge-chair-outdoor-light-brown-stained-40510306/
Outdoor furniture,https://www.ikea.com/nl/en/cat/outdoor-furniture-od003/,https://www.ikea.com/nl/en/p/krokholmen-coffee-table-outdoor-beige-80336466/
Outdoor furniture,https://www.ikea.com/nl/en/cat/outdoor-furniture-od003/,https://www.ikea.com/nl/en/p/nammaro-bench-with-cushion-light-brown-stained-kuddarna-light-grey-beige-s49575303/
Outdoor storage,https://www.ikea.com/nl/en/cat/outdoor-organising-21958/,https://www.ikea.com/nl/en/p/kolbjorn-cabinet-in-outdoor-beige-30409295/
Outdoor storage,https://www.ikea.com/nl/en/cat/outdoor-organising-21958/,https://www.ikea.com/nl/en/p/hyllis-shelving-unit-in-outdoor-30428326/
Outdoor storage,https://www.ikea.com/nl/en/cat/outdoor-organising-21958/,https://www.ikea.com/nl/en/p/sundso-cabinet-anthracite-outdoor-indoor-70584188/
Outdoor storage,https://www.ikea.com/nl/en/cat/outdoor-organising-21958/,https://www.ikea.com/nl/en/p/vatterso-storage-box-outdoor-dark-grey-20562909/
Outdoor storage,https://www.ikea.com/nl/en/cat/outdoor-organising-21958/,https://www.ikea.com/nl/en/p/kolbjorn-cabinet-beige-outdoor-indoor-60601862/
Outdoor storage,https://www.ikea.com/nl/en/cat/outdoor-organising-21958/,https://www.ikea.com/nl/en/p/nammaro-storage-box-light-brown-stained-indoor-outdoor-40532742/
Outdoor storage,https://www.ikea.com/nl/en/cat/outdoor-organising-21958/,https://www.ikea.com/nl/en/p/kolbjorn-shelving-unit-with-cabinet-beige-s19291645/
Outdoor storage,https://www.ikea.com/nl/en/cat/outdoor-organising-21958/,https://www.ikea.com/nl/en/p/lacko-shelving-unit-outdoor-grey-20151837/
Outdoor storage,https://www.ikea.com/nl/en/cat/outdoor-organising-21958/,https://www.ikea.com/nl/en/p/nammaro-storage-box-and-privacy-screen-outdoor-light-brown-stained-s29491229/
Outdoor storage,https://www.ikea.com/nl/en/cat/outdoor-organising-21958/,https://www.ikea.com/nl/en/p/hyllis-shelving-unit-in-outdoor-s39318031/
Outdoor storage,https://www.ikea.com/nl/en/cat/outdoor-organising-21958/,https://www.ikea.com/nl/en/p/hyllis-shelving-unit-with-cover-transparent-s99291745/
Outdoor storage,https://www.ikea.com/nl/en/cat/outdoor-organising-21958/,https://www.ikea.com/nl/en/p/klamtare-box-with-lid-in-outdoor-dark-grey-70292364/
Outdoor storage,https://www.ikea.com/nl/en/cat/outdoor-organising-21958/,https://www.ikea.com/nl/en/p/kolbjorn-cabinet-in-outdoor-beige-s39417601/
Outdoor storage,https://www.ikea.com/nl/en/cat/outdoor-organising-21958/,https://www.ikea.com/nl/en/p/kolbjorn-shelving-unit-beige-outdoor-indoor-20601864/
Outdoor storage,https://www.ikea.com/nl/en/cat/outdoor-organising-21958/,https://www.ikea.com/nl/en/p/kolbjorn-shelving-unit-in-outdoor-s99291646/
Outdoor storage,https://www.ikea.com/nl/en/cat/outdoor-organising-21958/,https://www.ikea.com/nl/en/p/lagaskar-coffee-table-outdoor-beige-90543762/
Outdoor storage,https://www.ikea.com/nl/en/cat/outdoor-organising-21958/,https://www.ikea.com/nl/en/p/kolbjorn-shelving-unit-in-outdoor-beige-60409294/
Outdoor storage,https://www.ikea.com/nl/en/cat/outdoor-organising-21958/,https://www.ikea.com/nl/en/p/vatterso-storage-box-outdoor-dark-grey-00562905/
Outdoor storage,https://www.ikea.com/nl/en/cat/outdoor-organising-21958/,https://www.ikea.com/nl/en/p/hyllis-cover-transparent-in-outdoor-80430204/
Outdoor storage,https://www.ikea.com/nl/en/cat/outdoor-organising-21958/,https://www.ikea.com/nl/en/p/ytterskar-privacy-screen-outdoor-grey-40495136/
Outdoor storage,https://www.ikea.com/nl/en/cat/outdoor-organising-21958/,https://www.ikea.com/nl/en/p/kolbjorn-shelving-unit-with-2-cabinets-beige-outdoor-indoor-s69615529/
Outdoor storage,https://www.ikea.com/nl/en/cat/outdoor-organising-21958/,https://www.ikea.com/nl/en/p/kolbjorn-shelving-unit-with-cabinet-beige-outdoor-indoor-s49615530/
Outdoor storage,https://www.ikea.com/nl/en/cat/outdoor-organising-21958/,https://www.ikea.com/nl/en/p/bolmso-dog-bed-outdoor-dark-grey-90564641/
Outdoor storage,https://www.ikea.com/nl/en/cat/outdoor-organising-21958/,https://www.ikea.com/nl/en/p/hyllis-shelving-units-with-covers-transparent-s39291748/
Parasols & gazebos,https://www.ikea.com/nl/en/cat/parasols-gazebos-17887/,https://www.ikea.com/nl/en/p/hammaron-pergola-grey-beige-dark-grey-beige-20549239/
Parasols & gazebos,https://www.ikea.com/nl/en/cat/parasols-gazebos-17887/,https://www.ikea.com/nl/en/p/seglaro-iggon-parasol-hanging-with-base-anthracite-dark-grey-s79576221/
Parasols & gazebos,https://www.ikea.com/nl/en/cat/parasols-gazebos-17887/,https://www.ikea.com/nl/en/p/nammaro-privacy-screen-light-brown-stained-indoor-outdoor-20532743/
Parasols & gazebos,https://www.ikea.com/nl/en/cat/parasols-gazebos-17887/,https://www.ikea.com/nl/en/p/gunnon-gazebo-dark-grey-grey-20468855/
Parasols & gazebos,https://www.ikea.com/nl/en/cat/parasols-gazebos-17887/,https://www.ikea.com/nl/en/p/tveto-parasol-tilting-grey-beige-white-80468857/
Parasols & gazebos,https://www.ikea.com/nl/en/cat/parasols-gazebos-17887/,https://www.ikea.com/nl/en/p/strandon-sun-wind-shelter-bright-orange-bright-yellow-20600464/
Parasols & gazebos,https://www.ikea.com/nl/en/cat/parasols-gazebos-17887/,https://www.ikea.com/nl/en/p/joggeso-parasol-light-grey-beige-90531896/
Parasols & gazebos,https://www.ikea.com/nl/en/cat/parasols-gazebos-17887/,https://www.ikea.com/nl/en/p/ytterskar-privacy-screen-outdoor-grey-40495136/
Parasols & gazebos,https://www.ikea.com/nl/en/cat/parasols-gazebos-17887/,https://www.ikea.com/nl/en/p/hogon-iggon-parasol-with-base-off-white-bright-yellow-striped-dark-grey-s09615513/
Parasols & gazebos,https://www.ikea.com/nl/en/cat/parasols-gazebos-17887/,https://www.ikea.com/nl/en/p/tveto-iggon-parasol-with-base-tilting-grey-beige-white-dark-grey-s59576203/
Parasols & gazebos,https://www.ikea.com/nl/en/cat/parasols-gazebos-17887/,https://www.ikea.com/nl/en/p/lungon-privacy-screen-off-white-indoor-outdoor-80515509/
Parasols & gazebos,https://www.ikea.com/nl/en/cat/parasols-gazebos-17887/,https://www.ikea.com/nl/en/p/joggeso-iggon-parasol-with-base-tilting-light-grey-beige-dark-grey-s89576211/
Parasols & gazebos,https://www.ikea.com/nl/en/cat/parasols-gazebos-17887/,https://www.ikea.com/nl/en/p/gunnon-canopy-for-gazebo-grey-10532036/
Parasols & gazebos,https://www.ikea.com/nl/en/cat/parasols-gazebos-17887/,https://www.ikea.com/nl/en/p/lilleo-parasol-grey-10504632/
Parasols & gazebos,https://www.ikea.com/nl/en/cat/parasols-gazebos-17887/,https://www.ikea.com/nl/en/p/himmelso-gazebo-with-net-dark-grey-grey-beige-s29414127/
Parasols & gazebos,https://www.ikea.com/nl/en/cat/parasols-gazebos-17887/,https://www.ikea.com/nl/en/p/himmelso-curtain-for-gazebo-grey-beige-50478985/
Parasols & gazebos,https://www.ikea.com/nl/en/cat/parasols-gazebos-17887/,https://www.ikea.com/nl/en/p/strandon-parasol-bright-orange-60600462/
Parasols & gazebos,https://www.ikea.com/nl/en/cat/parasols-gazebos-17887/,https://www.ikea.com/nl/en/p/seglaro-parasol-hanging-anthracite-tilting-20532007/
Parasols & gazebos,https://www.ikea.com/nl/en/cat/parasols-gazebos-17887/,https://www.ikea.com/nl/en/p/hogon-parasol-off-white-bright-yellow-striped-20598574/
Parasols & gazebos,https://www.ikea.com/nl/en/cat/parasols-gazebos-17887/,https://www.ikea.com/nl/en/p/strandon-pop-up-sun-wind-shelter-blue-00591106/
Parasols & gazebos,https://www.ikea.com/nl/en/cat/parasols-gazebos-17887/,https://www.ikea.com/nl/en/p/himmelso-gazebo-dark-grey-grey-beige-50468854/
Parasols & gazebos,https://www.ikea.com/nl/en/cat/parasols-gazebos-17887/,https://www.ikea.com/nl/en/p/hogon-parasol-hanging-grey-50515742/
Parasols & gazebos,https://www.ikea.com/nl/en/cat/parasols-gazebos-17887/,https://www.ikea.com/nl/en/p/solig-net-white-10148157/
Parasols & gazebos,https://www.ikea.com/nl/en/cat/parasols-gazebos-17887/,https://www.ikea.com/nl/en/p/torpon-net-black-40540351/
Outdoor kitchen & accessories,https://www.ikea.com/nl/en/cat/outdoor-kitchen-accessories-700349/,https://www.ikea.com/nl/en/p/grillskar-kitchen-island-shelf-unit-stainless-steel-s29390107/
Outdoor kitchen & accessories,https://www.ikea.com/nl/en/cat/outdoor-kitchen-accessories-700349/,https://www.ikea.com/nl/en/p/nammaro-open-kitchen-unit-light-brown-stained-stainless-steel-outdoor-80608810/
Outdoor kitchen & accessories,https://www.ikea.com/nl/en/cat/outdoor-kitchen-accessories-700349/,https://www.ikea.com/nl/en/p/batskar-closed-kitchen-unit-outdoor-dark-grey-90623240/
Outdoor kitchen & accessories,https://www.ikea.com/nl/en/cat/outdoor-kitchen-accessories-700349/,https://www.ikea.com/nl/en/p/grillskar-kitchen-island-shelf-unit-black-stainless-steel-outdoor-50471446/
Outdoor kitchen & accessories,https://www.ikea.com/nl/en/cat/outdoor-kitchen-accessories-700349/,https://www.ikea.com/nl/en/p/batskar-unit-for-sink-outdoor-dark-grey-40623252/
Outdoor kitchen & accessories,https://www.ikea.com/nl/en/cat/outdoor-kitchen-accessories-700349/,https://www.ikea.com/nl/en/p/nammaro-outdoor-kitchen-light-brown-stained-stainless-steel-s29615526/
Outdoor kitchen & accessories,https://www.ikea.com/nl/en/cat/outdoor-kitchen-accessories-700349/,https://www.ikea.com/nl/en/p/grillskar-open-kitchen-unit-black-stainless-steel-outdoor-40598790/
Outdoor kitchen & accessories,https://www.ikea.com/nl/en/cat/outdoor-kitchen-accessories-700349/,https://www.ikea.com/nl/en/p/grilltider-barbecue-grill-cleaning-brush-stainless-steel-black-50614394/
Outdoor kitchen & accessories,https://www.ikea.com/nl/en/cat/outdoor-kitchen-accessories-700349/,https://www.ikea.com/nl/en/p/grilltider-bowl-for-dip-sauce-stainless-steel-50613747/
Outdoor kitchen & accessories,https://www.ikea.com/nl/en/cat/outdoor-kitchen-accessories-700349/,https://www.ikea.com/nl/en/p/soluppgang-barbecue-cast-iron-00621306/
Outdoor kitchen & accessories,https://www.ikea.com/nl/en/cat/outdoor-kitchen-accessories-700349/,https://www.ikea.com/nl/en/p/grillskar-door-side-units-back-black-stainless-steel-outdoor-10471448/
Outdoor kitchen & accessories,https://www.ikea.com/nl/en/cat/outdoor-kitchen-accessories-700349/,https://www.ikea.com/nl/en/p/havstulpan-pizza-pan-cast-iron-10619020/
Outdoor kitchen & accessories,https://www.ikea.com/nl/en/cat/outdoor-kitchen-accessories-700349/,https://www.ikea.com/nl/en/p/grillskar-charcoal-barbecue-w-kitchen-island-stainless-steel-outdoor-s19616055/
Outdoor kitchen & accessories,https://www.ikea.com/nl/en/cat/outdoor-kitchen-accessories-700349/,https://www.ikea.com/nl/en/p/batskar-add-on-unit-with-shelves-outdoor-dark-grey-70553399/
Outdoor kitchen & accessories,https://www.ikea.com/nl/en/cat/outdoor-kitchen-accessories-700349/,https://www.ikea.com/nl/en/p/grillskar-kitchen-island-w-side-table-stainless-steel-outdoor-s09495228/
Outdoor kitchen & accessories,https://www.ikea.com/nl/en/cat/outdoor-kitchen-accessories-700349/,https://www.ikea.com/nl/en/p/grilltider-squeeze-bottle-white-transparent-10605631/
Outdoor kitchen & accessories,https://www.ikea.com/nl/en/cat/outdoor-kitchen-accessories-700349/,https://www.ikea.com/nl/en/p/grilltider-serving-tray-stainless-steel-40615153/
Outdoor kitchen & accessories,https://www.ikea.com/nl/en/cat/outdoor-kitchen-accessories-700349/,https://www.ikea.com/nl/en/p/grilltider-barbecue-brush-silicone-00444554/
Outdoor kitchen & accessories,https://www.ikea.com/nl/en/cat/outdoor-kitchen-accessories-700349/,https://www.ikea.com/nl/en/p/grillskar-kitchen-island-w-back-panel-with-doors-stainless-steel-outdoor-s79548233/
Outdoor kitchen & accessories,https://www.ikea.com/nl/en/cat/outdoor-kitchen-accessories-700349/,https://www.ikea.com/nl/en/p/batskar-charcoal-barbecue-outdoor-dark-grey-30623238/
Outdoor kitchen & accessories,https://www.ikea.com/nl/en/cat/outdoor-kitchen-accessories-700349/,https://www.ikea.com/nl/en/p/nammaro-outdoor-kitchen-light-brown-stained-stainless-steel-s09615527/
Outdoor kitchen & accessories,https://www.ikea.com/nl/en/cat/outdoor-kitchen-accessories-700349/,https://www.ikea.com/nl/en/p/grilltider-serving-basket-stainless-steel-20613758/
Outdoor kitchen & accessories,https://www.ikea.com/nl/en/cat/outdoor-kitchen-accessories-700349/,https://www.ikea.com/nl/en/p/batskar-outdoor-ktchn-w-chrcl-bbq-sink-unit-dark-grey-s69615548/
Outdoor kitchen & accessories,https://www.ikea.com/nl/en/cat/outdoor-kitchen-accessories-700349/,https://www.ikea.com/nl/en/p/nammaro-kitchen-with-sink-unit-outdoor-light-brown-stained-stainless-steel-s79615524/
Outdoor pots & accessories,https://www.ikea.com/nl/en/cat/outdoor-pots-accessories-31787/,https://www.ikea.com/nl/en/p/svamskog-self-watering-insert-terracotta-transparent-40570871/
Outdoor pots & accessories,https://www.ikea.com/nl/en/cat/outdoor-pots-accessories-31787/,https://www.ikea.com/nl/en/p/strelitzia-potted-plant-bird-of-paradise-20466253/
Outdoor pots & accessories,https://www.ikea.com/nl/en/cat/outdoor-pots-accessories-31787/,https://www.ikea.com/nl/en/p/akerbar-plant-pot-in-outdoor-galvanised-90497699/
Outdoor pots & accessories,https://www.ikea.com/nl/en/cat/outdoor-pots-accessories-31787/,https://www.ikea.com/nl/en/p/vitlok-flower-box-with-holder-in-outdoor-anthracite-30612013/
Outdoor pots & accessories,https://www.ikea.com/nl/en/cat/outdoor-pots-accessories-31787/,https://www.ikea.com/nl/en/p/muskotblomma-plant-pot-with-saucer-in-outdoor-terracotta-30454891/
Outdoor pots & accessories,https://www.ikea.com/nl/en/cat/outdoor-pots-accessories-31787/,https://www.ikea.com/nl/en/p/forenlig-plant-pot-in-outdoor-white-70454813/
Outdoor pots & accessories,https://www.ikea.com/nl/en/cat/outdoor-pots-accessories-31787/,https://www.ikea.com/nl/en/p/hasselbukett-plant-pot-in-outdoor-green-brown-80595916/
Outdoor pots & accessories,https://www.ikea.com/nl/en/cat/outdoor-pots-accessories-31787/,https://www.ikea.com/nl/en/p/visingso-plant-stand-outdoor-deep-green-00575540/
Outdoor pots & accessories,https://www.ikea.com/nl/en/cat/outdoor-pots-accessories-31787/,https://www.ikea.com/nl/en/p/asparen-planter-grey-outdoor-10539269/
Outdoor pots & accessories,https://www.ikea.com/nl/en/cat/outdoor-pots-accessories-31787/,https://www.ikea.com/nl/en/p/citrus-potted-plant-lemon-assorted-70612761/
Outdoor pots & accessories,https://www.ikea.com/nl/en/cat/outdoor-pots-accessories-31787/,https://www.ikea.com/nl/en/p/olea-europaea-potted-plant-olive-tree-stem-40623997/
Outdoor pots & accessories,https://www.ikea.com/nl/en/cat/outdoor-pots-accessories-31787/,https://www.ikea.com/nl/en/p/akerbar-greenhouse-in-outdoor-white-30537170/
Outdoor pots & accessories,https://www.ikea.com/nl/en/cat/outdoor-pots-accessories-31787/,https://www.ikea.com/nl/en/p/nypon-plant-pot-in-outdoor-grey-40395617/
Outdoor pots & accessories,https://www.ikea.com/nl/en/cat/outdoor-pots-accessories-31787/,https://www.ikea.com/nl/en/p/brunbar-plant-pot-with-saucer-outdoor-terracotta-10510826/
Outdoor pots & accessories,https://www.ikea.com/nl/en/cat/outdoor-pots-accessories-31787/,https://www.ikea.com/nl/en/p/ficus-microcarpa-potted-plant-curtain-fig-90623179/
Outdoor pots & accessories,https://www.ikea.com/nl/en/cat/outdoor-pots-accessories-31787/,https://www.ikea.com/nl/en/p/chilistran-hanging-planter-in-outdoor-white-70492264/
Outdoor pots & accessories,https://www.ikea.com/nl/en/cat/outdoor-pots-accessories-31787/,https://www.ikea.com/nl/en/p/doftrips-plant-support-set-of-2-in-outdoor-mixed-shapes-40612362/
Outdoor pots & accessories,https://www.ikea.com/nl/en/cat/outdoor-pots-accessories-31787/,https://www.ikea.com/nl/en/p/celosia-potted-plant-woolflowers-30623993/
Outdoor pots & accessories,https://www.ikea.com/nl/en/cat/outdoor-pots-accessories-31787/,https://www.ikea.com/nl/en/p/bladverk-plant-in-vase-hydroponic-60613879/
Outdoor pots & accessories,https://www.ikea.com/nl/en/cat/outdoor-pots-accessories-31787/,https://www.ikea.com/nl/en/p/bittergurka-watering-can-white-30368068/
Outdoor pots & accessories,https://www.ikea.com/nl/en/cat/outdoor-pots-accessories-31787/,https://www.ikea.com/nl/en/p/himalayamix-potted-plant-assorted-plants-with-foliage-60234534/
Outdoor pots & accessories,https://www.ikea.com/nl/en/cat/outdoor-pots-accessories-31787/,https://www.ikea.com/nl/en/p/euphorbia-acrurensis-potted-plant-desert-candle-cactus-40598691/
Outdoor pots & accessories,https://www.ikea.com/nl/en/cat/outdoor-pots-accessories-31787/,https://www.ikea.com/nl/en/p/odla-growing-media-clay-pebbles-60287103/
Outdoor pots & accessories,https://www.ikea.com/nl/en/cat/outdoor-pots-accessories-31787/,https://www.ikea.com/nl/en/p/asparen-greenhouse-transparent-white-20585623/
Outdoor accessories,https://www.ikea.com/nl/en/cat/outdoor-accessories-34203/,https://www.ikea.com/nl/en/p/kuddarna-bench-cushion-outdoor-light-grey-beige-70584174/
Outdoor accessories,https://www.ikea.com/nl/en/cat/outdoor-accessories-34203/,https://www.ikea.com/nl/en/p/kuddarna-chair-cushion-outdoor-light-grey-beige-00547222/
Outdoor accessories,https://www.ikea.com/nl/en/cat/outdoor-accessories-34203/,https://www.ikea.com/nl/en/p/istad-resealable-bag-patterned-red-pink-80525674/
Outdoor accessories,https://www.ikea.com/nl/en/cat/outdoor-accessories-34203/,https://www.ikea.com/nl/en/p/klosan-chair-cushion-outdoor-dark-blue-20583822/
Outdoor accessories,https://www.ikea.com/nl/en/cat/outdoor-accessories-34203/,https://www.ikea.com/nl/en/p/kalas-mug-mixed-colours-seasonal-edition-50620093/
Outdoor accessories,https://www.ikea.com/nl/en/cat/outdoor-accessories-34203/,https://www.ikea.com/nl/en/p/morum-rug-flatwoven-in-outdoor-beige-20203563/
Outdoor accessories,https://www.ikea.com/nl/en/cat/outdoor-accessories-34203/,https://www.ikea.com/nl/en/p/oringabborre-sealing-clip-set-of-9-multicolour-60556708/
Outdoor accessories,https://www.ikea.com/nl/en/cat/outdoor-accessories-34203/,https://www.ikea.com/nl/en/p/gullrismott-food-storage-bag-for-bread-60581798/
Outdoor accessories,https://www.ikea.com/nl/en/cat/outdoor-accessories-34203/,https://www.ikea.com/nl/en/p/strandon-folding-table-bright-yellow-00600460/
Outdoor accessories,https://www.ikea.com/nl/en/cat/outdoor-accessories-34203/,https://www.ikea.com/nl/en/p/lydersholm-rug-flatwoven-in-outdoor-medium-brown-50495391/
Outdoor accessories,https://www.ikea.com/nl/en/cat/outdoor-accessories-34203/,https://www.ikea.com/nl/en/p/froson-duvholmen-back-cushion-outdoor-beige-s79253103/
Outdoor accessories,https://www.ikea.com/nl/en/cat/outdoor-accessories-34203/,https://www.ikea.com/nl/en/p/kuddarna-chair-cushion-outdoor-light-grey-beige-00547236/
Outdoor accessories,https://www.ikea.com/nl/en/cat/outdoor-accessories-34203/,https://www.ikea.com/nl/en/p/gorsnygg-carrier-bag-large-light-beige-20504194/
Outdoor accessories,https://www.ikea.com/nl/en/cat/outdoor-accessories-34203/,https://www.ikea.com/nl/en/p/kalas-mug-mixed-colours-00461379/
Outdoor accessories,https://www.ikea.com/nl/en/cat/outdoor-accessories-34203/,https://www.ikea.com/nl/en/p/bevara-sealing-clip-anthracite-dark-yellow-90524179/
Outdoor accessories,https://www.ikea.com/nl/en/cat/outdoor-accessories-34203/,https://www.ikea.com/nl/en/p/kalas-plate-mixed-colours-80461380/
Outdoor accessories,https://www.ikea.com/nl/en/cat/outdoor-accessories-34203/,https://www.ikea.com/nl/en/p/kalas-bowl-mixed-colours-seasonal-edition-70620092/
Outdoor accessories,https://www.ikea.com/nl/en/cat/outdoor-accessories-34203/,https://www.ikea.com/nl/en/p/kalas-bowl-mixed-colours-20461378/
Outdoor accessories,https://www.ikea.com/nl/en/cat/outdoor-accessories-34203/,https://www.ikea.com/nl/en/p/kungsfors-net-bag-set-of-2-natural-20372834/
Outdoor accessories,https://www.ikea.com/nl/en/cat/outdoor-accessories-34203/,https://www.ikea.com/nl/en/p/gullrismott-food-storage-bag-for-potatoes-00581796/
Outdoor accessories,https://www.ikea.com/nl/en/cat/outdoor-accessories-34203/,https://www.ikea.com/nl/en/p/dimpa-storage-bag-transparent-10056770/
Outdoor accessories,https://www.ikea.com/nl/en/cat/outdoor-accessories-34203/,https://www.ikea.com/nl/en/p/ikea-365-food-container-with-lid-square-glass-10623833/
Outdoor accessories,https://www.ikea.com/nl/en/cat/outdoor-accessories-34203/,https://www.ikea.com/nl/en/p/tostero-cover-for-outdoor-furniture-table-and-chairs-black-30532337/
Outdoor accessories,https://www.ikea.com/nl/en/cat/outdoor-accessories-34203/,https://www.ikea.com/nl/en/p/rensare-clothes-bag-set-of-3-check-pattern-grey-black-30432502/
Outdoor lighting,https://www.ikea.com/nl/en/cat/outdoor-lighting-17897/,https://www.ikea.com/nl/en/p/solarvet-led-lighting-chain-with-24-lights-outdoor-solar-powered-ball-white-80573896/
Outdoor lighting,https://www.ikea.com/nl/en/cat/outdoor-lighting-17897/,https://www.ikea.com/nl/en/p/solvinden-led-solar-powered-ground-stick-outdoor-dark-green-20619185/
Outdoor lighting,https://www.ikea.com/nl/en/cat/outdoor-lighting-17897/,https://www.ikea.com/nl/en/p/solvinden-led-lighting-chain-with-12-lights-solar-powered-beige-white-50619184/
Outdoor lighting,https://www.ikea.com/nl/en/cat/outdoor-lighting-17897/,https://www.ikea.com/nl/en/p/solvinden-led-solar-powered-pendant-lamp-solar-powered-outdoor-beige-40614653/
Outdoor lighting,https://www.ikea.com/nl/en/cat/outdoor-lighting-17897/,https://www.ikea.com/nl/en/p/solvinden-led-solar-powered-pendant-lamp-outdoor-globe-white-60615029/
Outdoor lighting,https://www.ikea.com/nl/en/cat/outdoor-lighting-17897/,https://www.ikea.com/nl/en/p/solvinden-led-solar-powered-ground-stick-outdoor-clear-black-30615525/
Outdoor lighting,https://www.ikea.com/nl/en/cat/outdoor-lighting-17897/,https://www.ikea.com/nl/en/p/utsund-led-lighting-chain-with-12-bulbs-outdoor-battery-operated-black-50610584/
Outdoor lighting,https://www.ikea.com/nl/en/cat/outdoor-lighting-17897/,https://www.ikea.com/nl/en/p/gronsprot-wall-up-downlighter-wired-in-outdoor-black-90556194/
Outdoor lighting,https://www.ikea.com/nl/en/cat/outdoor-lighting-17897/,https://www.ikea.com/nl/en/p/solvinden-lamp-stand-beige-40619387/
Outdoor lighting,https://www.ikea.com/nl/en/cat/outdoor-lighting-17897/,https://www.ikea.com/nl/en/p/solvinden-pendant-lamp-solar-powered-white-90614740/
Outdoor lighting,https://www.ikea.com/nl/en/cat/outdoor-lighting-17897/,https://www.ikea.com/nl/en/p/solvinden-led-lighting-chain-with-24-lights-solar-powered-globe-orange-pink-20615173/
Outdoor lighting,https://www.ikea.com/nl/en/cat/outdoor-lighting-17897/,https://www.ikea.com/nl/en/p/solvinden-led-decorative-table-lamp-solar-powered-stripe-outdoor-light-green-00619370/
Outdoor lighting,https://www.ikea.com/nl/en/cat/outdoor-lighting-17897/,https://www.ikea.com/nl/en/p/svartra-led-lighting-chain-with-12-lights-black-outdoor-30521800/
Outdoor lighting,https://www.ikea.com/nl/en/cat/outdoor-lighting-17897/,https://www.ikea.com/nl/en/p/gronsprot-wall-lamp-wired-in-installation-outdoor-black-40555998/
Outdoor lighting,https://www.ikea.com/nl/en/cat/outdoor-lighting-17897/,https://www.ikea.com/nl/en/p/solvinden-solar-powered-ground-stick-red-90619182/
Outdoor lighting,https://www.ikea.com/nl/en/cat/outdoor-lighting-17897/,https://www.ikea.com/nl/en/p/solvinden-floor-lamp-solar-powered-outdoor-beige-10619181/
Outdoor lighting,https://www.ikea.com/nl/en/cat/outdoor-lighting-17897/,https://www.ikea.com/nl/en/p/solvinden-led-solar-powered-pendant-lamp-outdoor-globe-white-00615008/
Outdoor lighting,https://www.ikea.com/nl/en/cat/outdoor-lighting-17897/,https://www.ikea.com/nl/en/p/soluppgang-led-lantern-outdoor-battery-operated-dimmable-20621273/
Outdoor lighting,https://www.ikea.com/nl/en/cat/outdoor-lighting-17897/,https://www.ikea.com/nl/en/p/borrby-lantern-for-block-candle-in-outdoor-black-10156109/
Outdoor lighting,https://www.ikea.com/nl/en/cat/outdoor-lighting-17897/,https://www.ikea.com/nl/en/p/solvinden-led-decoration-lighting-table-outdoor-battery-operated-white-70615038/
Outdoor lighting,https://www.ikea.com/nl/en/cat/outdoor-lighting-17897/,https://www.ikea.com/nl/en/p/solvinden-led-decoration-lighting-floor-solar-powered-mesh-beige-70619183/
Outdoor lighting,https://www.ikea.com/nl/en/cat/outdoor-lighting-17897/,https://www.ikea.com/nl/en/p/solvinden-lamp-stand-orange-beige-60619386/
Outdoor lighting,https://www.ikea.com/nl/en/cat/outdoor-lighting-17897/,https://www.ikea.com/nl/en/p/solvinden-pendant-lamp-stripe-pattern-solar-powered-orange-pink-30614682/
Outdoor lighting,https://www.ikea.com/nl/en/cat/outdoor-lighting-17897/,https://www.ikea.com/nl/en/p/solvinden-led-solar-powered-pendant-lamp-outdoor-globe-pink-dark-pink-50614704/
Outdoor rugs,https://www.ikea.com/nl/en/cat/outdoor-rugs-34204/,https://www.ikea.com/nl/en/p/lydersholm-rug-flatwoven-in-outdoor-medium-brown-50495391/
Outdoor rugs,https://www.ikea.com/nl/en/cat/outdoor-rugs-34204/,https://www.ikea.com/nl/en/p/morum-rug-flatwoven-in-outdoor-beige-20203563/
Outdoor rugs,https://www.ikea.com/nl/en/cat/outdoor-rugs-34204/,https://www.ikea.com/nl/en/p/morum-rug-flatwoven-in-outdoor-dark-grey-10203573/
Outdoor rugs,https://www.ikea.com/nl/en/cat/outdoor-rugs-34204/,https://www.ikea.com/nl/en/p/lattbetong-rug-flatwoven-in-outdoor-beige-light-brown-10620957/
Outdoor rugs,https://www.ikea.com/nl/en/cat/outdoor-rugs-34204/,https://www.ikea.com/nl/en/p/lydersholm-rug-flatwoven-in-outdoor-medium-brown-20495415/
Outdoor rugs,https://www.ikea.com/nl/en/cat/outdoor-rugs-34204/,https://www.ikea.com/nl/en/p/fullmakt-rug-flatwoven-in-outdoor-beige-melange-30573120/
Outdoor rugs,https://www.ikea.com/nl/en/cat/outdoor-rugs-34204/,https://www.ikea.com/nl/en/p/fullmakt-rug-flatwoven-in-outdoor-beige-melange-10573116/
Outdoor rugs,https://www.ikea.com/nl/en/cat/outdoor-rugs-34204/,https://www.ikea.com/nl/en/p/fullmakt-rug-flatwoven-in-outdoor-beige-melange-80573108/
Outdoor flooring,https://www.ikea.com/nl/en/cat/outdoor-flooring-21957/,https://www.ikea.com/nl/en/p/runnen-floor-decking-outdoor-acacia-60518486/
Outdoor flooring,https://www.ikea.com/nl/en/cat/outdoor-flooring-21957/,https://www.ikea.com/nl/en/p/altappen-floor-decking-outdoor-light-grey-90420898/
Outdoor flooring,https://www.ikea.com/nl/en/cat/outdoor-flooring-21957/,https://www.ikea.com/nl/en/p/runnen-edging-strip-outdoor-floor-decking-dark-grey-50494141/
Outdoor flooring,https://www.ikea.com/nl/en/cat/outdoor-flooring-21957/,https://www.ikea.com/nl/en/p/runnen-corner-strip-outdoor-floor-decking-dark-grey-10494138/
Appliances,https://www.ikea.com/nl/en/cat/appliances-ka002/,https://www.ikea.com/nl/en/p/lagan-integrated-dishwasher-30627364/
Appliances,https://www.ikea.com/nl/en/cat/appliances-ka002/,https://www.ikea.com/nl/en/p/lagan-oven-white-90547963/
Appliances,https://www.ikea.com/nl/en/cat/appliances-ka002/,https://www.ikea.com/nl/en/p/fordelaktig-induction-hob-integrated-extractor-ikea-700-black-50449403/
Appliances,https://www.ikea.com/nl/en/cat/appliances-ka002/,https://www.ikea.com/nl/en/p/spjutbo-true-fan-oven-combi-steam-function-air-fry-function-black-ikea-700-80600277/
Appliances,https://www.ikea.com/nl/en/cat/appliances-ka002/,https://www.ikea.com/nl/en/p/spjutbo-true-fan-oven-w-microwave-func-air-fry-function-grill-function-black-ikea-700-40600279/
Appliances,https://www.ikea.com/nl/en/cat/appliances-ka002/,https://www.ikea.com/nl/en/p/overnas-fridge-freezer-ikea-700-integrated-00573046/
Appliances,https://www.ikea.com/nl/en/cat/appliances-ka002/,https://www.ikea.com/nl/en/p/spjutbo-fan-oven-grill-function-black-ikea-300-80600244/
Appliances,https://www.ikea.com/nl/en/cat/appliances-ka002/,https://www.ikea.com/nl/en/p/spelnas-wine-cooler-ikea-500-60584631/
Appliances,https://www.ikea.com/nl/en/cat/appliances-ka002/,https://www.ikea.com/nl/en/p/vilsta-induction-hob-ikea-300-black-90557725/
Appliances,https://www.ikea.com/nl/en/cat/appliances-ka002/,https://www.ikea.com/nl/en/p/matmassig-induction-hob-ikea-300-black-10467093/
Appliances,https://www.ikea.com/nl/en/cat/appliances-ka002/,https://www.ikea.com/nl/en/p/gatebo-microwave-oven-air-fry-function-ikea-500-black-00597655/
Appliances,https://www.ikea.com/nl/en/cat/appliances-ka002/,https://www.ikea.com/nl/en/p/lagan-fridge-freezer-freestanding-white-50619457/
Appliances,https://www.ikea.com/nl/en/cat/appliances-ka002/,https://www.ikea.com/nl/en/p/skogsnas-fridge-freezer-ikea-700-integrated-10572876/
Appliances,https://www.ikea.com/nl/en/cat/appliances-ka002/,https://www.ikea.com/nl/en/p/torsboda-integrated-dishwasher-ikea-700-40548088/
Appliances,https://www.ikea.com/nl/en/cat/appliances-ka002/,https://www.ikea.com/nl/en/p/stenaby-fan-oven-grill-function-stainless-steel-colour-ikea-300-00600281/
Appliances,https://www.ikea.com/nl/en/cat/appliances-ka002/,https://www.ikea.com/nl/en/p/spjutbo-built-in-microwave-ikea-300-black-60606826/
Appliances,https://www.ikea.com/nl/en/cat/appliances-ka002/,https://www.ikea.com/nl/en/p/frillesbo-true-fan-oven-w-microwave-func-air-fry-function-grill-function-stainless-steel-colour-ikea-700-70600249/
Appliances,https://www.ikea.com/nl/en/cat/appliances-ka002/,https://www.ikea.com/nl/en/p/stackbo-wall-mounted-extractor-hood-ikea-300-black-70602371/
Appliances,https://www.ikea.com/nl/en/cat/appliances-ka002/,https://www.ikea.com/nl/en/p/frillesbo-true-fan-oven-added-steam-function-bake-function-black-ikea-500-50621709/
Appliances,https://www.ikea.com/nl/en/cat/appliances-ka002/,https://www.ikea.com/nl/en/p/lagan-fridge-freezer-freestanding-white-00571293/
Appliances,https://www.ikea.com/nl/en/cat/appliances-ka002/,https://www.ikea.com/nl/en/p/stenaby-fan-oven-grill-function-black-ikea-300-40600062/
Appliances,https://www.ikea.com/nl/en/cat/appliances-ka002/,https://www.ikea.com/nl/en/p/stenaby-true-fan-oven-air-fry-function-pyrolytic-black-ikea-700-80600220/
Appliances,https://www.ikea.com/nl/en/cat/appliances-ka002/,https://www.ikea.com/nl/en/p/stenaby-true-fan-oven-added-steam-function-bake-function-stainless-steel-colour-ikea-500-00622136/
Appliances,https://www.ikea.com/nl/en/cat/appliances-ka002/,https://www.ikea.com/nl/en/p/frillesbo-true-fan-oven-air-fry-function-pyrolytic-stainless-steel-colour-ikea-700-90600286/
Kitchen doors & drawer fronts,https://www.ikea.com/nl/en/cat/kitchen-doors-drawer-fronts-700293/,https://www.ikea.com/nl/en/p/havstorp-door-beige-90475273/
Kitchen doors & drawer fronts,https://www.ikea.com/nl/en/cat/kitchen-doors-drawer-fronts-700293/,https://www.ikea.com/nl/en/p/veddinge-door-white-20205430/
Kitchen doors & drawer fronts,https://www.ikea.com/nl/en/cat/kitchen-doors-drawer-fronts-700293/,https://www.ikea.com/nl/en/p/metod-1-front-for-dishwasher-havstorp-beige-s69530097/
Kitchen doors & drawer fronts,https://www.ikea.com/nl/en/cat/kitchen-doors-drawer-fronts-700293/,https://www.ikea.com/nl/en/p/sinarp-door-brown-00404162/
Kitchen doors & drawer fronts,https://www.ikea.com/nl/en/cat/kitchen-doors-drawer-fronts-700293/,https://www.ikea.com/nl/en/p/lerhyttan-door-black-stained-30356065/
Kitchen doors & drawer fronts,https://www.ikea.com/nl/en/cat/kitchen-doors-drawer-fronts-700293/,https://www.ikea.com/nl/en/p/vallstena-door-white-80541693/
Kitchen doors & drawer fronts,https://www.ikea.com/nl/en/cat/kitchen-doors-drawer-fronts-700293/,https://www.ikea.com/nl/en/p/voxtorp-drawer-front-high-gloss-white-80397501/
Kitchen doors & drawer fronts,https://www.ikea.com/nl/en/cat/kitchen-doors-drawer-fronts-700293/,https://www.ikea.com/nl/en/p/enkoping-drawer-front-white-wood-effect-50505781/
Kitchen doors & drawer fronts,https://www.ikea.com/nl/en/cat/kitchen-doors-drawer-fronts-700293/,https://www.ikea.com/nl/en/p/varsta-front-for-dishwasher-stainless-steel-40459807/
Kitchen doors & drawer fronts,https://www.ikea.com/nl/en/cat/kitchen-doors-drawer-fronts-700293/,https://www.ikea.com/nl/en/p/nickebo-door-matt-anthracite-40537725/
Kitchen doors & drawer fronts,https://www.ikea.com/nl/en/cat/kitchen-doors-drawer-fronts-700293/,https://www.ikea.com/nl/en/p/forsbacka-door-oak-70565241/
Kitchen doors & drawer fronts,https://www.ikea.com/nl/en/cat/kitchen-doors-drawer-fronts-700293/,https://www.ikea.com/nl/en/p/frojered-drawer-front-light-bamboo-40441662/
Kitchen doors & drawer fronts,https://www.ikea.com/nl/en/cat/kitchen-doors-drawer-fronts-700293/,https://www.ikea.com/nl/en/p/enkoping-door-white-wood-effect-00505774/
Kitchen doors & drawer fronts,https://www.ikea.com/nl/en/cat/kitchen-doors-drawer-fronts-700293/,https://www.ikea.com/nl/en/p/axstad-door-grey-green-30563965/
Kitchen doors & drawer fronts,https://www.ikea.com/nl/en/cat/kitchen-doors-drawer-fronts-700293/,https://www.ikea.com/nl/en/p/stensund-door-light-green-30524002/
Kitchen doors & drawer fronts,https://www.ikea.com/nl/en/cat/kitchen-doors-drawer-fronts-700293/,https://www.ikea.com/nl/en/p/havstorp-drawer-front-beige-40475280/
Kitchen doors & drawer fronts,https://www.ikea.com/nl/en/cat/kitchen-doors-drawer-fronts-700293/,https://www.ikea.com/nl/en/p/aspudden-door-dark-grey-green-80595370/
Kitchen doors & drawer fronts,https://www.ikea.com/nl/en/cat/kitchen-doors-drawer-fronts-700293/,https://www.ikea.com/nl/en/p/terrsjo-door-red-brown-wave-pattern-90605383/
Kitchen doors & drawer fronts,https://www.ikea.com/nl/en/cat/kitchen-doors-drawer-fronts-700293/,https://www.ikea.com/nl/en/p/upplov-door-matt-dark-beige-00470487/
Kitchen doors & drawer fronts,https://www.ikea.com/nl/en/cat/kitchen-doors-drawer-fronts-700293/,https://www.ikea.com/nl/en/p/bodbyn-door-off-white-50205481/
Kitchen doors & drawer fronts,https://www.ikea.com/nl/en/cat/kitchen-doors-drawer-fronts-700293/,https://www.ikea.com/nl/en/p/vallstena-drawer-front-white-10541700/
Kitchen doors & drawer fronts,https://www.ikea.com/nl/en/cat/kitchen-doors-drawer-fronts-700293/,https://www.ikea.com/nl/en/p/voxtorp-door-matt-white-40273183/
Kitchen doors & drawer fronts,https://www.ikea.com/nl/en/cat/kitchen-doors-drawer-fronts-700293/,https://www.ikea.com/nl/en/p/nickebo-drawer-front-matt-anthracite-00537732/
Kitchen doors & drawer fronts,https://www.ikea.com/nl/en/cat/kitchen-doors-drawer-fronts-700293/,https://www.ikea.com/nl/en/p/stensta-drawer-front-dark-brown-ash-veneer-80560912/
Kitchen cabinets,https://www.ikea.com/nl/en/cat/kitchen-cabinets-700292/,https://www.ikea.com/nl/en/p/metod-base-cabinet-white-50205626/
Kitchen cabinets,https://www.ikea.com/nl/en/cat/kitchen-cabinets-700292/,https://www.ikea.com/nl/en/p/knoxhult-base-cabinet-with-doors-and-drawer-white-30326790/
Kitchen cabinets,https://www.ikea.com/nl/en/cat/kitchen-cabinets-700292/,https://www.ikea.com/nl/en/p/knoxhult-base-cabinet-with-drawers-white-90326787/
Kitchen cabinets,https://www.ikea.com/nl/en/cat/kitchen-cabinets-700292/,https://www.ikea.com/nl/en/p/metod-wall-cabinet-white-30205528/
Kitchen cabinets,https://www.ikea.com/nl/en/cat/kitchen-cabinets-700292/,https://www.ikea.com/nl/en/p/knoxhult-base-cabinet-with-doors-and-drawer-white-70326788/
Kitchen cabinets,https://www.ikea.com/nl/en/cat/kitchen-cabinets-700292/,https://www.ikea.com/nl/en/p/metod-base-cabinet-with-shelves-white-havstorp-beige-s89469862/
Kitchen cabinets,https://www.ikea.com/nl/en/cat/kitchen-cabinets-700292/,https://www.ikea.com/nl/en/p/metod-wall-cabinet-horizontal-white-vallstena-white-s39507277/
Kitchen cabinets,https://www.ikea.com/nl/en/cat/kitchen-cabinets-700292/,https://www.ikea.com/nl/en/p/knoxhult-base-cabinet-with-door-and-niche-white-60604078/
Kitchen cabinets,https://www.ikea.com/nl/en/cat/kitchen-cabinets-700292/,https://www.ikea.com/nl/en/p/metod-corner-base-cabinet-white-40596753/
Kitchen cabinets,https://www.ikea.com/nl/en/cat/kitchen-cabinets-700292/,https://www.ikea.com/nl/en/p/metod-high-cab-f-fridge-freezer-w-2-doors-white-vallstena-white-s59507356/
Kitchen cabinets,https://www.ikea.com/nl/en/cat/kitchen-cabinets-700292/,https://www.ikea.com/nl/en/p/knoxhult-wall-cabinet-with-door-white-50326789/
Kitchen cabinets,https://www.ikea.com/nl/en/cat/kitchen-cabinets-700292/,https://www.ikea.com/nl/en/p/metod-high-cabinet-with-shelves-white-vallstena-white-s69507308/
Kitchen cabinets,https://www.ikea.com/nl/en/cat/kitchen-cabinets-700292/,https://www.ikea.com/nl/en/p/metod-base-cabinet-for-sink-white-havstorp-beige-s49455131/
Kitchen cabinets,https://www.ikea.com/nl/en/cat/kitchen-cabinets-700292/,https://www.ikea.com/nl/en/p/enhet-wall-frame-with-shelves-anthracite-00448972/
Kitchen cabinets,https://www.ikea.com/nl/en/cat/kitchen-cabinets-700292/,https://www.ikea.com/nl/en/p/metod-base-cb-f-built-in-appliances-sink-white-70213569/
Kitchen cabinets,https://www.ikea.com/nl/en/cat/kitchen-cabinets-700292/,https://www.ikea.com/nl/en/p/metod-high-cab-f-micro-w-2-doors-shelves-white-vallstena-white-s99507378/
Kitchen cabinets,https://www.ikea.com/nl/en/cat/kitchen-cabinets-700292/,https://www.ikea.com/nl/en/p/metod-knivshult-base-cabinet-with-drawer-door-black-grey-nickebo-matt-anthracite-s29589396/
Kitchen cabinets,https://www.ikea.com/nl/en/cat/kitchen-cabinets-700292/,https://www.ikea.com/nl/en/p/metod-maximera-base-cab-f-sink-3-fronts-2-drawers-white-havstorp-beige-s89426636/
Kitchen cabinets,https://www.ikea.com/nl/en/cat/kitchen-cabinets-700292/,https://www.ikea.com/nl/en/p/metod-high-cabinet-f-built-in-appliances-white-90213568/
Kitchen cabinets,https://www.ikea.com/nl/en/cat/kitchen-cabinets-700292/,https://www.ikea.com/nl/en/p/knoxhult-corner-base-cabinet-white-00486129/
Kitchen cabinets,https://www.ikea.com/nl/en/cat/kitchen-cabinets-700292/,https://www.ikea.com/nl/en/p/metod-maximera-base-cabinet-pull-out-int-fittings-white-vallstena-white-s49506828/
Kitchen cabinets,https://www.ikea.com/nl/en/cat/kitchen-cabinets-700292/,https://www.ikea.com/nl/en/p/metod-maximera-base-cabinet-with-3-drawers-white-aspudden-dark-grey-green-s49604193/
Kitchen cabinets,https://www.ikea.com/nl/en/cat/kitchen-cabinets-700292/,https://www.ikea.com/nl/en/p/metod-top-cabinet-with-ventilation-white-40205537/
Kitchen cabinets,https://www.ikea.com/nl/en/cat/kitchen-cabinets-700292/,https://www.ikea.com/nl/en/p/metod-base-cabinet-with-shelves-2-doors-white-havstorp-beige-s79459057/
Kitchen systems & Complete kitchens,https://www.ikea.com/nl/en/cat/complete-kitchen-systems-ka003/,https://www.ikea.com/nl/en/p/metod-base-cabinet-white-50205626/
Kitchen systems & Complete kitchens,https://www.ikea.com/nl/en/cat/complete-kitchen-systems-ka003/,https://www.ikea.com/nl/en/p/metod-maximera-base-cabinet-pull-out-int-fittings-white-vallstena-white-s69506827/
Kitchen systems & Complete kitchens,https://www.ikea.com/nl/en/cat/complete-kitchen-systems-ka003/,https://www.ikea.com/nl/en/p/knoxhult-base-cabinet-with-doors-and-drawer-white-30326790/
Kitchen systems & Complete kitchens,https://www.ikea.com/nl/en/cat/complete-kitchen-systems-ka003/,https://www.ikea.com/nl/en/p/knoxhult-wall-cabinet-with-doors-white-90326792/
Kitchen systems & Complete kitchens,https://www.ikea.com/nl/en/cat/complete-kitchen-systems-ka003/,https://www.ikea.com/nl/en/p/metod-high-cabinet-with-shelves-white-vallstena-white-s69507308/
Kitchen systems & Complete kitchens,https://www.ikea.com/nl/en/cat/complete-kitchen-systems-ka003/,https://www.ikea.com/nl/en/p/knoxhult-base-cabinet-with-doors-and-drawer-white-70326788/
Kitchen systems & Complete kitchens,https://www.ikea.com/nl/en/cat/complete-kitchen-systems-ka003/,https://www.ikea.com/nl/en/p/metod-maximera-base-cab-f-sink-3-fronts-2-drawers-white-lerhyttan-blue-s09600489/
Kitchen systems & Complete kitchens,https://www.ikea.com/nl/en/cat/complete-kitchen-systems-ka003/,https://www.ikea.com/nl/en/p/metod-kitchen-white-veddinge-white-s09613948/
Kitchen systems & Complete kitchens,https://www.ikea.com/nl/en/cat/complete-kitchen-systems-ka003/,https://www.ikea.com/nl/en/p/knoxhult-corner-kitchen-white-s09581419/
Kitchen systems & Complete kitchens,https://www.ikea.com/nl/en/cat/complete-kitchen-systems-ka003/,https://www.ikea.com/nl/en/p/metod-high-cabinet-f-built-in-appliances-white-vallstena-white-s89507388/
Kitchen systems & Complete kitchens,https://www.ikea.com/nl/en/cat/complete-kitchen-systems-ka003/,https://www.ikea.com/nl/en/p/metod-base-cabinet-with-shelves-white-aspudden-dark-grey-green-s09605750/
Kitchen systems & Complete kitchens,https://www.ikea.com/nl/en/cat/complete-kitchen-systems-ka003/,https://www.ikea.com/nl/en/p/knoxhult-high-cabinet-with-doors-white-s19581409/
Kitchen systems & Complete kitchens,https://www.ikea.com/nl/en/cat/complete-kitchen-systems-ka003/,https://www.ikea.com/nl/en/p/knoxhult-kitchen-white-s89614939/
Kitchen systems & Complete kitchens,https://www.ikea.com/nl/en/cat/complete-kitchen-systems-ka003/,https://www.ikea.com/nl/en/p/knoxhult-kitchen-white-s39581432/
Kitchen systems & Complete kitchens,https://www.ikea.com/nl/en/cat/complete-kitchen-systems-ka003/,https://www.ikea.com/nl/en/p/enhet-base-cb-w-3-drawers-white-20440418/
Kitchen systems & Complete kitchens,https://www.ikea.com/nl/en/cat/complete-kitchen-systems-ka003/,https://www.ikea.com/nl/en/p/metod-maximera-base-cabinet-with-3-drawers-white-vallstena-white-s19506882/
Kitchen systems & Complete kitchens,https://www.ikea.com/nl/en/cat/complete-kitchen-systems-ka003/,https://www.ikea.com/nl/en/p/metod-wall-cabinet-with-shelves-2-doors-white-havstorp-beige-s79470012/
Kitchen systems & Complete kitchens,https://www.ikea.com/nl/en/cat/complete-kitchen-systems-ka003/,https://www.ikea.com/nl/en/p/metod-base-cabinet-for-sink-white-havstorp-beige-s49455131/
Kitchen systems & Complete kitchens,https://www.ikea.com/nl/en/cat/complete-kitchen-systems-ka003/,https://www.ikea.com/nl/en/p/metod-kitchen-white-veddinge-white-s89613954/
Kitchen systems & Complete kitchens,https://www.ikea.com/nl/en/cat/complete-kitchen-systems-ka003/,https://www.ikea.com/nl/en/p/metod-wall-cabinet-horizontal-white-vallstena-white-s79507275/
Kitchen systems & Complete kitchens,https://www.ikea.com/nl/en/cat/complete-kitchen-systems-ka003/,https://www.ikea.com/nl/en/p/metod-high-cabinet-with-pull-out-larder-white-axstad-matt-white-s49471937/
Kitchen systems & Complete kitchens,https://www.ikea.com/nl/en/cat/complete-kitchen-systems-ka003/,https://www.ikea.com/nl/en/p/enhet-high-cabinet-for-fridge-freezer-white-30514197/
Kitchen systems & Complete kitchens,https://www.ikea.com/nl/en/cat/complete-kitchen-systems-ka003/,https://www.ikea.com/nl/en/p/skogsnas-fridge-freezer-ikea-700-integrated-10572876/
Kitchen systems & Complete kitchens,https://www.ikea.com/nl/en/cat/complete-kitchen-systems-ka003/,https://www.ikea.com/nl/en/p/metod-wall-cabinet-with-shelves-2-doors-white-askersund-light-ash-effect-s59467261/
Kitchen storage & organisation,https://www.ikea.com/nl/en/cat/kitchen-storage-organisation-24255/,https://www.ikea.com/nl/en/p/variera-pot-lid-organiser-stainless-steel-70154800/
Kitchen storage & organisation,https://www.ikea.com/nl/en/cat/kitchen-storage-organisation-24255/,https://www.ikea.com/nl/en/p/uppdatera-pegboard-drawer-organiser-anthracite-00460011/
Kitchen storage & organisation,https://www.ikea.com/nl/en/cat/kitchen-storage-organisation-24255/,https://www.ikea.com/nl/en/p/uppdatera-box-white-40546471/
Kitchen storage & organisation,https://www.ikea.com/nl/en/cat/kitchen-storage-organisation-24255/,https://www.ikea.com/nl/en/p/uppdatera-cutlery-tray-light-bamboo-70433104/
Kitchen storage & organisation,https://www.ikea.com/nl/en/cat/kitchen-storage-organisation-24255/,https://www.ikea.com/nl/en/p/variera-shelf-insert-white-60136623/
Kitchen storage & organisation,https://www.ikea.com/nl/en/cat/kitchen-storage-organisation-24255/,https://www.ikea.com/nl/en/p/palycke-clip-on-multi-purpose-rack-90534437/
Kitchen storage & organisation,https://www.ikea.com/nl/en/cat/kitchen-storage-organisation-24255/,https://www.ikea.com/nl/en/p/uppdatera-box-with-slider-anthracite-s89590716/
Kitchen storage & organisation,https://www.ikea.com/nl/en/cat/kitchen-storage-organisation-24255/,https://www.ikea.com/nl/en/p/hallbar-waste-sorting-solution-with-pull-out-light-grey-s79308803/
Kitchen storage & organisation,https://www.ikea.com/nl/en/cat/kitchen-storage-organisation-24255/,https://www.ikea.com/nl/en/p/uppdatera-spice-rack-white-50600575/
Kitchen storage & organisation,https://www.ikea.com/nl/en/cat/kitchen-storage-organisation-24255/,https://www.ikea.com/nl/en/p/palycke-clip-on-basket-00534432/
Kitchen storage & organisation,https://www.ikea.com/nl/en/cat/kitchen-storage-organisation-24255/,https://www.ikea.com/nl/en/p/variera-drawer-mat-transparent-80012853/
Kitchen storage & organisation,https://www.ikea.com/nl/en/cat/kitchen-storage-organisation-24255/,https://www.ikea.com/nl/en/p/uppdatera-divider-for-drawer-40459992/
Kitchen storage & organisation,https://www.ikea.com/nl/en/cat/kitchen-storage-organisation-24255/,https://www.ikea.com/nl/en/p/uppdatera-box-white-20546467/
Kitchen storage & organisation,https://www.ikea.com/nl/en/cat/kitchen-storage-organisation-24255/,https://www.ikea.com/nl/en/p/variera-plastic-bag-dispenser-white-80010222/
Kitchen storage & organisation,https://www.ikea.com/nl/en/cat/kitchen-storage-organisation-24255/,https://www.ikea.com/nl/en/p/uppdatera-slider-for-box-size-50x12-anthracite-40580506/
Kitchen storage & organisation,https://www.ikea.com/nl/en/cat/kitchen-storage-organisation-24255/,https://www.ikea.com/nl/en/p/uppdatera-adjustable-organiser-for-drawer-grey-50544184/
Kitchen storage & organisation,https://www.ikea.com/nl/en/cat/kitchen-storage-organisation-24255/,https://www.ikea.com/nl/en/p/palycke-clip-on-hook-rack-80541155/
Kitchen storage & organisation,https://www.ikea.com/nl/en/cat/kitchen-storage-organisation-24255/,https://www.ikea.com/nl/en/p/variera-shelf-insert-white-80542961/
Kitchen storage & organisation,https://www.ikea.com/nl/en/cat/kitchen-storage-organisation-24255/,https://www.ikea.com/nl/en/p/uppdatera-drawer-mat-grey-40551052/
Kitchen storage & organisation,https://www.ikea.com/nl/en/cat/kitchen-storage-organisation-24255/,https://www.ikea.com/nl/en/p/palycke-clip-on-basket-anthracite-60605129/
Kitchen storage & organisation,https://www.ikea.com/nl/en/cat/kitchen-storage-organisation-24255/,https://www.ikea.com/nl/en/p/variera-cutlery-tray-adjustable-10613810/
Kitchen storage & organisation,https://www.ikea.com/nl/en/cat/kitchen-storage-organisation-24255/,https://www.ikea.com/nl/en/p/utrusta-cleaning-interior-10580824/
Kitchen storage & organisation,https://www.ikea.com/nl/en/cat/kitchen-storage-organisation-24255/,https://www.ikea.com/nl/en/p/variera-shelf-insert-white-40542958/
Kitchen storage & organisation,https://www.ikea.com/nl/en/cat/kitchen-storage-organisation-24255/,https://www.ikea.com/nl/en/p/uppdatera-cutlery-caddy-anthracite-40433105/
Kitchen wall storage,https://www.ikea.com/nl/en/cat/kitchen-wall-storage-20676/,https://www.ikea.com/nl/en/p/bekvam-spice-rack-aspen-20487175/
Kitchen wall storage,https://www.ikea.com/nl/en/cat/kitchen-wall-storage-20676/,https://www.ikea.com/nl/en/p/hultarp-rail-black-20448773/
Kitchen wall storage,https://www.ikea.com/nl/en/cat/kitchen-wall-storage-20676/,https://www.ikea.com/nl/en/p/palycke-clip-on-multi-purpose-rack-90534437/
Kitchen wall storage,https://www.ikea.com/nl/en/cat/kitchen-wall-storage-20676/,https://www.ikea.com/nl/en/p/kungsfors-magnetic-knife-rack-stainless-steel-40334921/
Kitchen wall storage,https://www.ikea.com/nl/en/cat/kitchen-wall-storage-20676/,https://www.ikea.com/nl/en/p/palycke-clip-on-basket-00534432/
Kitchen wall storage,https://www.ikea.com/nl/en/cat/kitchen-wall-storage-20676/,https://www.ikea.com/nl/en/p/kungsfors-rail-stainless-steel-40334916/
Kitchen wall storage,https://www.ikea.com/nl/en/cat/kitchen-wall-storage-20676/,https://www.ikea.com/nl/en/p/kungsfors-s-hook-stainless-steel-20334922/
Kitchen wall storage,https://www.ikea.com/nl/en/cat/kitchen-wall-storage-20676/,https://www.ikea.com/nl/en/p/tisken-basket-with-suction-cup-white-40381253/
Kitchen wall storage,https://www.ikea.com/nl/en/cat/kitchen-wall-storage-20676/,https://www.ikea.com/nl/en/p/obonas-container-with-suction-cup-grey-beige-90606090/
Kitchen wall storage,https://www.ikea.com/nl/en/cat/kitchen-wall-storage-20676/,https://www.ikea.com/nl/en/p/kungsfors-rail-with-5-hooks-and-1-container-stainless-steel-s89308157/
Kitchen wall storage,https://www.ikea.com/nl/en/cat/kitchen-wall-storage-20676/,https://www.ikea.com/nl/en/p/palycke-clip-on-basket-80534433/
Kitchen wall storage,https://www.ikea.com/nl/en/cat/kitchen-wall-storage-20676/,https://www.ikea.com/nl/en/p/palycke-clip-on-hook-rack-80541155/
Kitchen wall storage,https://www.ikea.com/nl/en/cat/kitchen-wall-storage-20676/,https://www.ikea.com/nl/en/p/kungsfors-wall-grid-stainless-steel-80334919/
Kitchen wall storage,https://www.ikea.com/nl/en/cat/kitchen-wall-storage-20676/,https://www.ikea.com/nl/en/p/hultarp-magnetic-knife-rack-black-80444442/
Kitchen wall storage,https://www.ikea.com/nl/en/cat/kitchen-wall-storage-20676/,https://www.ikea.com/nl/en/p/hultarp-hook-black-10444445/
Kitchen wall storage,https://www.ikea.com/nl/en/cat/kitchen-wall-storage-20676/,https://www.ikea.com/nl/en/p/hultarp-container-black-mesh-20448834/
Kitchen wall storage,https://www.ikea.com/nl/en/cat/kitchen-wall-storage-20676/,https://www.ikea.com/nl/en/p/kungsfors-net-bag-set-of-2-natural-20372834/
Kitchen wall storage,https://www.ikea.com/nl/en/cat/kitchen-wall-storage-20676/,https://www.ikea.com/nl/en/p/hultarp-kitchen-roll-holder-black-60444438/
Kitchen wall storage,https://www.ikea.com/nl/en/cat/kitchen-wall-storage-20676/,https://www.ikea.com/nl/en/p/sunnersta-container-white-50303735/
Kitchen wall storage,https://www.ikea.com/nl/en/cat/kitchen-wall-storage-20676/,https://www.ikea.com/nl/en/p/kungsfors-suspension-rail-with-shelf-wll-grid-stainless-steel-s19254332/
Kitchen wall storage,https://www.ikea.com/nl/en/cat/kitchen-wall-storage-20676/,https://www.ikea.com/nl/en/p/tittebo-tambour-storage-f-small-appliances-black-20550275/
Kitchen wall storage,https://www.ikea.com/nl/en/cat/kitchen-wall-storage-20676/,https://www.ikea.com/nl/en/p/klavrestrom-wall-shelf-oak-30601689/
Kitchen wall storage,https://www.ikea.com/nl/en/cat/kitchen-wall-storage-20676/,https://www.ikea.com/nl/en/p/nereby-rail-birch-90476343/
Kitchen wall storage,https://www.ikea.com/nl/en/cat/kitchen-wall-storage-20676/,https://www.ikea.com/nl/en/p/kungsfors-rail-with-5-hooks-and-1-container-stainless-steel-s79308172/
Kitchen worktops,https://www.ikea.com/nl/en/cat/kitchen-worktops-24264/,https://www.ikea.com/nl/en/p/saljan-worktop-oak-effect-laminate-80439209/
Kitchen worktops,https://www.ikea.com/nl/en/cat/kitchen-worktops-24264/,https://www.ikea.com/nl/en/p/ekbacken-worktop-grey-beige-stone-effect-laminate-80604317/
Kitchen worktops,https://www.ikea.com/nl/en/cat/kitchen-worktops-24264/,https://www.ikea.com/nl/en/p/jarstorp-worktop-white-laminate-10589650/
Kitchen worktops,https://www.ikea.com/nl/en/cat/kitchen-worktops-24264/,https://www.ikea.com/nl/en/p/saljan-worktop-white-light-grey-stone-effect-laminate-80556873/
Kitchen worktops,https://www.ikea.com/nl/en/cat/kitchen-worktops-24264/,https://www.ikea.com/nl/en/p/ekbacken-worktop-white-marble-effect-laminate-60609033/
Kitchen worktops,https://www.ikea.com/nl/en/cat/kitchen-worktops-24264/,https://www.ikea.com/nl/en/p/ekbacken-worktop-brown-walnut-effect-laminate-90442980/
Kitchen worktops,https://www.ikea.com/nl/en/cat/kitchen-worktops-24264/,https://www.ikea.com/nl/en/p/jarstorp-worktop-grey-laminate-80596628/
Kitchen worktops,https://www.ikea.com/nl/en/cat/kitchen-worktops-24264/,https://www.ikea.com/nl/en/p/ekbacken-worktop-black-laminate-10589674/
Kitchen worktops,https://www.ikea.com/nl/en/cat/kitchen-worktops-24264/,https://www.ikea.com/nl/en/p/ekbacken-worktop-ash-effect-laminate-50337617/
Kitchen worktops,https://www.ikea.com/nl/en/cat/kitchen-worktops-24264/,https://www.ikea.com/nl/en/p/saljan-worktop-dark-grey-stone-effect-laminate-30604334/
Kitchen worktops,https://www.ikea.com/nl/en/cat/kitchen-worktops-24264/,https://www.ikea.com/nl/en/p/ekbacken-worktop-white-lively-marble-effect-laminate-10570349/
Kitchen worktops,https://www.ikea.com/nl/en/cat/kitchen-worktops-24264/,https://www.ikea.com/nl/en/p/karlby-worktop-oak-veneer-60335199/
Kitchen worktops,https://www.ikea.com/nl/en/cat/kitchen-worktops-24264/,https://www.ikea.com/nl/en/p/ekbacken-worktop-light-grey-concrete-effect-laminate-40616275/
Kitchen worktops,https://www.ikea.com/nl/en/cat/kitchen-worktops-24264/,https://www.ikea.com/nl/en/p/jarstorp-worktop-green-laminate-60596629/
Kitchen worktops,https://www.ikea.com/nl/en/cat/kitchen-worktops-24264/,https://www.ikea.com/nl/en/p/ekbacken-worktop-grey-terrazzo-effect-laminate-80609013/
Kitchen worktops,https://www.ikea.com/nl/en/cat/kitchen-worktops-24264/,https://www.ikea.com/nl/en/p/ekbacken-worktop-terracotta-effect-laminate-10609064/
Kitchen worktops,https://www.ikea.com/nl/en/cat/kitchen-worktops-24264/,https://www.ikea.com/nl/en/p/utby-leg-stainless-steel-20117551/
Kitchen worktops,https://www.ikea.com/nl/en/cat/kitchen-worktops-24264/,https://www.ikea.com/nl/en/p/karlby-worktop-walnut-veneer-30335191/
Kitchen worktops,https://www.ikea.com/nl/en/cat/kitchen-worktops-24264/,https://www.ikea.com/nl/en/p/barkaboda-worktop-walnut-veneer-90331468/
Kitchen worktops,https://www.ikea.com/nl/en/cat/kitchen-worktops-24264/,https://www.ikea.com/nl/en/p/mockleryd-worktop-white-laminate-60582180/
Kitchen worktops,https://www.ikea.com/nl/en/cat/kitchen-worktops-24264/,https://www.ikea.com/nl/en/p/mollekulla-worktop-oak-veneer-50299248/
Kitchen worktops,https://www.ikea.com/nl/en/cat/kitchen-worktops-24264/,https://www.ikea.com/nl/en/p/pinnarp-worktop-ash-veneer-00372298/
Kitchen worktops,https://www.ikea.com/nl/en/cat/kitchen-worktops-24264/,https://www.ikea.com/nl/en/p/holmared-worktop-bamboo-veneer-70557383/
Kitchen worktops,https://www.ikea.com/nl/en/cat/kitchen-worktops-24264/,https://www.ikea.com/nl/en/p/skogsa-worktop-oak-veneer-80382986/
Kitchen islands & trolleys,https://www.ikea.com/nl/en/cat/kitchen-islands-trolleys-10471/,https://www.ikea.com/nl/en/p/raskog-trolley-black-40582181/
Kitchen islands & trolleys,https://www.ikea.com/nl/en/cat/kitchen-islands-trolleys-10471/,https://www.ikea.com/nl/en/p/tornviken-kitchen-island-off-white-oak-40391657/
Kitchen islands & trolleys,https://www.ikea.com/nl/en/cat/kitchen-islands-trolleys-10471/,https://www.ikea.com/nl/en/p/vesken-trolley-white-00471222/
Kitchen islands & trolleys,https://www.ikea.com/nl/en/cat/kitchen-islands-trolleys-10471/,https://www.ikea.com/nl/en/p/vadholma-kitchen-island-black-oak-20359154/
Kitchen islands & trolleys,https://www.ikea.com/nl/en/cat/kitchen-islands-trolleys-10471/,https://www.ikea.com/nl/en/p/nissafors-trolley-black-20399777/
Kitchen islands & trolleys,https://www.ikea.com/nl/en/cat/kitchen-islands-trolleys-10471/,https://www.ikea.com/nl/en/p/rimforsa-work-bench-stainless-steel-bamboo-90399284/
Kitchen islands & trolleys,https://www.ikea.com/nl/en/cat/kitchen-islands-trolleys-10471/,https://www.ikea.com/nl/en/p/raskog-trolley-white-00586789/
Kitchen islands & trolleys,https://www.ikea.com/nl/en/cat/kitchen-islands-trolleys-10471/,https://www.ikea.com/nl/en/p/bekvam-kitchen-trolley-birch-30240348/
Kitchen islands & trolleys,https://www.ikea.com/nl/en/cat/kitchen-islands-trolleys-10471/,https://www.ikea.com/nl/en/p/bror-trolley-black-pine-plywood-60333850/
Kitchen islands & trolleys,https://www.ikea.com/nl/en/cat/kitchen-islands-trolleys-10471/,https://www.ikea.com/nl/en/p/forhoja-kitchen-trolley-birch-80035920/
Kitchen islands & trolleys,https://www.ikea.com/nl/en/cat/kitchen-islands-trolleys-10471/,https://www.ikea.com/nl/en/p/nissafors-trolley-black-10602982/
Kitchen islands & trolleys,https://www.ikea.com/nl/en/cat/kitchen-islands-trolleys-10471/,https://www.ikea.com/nl/en/p/hornavan-trolley-white-70243873/
Kitchen islands & trolleys,https://www.ikea.com/nl/en/cat/kitchen-islands-trolleys-10471/,https://www.ikea.com/nl/en/p/vadholma-kitchen-island-with-rack-black-oak-s59276228/
Kitchen islands & trolleys,https://www.ikea.com/nl/en/cat/kitchen-islands-trolleys-10471/,https://www.ikea.com/nl/en/p/stenstorp-kitchen-trolley-black-brown-oak-90596519/
Kitchen islands & trolleys,https://www.ikea.com/nl/en/cat/kitchen-islands-trolleys-10471/,https://www.ikea.com/nl/en/p/vadholma-kitchen-island-black-oak-40366115/
Kitchen islands & trolleys,https://www.ikea.com/nl/en/cat/kitchen-islands-trolleys-10471/,https://www.ikea.com/nl/en/p/raskog-norrava-trolley-with-lid-black-s79580751/
Kitchen islands & trolleys,https://www.ikea.com/nl/en/cat/kitchen-islands-trolleys-10471/,https://www.ikea.com/nl/en/p/resaro-mobile-drop-leaf-table-w-storage-pine-20533337/
Kitchen islands & trolleys,https://www.ikea.com/nl/en/cat/kitchen-islands-trolleys-10471/,https://www.ikea.com/nl/en/p/juttersbo-trolley-grey-green-40498941/
Kitchen islands & trolleys,https://www.ikea.com/nl/en/cat/kitchen-islands-trolleys-10471/,https://www.ikea.com/nl/en/p/ovning-trolley-white-grey-green-00517003/
Kitchen islands & trolleys,https://www.ikea.com/nl/en/cat/kitchen-islands-trolleys-10471/,https://www.ikea.com/nl/en/p/ronninge-trolley-birch-50507488/
Kitchen islands & trolleys,https://www.ikea.com/nl/en/cat/kitchen-islands-trolleys-10471/,https://www.ikea.com/nl/en/p/raskog-norrava-trolley-with-lid-black-s39580753/
Kitchen islands & trolleys,https://www.ikea.com/nl/en/cat/kitchen-islands-trolleys-10471/,https://www.ikea.com/nl/en/p/kungsfors-kitchen-trolley-stainless-steel-80334924/
Kitchen islands & trolleys,https://www.ikea.com/nl/en/cat/kitchen-islands-trolleys-10471/,https://www.ikea.com/nl/en/p/loshult-trolley-pine-40576279/
Kitchen islands & trolleys,https://www.ikea.com/nl/en/cat/kitchen-islands-trolleys-10471/,https://www.ikea.com/nl/en/p/norrava-lid-bamboo-00542861/
Knobs & handles,https://www.ikea.com/nl/en/cat/knobs-handles-16298/,https://www.ikea.com/nl/en/p/kalerum-handle-brass-colour-40596550/
Knobs & handles,https://www.ikea.com/nl/en/cat/knobs-handles-16298/,https://www.ikea.com/nl/en/p/billsbro-handle-white-50334303/
Knobs & handles,https://www.ikea.com/nl/en/cat/knobs-handles-16298/,https://www.ikea.com/nl/en/p/bagganas-handle-black-80338413/
Knobs & handles,https://www.ikea.com/nl/en/cat/knobs-handles-16298/,https://www.ikea.com/nl/en/p/borghamn-handle-20316046/
Knobs & handles,https://www.ikea.com/nl/en/cat/knobs-handles-16298/,https://www.ikea.com/nl/en/p/kalerum-knob-brass-colour-60596554/
Knobs & handles,https://www.ikea.com/nl/en/cat/knobs-handles-16298/,https://www.ikea.com/nl/en/p/eneryda-knob-black-80347506/
Knobs & handles,https://www.ikea.com/nl/en/cat/knobs-handles-16298/,https://www.ikea.com/nl/en/p/nydala-handle-bronze-colour-80641485/
Knobs & handles,https://www.ikea.com/nl/en/cat/knobs-handles-16298/,https://www.ikea.com/nl/en/p/hamphult-handle-oak-40614243/
Knobs & handles,https://www.ikea.com/nl/en/cat/knobs-handles-16298/,https://www.ikea.com/nl/en/p/eneryda-handle-black-70347516/
Knobs & handles,https://www.ikea.com/nl/en/cat/knobs-handles-16298/,https://www.ikea.com/nl/en/p/kallror-handle-stainless-steel-50357002/
Knobs & handles,https://www.ikea.com/nl/en/cat/knobs-handles-16298/,https://www.ikea.com/nl/en/p/bagganas-handle-brass-colour-20338411/
Knobs & handles,https://www.ikea.com/nl/en/cat/knobs-handles-16298/,https://www.ikea.com/nl/en/p/nydala-handle-black-10625587/
Knobs & handles,https://www.ikea.com/nl/en/cat/knobs-handles-16298/,https://www.ikea.com/nl/en/p/eneryda-knob-brass-colour-80610865/
Knobs & handles,https://www.ikea.com/nl/en/cat/knobs-handles-16298/,https://www.ikea.com/nl/en/p/dragsmark-clip-on-handle-grey-green-80606019/
Knobs & handles,https://www.ikea.com/nl/en/cat/knobs-handles-16298/,https://www.ikea.com/nl/en/p/bagganas-knob-brass-colour-00338412/
Knobs & handles,https://www.ikea.com/nl/en/cat/knobs-handles-16298/,https://www.ikea.com/nl/en/p/stallkvast-knob-brass-colour-00597735/
Knobs & handles,https://www.ikea.com/nl/en/cat/knobs-handles-16298/,https://www.ikea.com/nl/en/p/borghamn-handle-40318978/
Knobs & handles,https://www.ikea.com/nl/en/cat/knobs-handles-16298/,https://www.ikea.com/nl/en/p/vinnaset-knob-50434294/
Knobs & handles,https://www.ikea.com/nl/en/cat/knobs-handles-16298/,https://www.ikea.com/nl/en/p/hamphult-knob-oak-00614240/
Knobs & handles,https://www.ikea.com/nl/en/cat/knobs-handles-16298/,https://www.ikea.com/nl/en/p/hackas-handle-anthracite-50342478/
Knobs & handles,https://www.ikea.com/nl/en/cat/knobs-handles-16298/,https://www.ikea.com/nl/en/p/hackas-handle-anthracite-30342479/
Knobs & handles,https://www.ikea.com/nl/en/cat/knobs-handles-16298/,https://www.ikea.com/nl/en/p/fixa-drill-template-orange-90323393/
Knobs & handles,https://www.ikea.com/nl/en/cat/knobs-handles-16298/,https://www.ikea.com/nl/en/p/eneryda-cup-handle-brass-colour-70610837/
Knobs & handles,https://www.ikea.com/nl/en/cat/knobs-handles-16298/,https://www.ikea.com/nl/en/p/billsbro-handle-white-50334317/
Kitchen lighting,https://www.ikea.com/nl/en/cat/kitchen-lighting-16282/,https://www.ikea.com/nl/en/p/mittled-led-kitchen-worktop-lighting-strip-dimmable-white-60528584/
Kitchen lighting,https://www.ikea.com/nl/en/cat/kitchen-lighting-16282/,https://www.ikea.com/nl/en/p/irsta-led-worktop-lighting-opal-white-20406947/
Kitchen lighting,https://www.ikea.com/nl/en/cat/kitchen-lighting-16282/,https://www.ikea.com/nl/en/p/skydrag-led-wrktp-ward-lghtng-strp-w-sensor-dimmable-white-10529374/
Kitchen lighting,https://www.ikea.com/nl/en/cat/kitchen-lighting-16282/,https://www.ikea.com/nl/en/p/kolvatten-led-lighting-with-sensor-white-battery-operated-20568987/
Kitchen lighting,https://www.ikea.com/nl/en/cat/kitchen-lighting-16282/,https://www.ikea.com/nl/en/p/mittled-led-ktchn-drawer-lighting-w-sensor-dimmable-white-80463548/
Kitchen lighting,https://www.ikea.com/nl/en/cat/kitchen-lighting-16282/,https://www.ikea.com/nl/en/p/fornimma-power-supply-cord-50446881/
Kitchen lighting,https://www.ikea.com/nl/en/cat/kitchen-lighting-16282/,https://www.ikea.com/nl/en/p/tradfri-driver-for-wireless-control-smart-grey-60342656/
Kitchen lighting,https://www.ikea.com/nl/en/cat/kitchen-lighting-16282/,https://www.ikea.com/nl/en/p/mittled-led-spotlight-dimmable-black-40528660/
Kitchen lighting,https://www.ikea.com/nl/en/cat/kitchen-lighting-16282/,https://www.ikea.com/nl/en/p/rolfstorp-led-lighting-dimmable-white-90519917/
Kitchen lighting,https://www.ikea.com/nl/en/cat/kitchen-lighting-16282/,https://www.ikea.com/nl/en/p/ytberg-cabinet-lighting-black-dimmable-60527891/
Kitchen lighting,https://www.ikea.com/nl/en/cat/kitchen-lighting-16282/,https://www.ikea.com/nl/en/p/tvardrag-cabinet-lighting-black-dimmable-60516821/
Kitchen lighting,https://www.ikea.com/nl/en/cat/kitchen-lighting-16282/,https://www.ikea.com/nl/en/p/vagdal-connection-cord-white-70463600/
Kitchen lighting,https://www.ikea.com/nl/en/cat/kitchen-lighting-16282/,https://www.ikea.com/nl/en/p/styrbar-remote-control-smart-white-30488363/
Kitchen lighting,https://www.ikea.com/nl/en/cat/kitchen-lighting-16282/,https://www.ikea.com/nl/en/p/gompyssling-led-lighting-with-sensor-white-battery-operated-80602375/
Kitchen lighting,https://www.ikea.com/nl/en/cat/kitchen-lighting-16282/,https://www.ikea.com/nl/en/p/bilresa-remote-control-white-smart-scroll-wheel-70604172/
Kitchen lighting,https://www.ikea.com/nl/en/cat/kitchen-lighting-16282/,https://www.ikea.com/nl/en/p/kolvatten-led-spotlight-white-battery-operated-80568989/
Kitchen lighting,https://www.ikea.com/nl/en/cat/kitchen-lighting-16282/,https://www.ikea.com/nl/en/p/bilresa-remote-control-white-smart-dual-button-10604165/
Kitchen lighting,https://www.ikea.com/nl/en/cat/kitchen-lighting-16282/,https://www.ikea.com/nl/en/p/bilresa-remote-control-kit-dual-button-mixed-colours-90604166/
Kitchen lighting,https://www.ikea.com/nl/en/cat/kitchen-lighting-16282/,https://www.ikea.com/nl/en/p/bilresa-remote-control-kit-scroll-wheel-mixed-colours-50604173/
Kitchen lighting,https://www.ikea.com/nl/en/cat/kitchen-lighting-16282/,https://www.ikea.com/nl/en/p/ansluta-led-driver-with-cord-white-30593934/
Kitchen lighting,https://www.ikea.com/nl/en/cat/kitchen-lighting-16282/,https://www.ikea.com/nl/en/p/fornimma-intermediate-connection-cord-30394699/
Splashbacks & wall panels,https://www.ikea.com/nl/en/cat/splashbacks-wall-panels-19121/,https://www.ikea.com/nl/en/p/lysekil-wall-panel-double-sided-light-grey-concrete-effect-matt-white-10622923/
Splashbacks & wall panels,https://www.ikea.com/nl/en/cat/splashbacks-wall-panels-19121/,https://www.ikea.com/nl/en/p/lysekil-rail-for-wall-panel-aluminium-80335117/
Splashbacks & wall panels,https://www.ikea.com/nl/en/cat/splashbacks-wall-panels-19121/,https://www.ikea.com/nl/en/p/sibbarp-custom-made-wall-panel-grey-beige-stone-effect-laminate-60604323/
Splashbacks & wall panels,https://www.ikea.com/nl/en/cat/splashbacks-wall-panels-19121/,https://www.ikea.com/nl/en/p/runsback-custom-made-wall-panel-matt-white-marble-effect-high-pressure-porcelain-40603923/
Splashbacks & wall panels,https://www.ikea.com/nl/en/cat/splashbacks-wall-panels-19121/,https://www.ikea.com/nl/en/p/rahult-custom-made-wall-panel-white-marble-effect-quartz-90441508/
Splashbacks & wall panels,https://www.ikea.com/nl/en/cat/splashbacks-wall-panels-19121/,https://www.ikea.com/nl/en/p/tarnhult-custom-made-wall-panel-light-grey-stone-effect-glass-composite-40573474/
Pantry,https://www.ikea.com/nl/en/cat/pantry-16200/,https://www.ikea.com/nl/en/p/hyllis-shelving-unit-in-outdoor-30428326/
Pantry,https://www.ikea.com/nl/en/cat/pantry-16200/,https://www.ikea.com/nl/en/p/observator-clip-on-basket-grey-brown-20312492/
Pantry,https://www.ikea.com/nl/en/cat/pantry-16200/,https://www.ikea.com/nl/en/p/omar-shelving-unit-galvanised-10069763/
Pantry,https://www.ikea.com/nl/en/cat/pantry-16200/,https://www.ikea.com/nl/en/p/bror-shelving-unit-black-s19619407/
Pantry,https://www.ikea.com/nl/en/cat/pantry-16200/,https://www.ikea.com/nl/en/p/omar-1-shelf-section-s69829083/
Pantry,https://www.ikea.com/nl/en/cat/pantry-16200/,https://www.ikea.com/nl/en/p/ivar-shelving-unit-pine-s39407070/
Pantry,https://www.ikea.com/nl/en/cat/pantry-16200/,https://www.ikea.com/nl/en/p/kolbjorn-shelving-unit-with-cabinet-beige-s19291645/
Pantry,https://www.ikea.com/nl/en/cat/pantry-16200/,https://www.ikea.com/nl/en/p/hejne-3-sections-shelves-softwood-s99031408/
Pantry,https://www.ikea.com/nl/en/cat/pantry-16200/,https://www.ikea.com/nl/en/p/omar-2-shelf-sections-s79412946/
Pantry,https://www.ikea.com/nl/en/cat/pantry-16200/,https://www.ikea.com/nl/en/p/omar-1-shelf-section-s19829090/
Pantry,https://www.ikea.com/nl/en/cat/pantry-16200/,https://www.ikea.com/nl/en/p/hejne-4-sections-shelves-softwood-s49046978/
Pantry,https://www.ikea.com/nl/en/cat/pantry-16200/,https://www.ikea.com/nl/en/p/jonaxel-storage-combination-white-s59297141/
Pantry,https://www.ikea.com/nl/en/cat/pantry-16200/,https://www.ikea.com/nl/en/p/kolbjorn-shelving-unit-in-outdoor-beige-60409294/
Pantry,https://www.ikea.com/nl/en/cat/pantry-16200/,https://www.ikea.com/nl/en/p/hejne-1-section-softwood-s79031414/
Pantry,https://www.ikea.com/nl/en/cat/pantry-16200/,https://www.ikea.com/nl/en/p/omar-bottle-shelf-galvanised-30069762/
Pantry,https://www.ikea.com/nl/en/cat/pantry-16200/,https://www.ikea.com/nl/en/p/hyllis-shelving-unit-in-outdoor-s39318031/
Pantry,https://www.ikea.com/nl/en/cat/pantry-16200/,https://www.ikea.com/nl/en/p/bror-shelving-unit-black-s79619409/
Pantry,https://www.ikea.com/nl/en/cat/pantry-16200/,https://www.ikea.com/nl/en/p/hejne-bottle-rack-pine-40301119/
Pantry,https://www.ikea.com/nl/en/cat/pantry-16200/,https://www.ikea.com/nl/en/p/jonaxel-open-storage-combination-white-s69297287/
Pantry,https://www.ikea.com/nl/en/cat/pantry-16200/,https://www.ikea.com/nl/en/p/hejne-1-section-with-end-protectors-softwood-s99607684/
Pantry,https://www.ikea.com/nl/en/cat/pantry-16200/,https://www.ikea.com/nl/en/p/hyllis-shelving-unit-with-cover-transparent-s99291745/
Pantry,https://www.ikea.com/nl/en/cat/pantry-16200/,https://www.ikea.com/nl/en/p/ivar-2-sections-shelves-pine-s89407058/
Pantry,https://www.ikea.com/nl/en/cat/pantry-16200/,https://www.ikea.com/nl/en/p/hejne-1-section-with-end-protectors-softwood-s29607687/
Pantry,https://www.ikea.com/nl/en/cat/pantry-16200/,https://www.ikea.com/nl/en/p/omar-shelving-unit-galvanised-70483071/
Unit kitchens,https://www.ikea.com/nl/en/cat/unit-kitchens-22957/,https://www.ikea.com/nl/en/p/onnerup-kitchenette-off-white-00500286/
Unit kitchens,https://www.ikea.com/nl/en/cat/unit-kitchens-22957/,https://www.ikea.com/nl/en/p/sunnersta-mini-kitchen-s69139684/
Unit kitchens,https://www.ikea.com/nl/en/cat/unit-kitchens-22957/,https://www.ikea.com/nl/en/p/lillhavet-multifunctional-dish-rack-anthracite-80461276/
Unit kitchens,https://www.ikea.com/nl/en/cat/unit-kitchens-22957/,https://www.ikea.com/nl/en/p/aspinge-kitchenette-black-ash-s99478168/
Unit kitchens,https://www.ikea.com/nl/en/cat/unit-kitchens-22957/,https://www.ikea.com/nl/en/p/uppdatera-drawer-mat-grey-50549836/
Unit kitchens,https://www.ikea.com/nl/en/cat/unit-kitchens-22957/,https://www.ikea.com/nl/en/p/uppdatera-box-white-40546471/
Unit kitchens,https://www.ikea.com/nl/en/cat/unit-kitchens-22957/,https://www.ikea.com/nl/en/p/onnerup-kitchenette-off-white-s09611398/
Unit kitchens,https://www.ikea.com/nl/en/cat/unit-kitchens-22957/,https://www.ikea.com/nl/en/p/onnerup-kitchenette-off-white-s39478350/
Unit kitchens,https://www.ikea.com/nl/en/cat/unit-kitchens-22957/,https://www.ikea.com/nl/en/p/tillreda-portable-induction-hob-2-zones-white-70593121/
Unit kitchens,https://www.ikea.com/nl/en/cat/unit-kitchens-22957/,https://www.ikea.com/nl/en/p/aspinge-kitchenette-black-ash-10500281/
Unit kitchens,https://www.ikea.com/nl/en/cat/unit-kitchens-22957/,https://www.ikea.com/nl/en/p/variera-shelf-insert-white-60136623/
Unit kitchens,https://www.ikea.com/nl/en/cat/unit-kitchens-22957/,https://www.ikea.com/nl/en/p/sunnersta-storage-unit-70500278/
Unit kitchens,https://www.ikea.com/nl/en/cat/unit-kitchens-22957/,https://www.ikea.com/nl/en/p/lillhavet-colander-anthracite-50503466/
Unit kitchens,https://www.ikea.com/nl/en/cat/unit-kitchens-22957/,https://www.ikea.com/nl/en/p/sunnersta-mini-kitchen-90302079/
Unit kitchens,https://www.ikea.com/nl/en/cat/unit-kitchens-22957/,https://www.ikea.com/nl/en/p/sunnersta-kitchen-organiser-set-no-drill-dish-drainer-hook-s19338426/
Unit kitchens,https://www.ikea.com/nl/en/cat/unit-kitchens-22957/,https://www.ikea.com/nl/en/p/lagan-fridge-freezer-freestanding-white-50619457/
Unit kitchens,https://www.ikea.com/nl/en/cat/unit-kitchens-22957/,https://www.ikea.com/nl/en/p/tillreda-microwave-oven-white-50486792/
Unit kitchens,https://www.ikea.com/nl/en/cat/unit-kitchens-22957/,https://www.ikea.com/nl/en/p/variera-shelf-insert-white-80136622/
Unit kitchens,https://www.ikea.com/nl/en/cat/unit-kitchens-22957/,https://www.ikea.com/nl/en/p/almaren-kitchen-mixer-tap-w-pull-out-spout-stainless-steel-colour-80341646/
Unit kitchens,https://www.ikea.com/nl/en/cat/unit-kitchens-22957/,https://www.ikea.com/nl/en/p/uppdatera-drawer-mat-grey-40551052/
Unit kitchens,https://www.ikea.com/nl/en/cat/unit-kitchens-22957/,https://www.ikea.com/nl/en/p/uppdatera-box-set-of-3-grey-20544185/
Unit kitchens,https://www.ikea.com/nl/en/cat/unit-kitchens-22957/,https://www.ikea.com/nl/en/p/tillreda-brackets-for-microwave-oven-70497445/
Unit kitchens,https://www.ikea.com/nl/en/cat/unit-kitchens-22957/,https://www.ikea.com/nl/en/p/tillreda-portable-induction-hob-1-zone-white-80590155/
Unit kitchens,https://www.ikea.com/nl/en/cat/unit-kitchens-22957/,https://www.ikea.com/nl/en/p/hultarp-hook-black-10444445/
METOD shelves & drawers,https://www.ikea.com/nl/en/cat/metod-shelves-drawers-49117/,https://www.ikea.com/nl/en/p/utrusta-shelf-white-50205612/
METOD shelves & drawers,https://www.ikea.com/nl/en/cat/metod-shelves-drawers-49117/,https://www.ikea.com/nl/en/p/utrusta-pull-out-work-surface-00510577/
METOD shelves & drawers,https://www.ikea.com/nl/en/cat/metod-shelves-drawers-49117/,https://www.ikea.com/nl/en/p/knivshult-medium-drawer-with-front-s59578240/
METOD shelves & drawers,https://www.ikea.com/nl/en/cat/metod-shelves-drawers-49117/,https://www.ikea.com/nl/en/p/maximera-drawer-high-white-20319361/
METOD shelves & drawers,https://www.ikea.com/nl/en/cat/metod-shelves-drawers-49117/,https://www.ikea.com/nl/en/p/utrusta-fixed-ventilated-shelf-white-90213573/
METOD shelves & drawers,https://www.ikea.com/nl/en/cat/metod-shelves-drawers-49117/,https://www.ikea.com/nl/en/p/maximera-drawer-low-white-70319354/
METOD shelves & drawers,https://www.ikea.com/nl/en/cat/metod-shelves-drawers-49117/,https://www.ikea.com/nl/en/p/palycke-clip-on-basket-00534432/
METOD shelves & drawers,https://www.ikea.com/nl/en/cat/metod-shelves-drawers-49117/,https://www.ikea.com/nl/en/p/smacker-cutlery-tray-anthracite-10601459/
METOD shelves & drawers,https://www.ikea.com/nl/en/cat/metod-shelves-drawers-49117/,https://www.ikea.com/nl/en/p/utrusta-assembly-kit-for-pull-out-function-black-grey-20604099/
METOD shelves & drawers,https://www.ikea.com/nl/en/cat/metod-shelves-drawers-49117/,https://www.ikea.com/nl/en/p/maximera-drawer-medium-white-90319348/
METOD shelves & drawers,https://www.ikea.com/nl/en/cat/metod-shelves-drawers-49117/,https://www.ikea.com/nl/en/p/utrusta-under-sink-organiser-20602731/
METOD shelves & drawers,https://www.ikea.com/nl/en/cat/metod-shelves-drawers-49117/,https://www.ikea.com/nl/en/p/utrusta-push-opener-80230224/
METOD shelves & drawers,https://www.ikea.com/nl/en/cat/metod-shelves-drawers-49117/,https://www.ikea.com/nl/en/p/variera-shelf-insert-white-60136623/
METOD shelves & drawers,https://www.ikea.com/nl/en/cat/metod-shelves-drawers-49117/,https://www.ikea.com/nl/en/p/hallbar-waste-sorting-solution-with-pull-out-light-grey-s79308803/
METOD shelves & drawers,https://www.ikea.com/nl/en/cat/metod-shelves-drawers-49117/,https://www.ikea.com/nl/en/p/knivshult-drawer-high-dark-grey-50600660/
METOD shelves & drawers,https://www.ikea.com/nl/en/cat/metod-shelves-drawers-49117/,https://www.ikea.com/nl/en/p/palycke-clip-on-hook-rack-80541155/
METOD shelves & drawers,https://www.ikea.com/nl/en/cat/metod-shelves-drawers-49117/,https://www.ikea.com/nl/en/p/stodja-cutlery-tray-white-50177223/
METOD shelves & drawers,https://www.ikea.com/nl/en/cat/metod-shelves-drawers-49117/,https://www.ikea.com/nl/en/p/knivshult-drawer-medium-dark-grey-30600675/
METOD shelves & drawers,https://www.ikea.com/nl/en/cat/metod-shelves-drawers-49117/,https://www.ikea.com/nl/en/p/utrusta-wire-basket-00204672/
METOD shelves & drawers,https://www.ikea.com/nl/en/cat/metod-shelves-drawers-49117/,https://www.ikea.com/nl/en/p/uppdatera-pegboard-drawer-organiser-anthracite-00460011/
METOD shelves & drawers,https://www.ikea.com/nl/en/cat/metod-shelves-drawers-49117/,https://www.ikea.com/nl/en/p/maximera-pull-out-interior-fittings-50356804/
METOD shelves & drawers,https://www.ikea.com/nl/en/cat/metod-shelves-drawers-49117/,https://www.ikea.com/nl/en/p/uppdatera-sliding-organiser-for-drawer-grey-00544186/
METOD shelves & drawers,https://www.ikea.com/nl/en/cat/metod-shelves-drawers-49117/,https://www.ikea.com/nl/en/p/maximera-add-on-side-for-drawer-high-glass-50238858/
METOD shelves & drawers,https://www.ikea.com/nl/en/cat/metod-shelves-drawers-49117/,https://www.ikea.com/nl/en/p/uppdatera-divider-for-drawer-90459999/
Kitchen sinks,https://www.ikea.com/nl/en/cat/kitchen-sinks-24263/,https://www.ikea.com/nl/en/p/kilsviken-inset-sink-1-bowl-black-quartz-composite-s59337024/
Kitchen sinks,https://www.ikea.com/nl/en/cat/kitchen-sinks-24263/,https://www.ikea.com/nl/en/p/fyndig-inset-sink-1-bowl-stainless-steel-s59158003/
Kitchen sinks,https://www.ikea.com/nl/en/cat/kitchen-sinks-24263/,https://www.ikea.com/nl/en/p/langudden-inset-sink-1-bowl-stainless-steel-s29157477/
Kitchen sinks,https://www.ikea.com/nl/en/cat/kitchen-sinks-24263/,https://www.ikea.com/nl/en/p/havsen-inset-sink-1-bowl-white-s39253713/
Kitchen sinks,https://www.ikea.com/nl/en/cat/kitchen-sinks-24263/,https://www.ikea.com/nl/en/p/lillviken-water-trap-strainer-1-bowl-10311539/
Kitchen sinks,https://www.ikea.com/nl/en/cat/kitchen-sinks-24263/,https://www.ikea.com/nl/en/p/havsen-sink-bowl-2-bowls-w-visible-front-white-s79250265/
Kitchen sinks,https://www.ikea.com/nl/en/cat/kitchen-sinks-24263/,https://www.ikea.com/nl/en/p/hillesjon-inset-sink-1-bowl-stainless-steel-s79401735/
Kitchen sinks,https://www.ikea.com/nl/en/cat/kitchen-sinks-24263/,https://www.ikea.com/nl/en/p/vresjon-inset-sink-1-bowl-stainless-steel-s99425721/
Kitchen sinks,https://www.ikea.com/nl/en/cat/kitchen-sinks-24263/,https://www.ikea.com/nl/en/p/tallsjon-sink-bowl-w-visible-front-dark-grey-stone-effect-s09491348/
Kitchen sinks,https://www.ikea.com/nl/en/cat/kitchen-sinks-24263/,https://www.ikea.com/nl/en/p/vattudalen-inset-sink-1-1-2-bowl-w-drainboard-stainless-steel-s89158191/
Kitchen sinks,https://www.ikea.com/nl/en/cat/kitchen-sinks-24263/,https://www.ikea.com/nl/en/p/lillviken-water-trap-strainer-2-bowls-90311540/
Kitchen sinks,https://www.ikea.com/nl/en/cat/kitchen-sinks-24263/,https://www.ikea.com/nl/en/p/hillesjon-inset-sink-1-1-2-bowl-stainless-steel-s49140631/
Kitchen sinks,https://www.ikea.com/nl/en/cat/kitchen-sinks-24263/,https://www.ikea.com/nl/en/p/fyndig-inset-sink-1-bowl-with-drainboard-stainless-steel-s09158185/
Kitchen sinks,https://www.ikea.com/nl/en/cat/kitchen-sinks-24263/,https://www.ikea.com/nl/en/p/vattudalen-inset-sink-1-bowl-with-drainboard-stainless-steel-s69158168/
Kitchen sinks,https://www.ikea.com/nl/en/cat/kitchen-sinks-24263/,https://www.ikea.com/nl/en/p/lillviken-sink-stopper-70311541/
Kitchen sinks,https://www.ikea.com/nl/en/cat/kitchen-sinks-24263/,https://www.ikea.com/nl/en/p/vattudalen-inset-sink-2-bowls-with-drainboard-stainless-steel-s09158190/
Kitchen sinks,https://www.ikea.com/nl/en/cat/kitchen-sinks-24263/,https://www.ikea.com/nl/en/p/boholmen-inset-sink-1-bowl-stainless-steel-s99157501/
Kitchen sinks,https://www.ikea.com/nl/en/cat/kitchen-sinks-24263/,https://www.ikea.com/nl/en/p/lillviken-lid-20317852/
Kitchen sinks,https://www.ikea.com/nl/en/cat/kitchen-sinks-24263/,https://www.ikea.com/nl/en/p/lillviken-extra-connection-for-water-trap-40388315/
Mixer taps,https://www.ikea.com/nl/en/cat/mixer-taps-10482/,https://www.ikea.com/nl/en/p/almaren-kitchen-mixer-tap-stainless-steel-colour-00455161/
Mixer taps,https://www.ikea.com/nl/en/cat/mixer-taps-10482/,https://www.ikea.com/nl/en/p/sallsjon-kitchen-mixer-tap-single-side-lever-stainless-steel-colour-70600904/
Mixer taps,https://www.ikea.com/nl/en/cat/mixer-taps-10482/,https://www.ikea.com/nl/en/p/glittran-kitchen-mixer-tap-brass-colour-10468511/
Mixer taps,https://www.ikea.com/nl/en/cat/mixer-taps-10482/,https://www.ikea.com/nl/en/p/delsjon-kitchen-mixer-tap-brushed-black-metal-40488796/
Mixer taps,https://www.ikea.com/nl/en/cat/mixer-taps-10482/,https://www.ikea.com/nl/en/p/glypen-mixer-tap-stainless-steel-effect-30442365/
Mixer taps,https://www.ikea.com/nl/en/cat/mixer-taps-10482/,https://www.ikea.com/nl/en/p/almaren-kitchen-mixer-tap-w-pull-out-spout-stainless-steel-colour-80341646/
Mixer taps,https://www.ikea.com/nl/en/cat/mixer-taps-10482/,https://www.ikea.com/nl/en/p/sallsjon-kitchen-mixer-tap-pull-down-w-spray-black-50602027/
Mixer taps,https://www.ikea.com/nl/en/cat/mixer-taps-10482/,https://www.ikea.com/nl/en/p/sallsjon-kitchen-mixer-tap-pull-out-stainless-steel-colour-90608937/
Mixer taps,https://www.ikea.com/nl/en/cat/mixer-taps-10482/,https://www.ikea.com/nl/en/p/lagan-single-lever-kitchen-mixer-tap-chrome-plated-10085027/
Mixer taps,https://www.ikea.com/nl/en/cat/mixer-taps-10482/,https://www.ikea.com/nl/en/p/sallsjon-mixer-tap-single-side-lever-stainless-steel-colour-90602025/
Mixer taps,https://www.ikea.com/nl/en/cat/mixer-taps-10482/,https://www.ikea.com/nl/en/p/vimmern-kitchen-mixer-tap-handspray-stainless-steel-colour-80519951/
Mixer taps,https://www.ikea.com/nl/en/cat/mixer-taps-10482/,https://www.ikea.com/nl/en/p/taksjon-kitchen-mixer-tap-pull-down-w-spray-stainless-steel-colour-50602305/
Mixer taps,https://www.ikea.com/nl/en/cat/mixer-taps-10482/,https://www.ikea.com/nl/en/p/edsvik-dual-control-kitchen-mixer-tap-chrome-plated-00031841/
Mixer taps,https://www.ikea.com/nl/en/cat/mixer-taps-10482/,https://www.ikea.com/nl/en/p/majsjon-kitchen-mixer-tap-pull-down-w-spray-stainless-steel-colour-50601914/
Mixer taps,https://www.ikea.com/nl/en/cat/mixer-taps-10482/,https://www.ikea.com/nl/en/p/insjon-kitchen-mixer-tap-chrome-plated-70370125/
Mixer taps,https://www.ikea.com/nl/en/cat/mixer-taps-10482/,https://www.ikea.com/nl/en/p/majsjon-kitchen-mixer-tap-pull-out-w-spray-stainless-steel-colour-70601913/
Mixer taps,https://www.ikea.com/nl/en/cat/mixer-taps-10482/,https://www.ikea.com/nl/en/p/taksjon-kitchen-mixer-tap-top-lever-stainless-steel-colour-00602303/
Mixer taps,https://www.ikea.com/nl/en/cat/mixer-taps-10482/,https://www.ikea.com/nl/en/p/taksjon-kitchen-mixer-tap-single-side-lever-stainless-steel-colour-80602304/
Mixer taps,https://www.ikea.com/nl/en/cat/mixer-taps-10482/,https://www.ikea.com/nl/en/p/gamlesjon-dual-control-kitchen-mixer-tap-brushed-black-metal-20341673/
Mixer taps,https://www.ikea.com/nl/en/cat/mixer-taps-10482/,https://www.ikea.com/nl/en/p/kallsjon-pillar-tap-chrome-plated-30475389/
Storage solution systems,https://www.ikea.com/nl/en/cat/storage-solution-systems-46052/,https://www.ikea.com/nl/en/p/lastare-storage-combination-white-s99602733/
Storage solution systems,https://www.ikea.com/nl/en/cat/storage-solution-systems-46052/,https://www.ikea.com/nl/en/p/eket-cabinet-combination-with-legs-walnut-effect-metal-black-s29568841/
Storage solution systems,https://www.ikea.com/nl/en/cat/storage-solution-systems-46052/,https://www.ikea.com/nl/en/p/besta-tv-bench-with-doors-white-lappviken-white-s89330691/
Storage solution systems,https://www.ikea.com/nl/en/cat/storage-solution-systems-46052/,https://www.ikea.com/nl/en/p/ivar-cabinet-with-sliding-doors-pine-00494394/
Storage solution systems,https://www.ikea.com/nl/en/cat/storage-solution-systems-46052/,https://www.ikea.com/nl/en/p/smastad-platsa-chest-of-3-drawers-white-white-s99387521/
Storage solution systems,https://www.ikea.com/nl/en/cat/storage-solution-systems-46052/,https://www.ikea.com/nl/en/p/eket-cabinet-w-2-doors-and-1-shelf-brown-walnut-effect-20574587/
Storage solution systems,https://www.ikea.com/nl/en/cat/storage-solution-systems-46052/,https://www.ikea.com/nl/en/p/trofast-storage-combination-with-boxes-white-white-s59574459/
Storage solution systems,https://www.ikea.com/nl/en/cat/storage-solution-systems-46052/,https://www.ikea.com/nl/en/p/pax-wardrobe-frame-white-90458221/
Storage solution systems,https://www.ikea.com/nl/en/cat/storage-solution-systems-46052/,https://www.ikea.com/nl/en/p/pax-grimo-wardrobe-combination-white-grey-green-s99579290/
Storage solution systems,https://www.ikea.com/nl/en/cat/storage-solution-systems-46052/,https://www.ikea.com/nl/en/p/eket-cabinet-combination-with-feet-white-s19494474/
Storage solution systems,https://www.ikea.com/nl/en/cat/storage-solution-systems-46052/,https://www.ikea.com/nl/en/p/besta-storage-combination-with-doors-black-brown-bjorkoviken-brown-stained-oak-veneer-s19421699/
Storage solution systems,https://www.ikea.com/nl/en/cat/storage-solution-systems-46052/,https://www.ikea.com/nl/en/p/omar-2-shelf-sections-s79412946/
Storage solution systems,https://www.ikea.com/nl/en/cat/storage-solution-systems-46052/,https://www.ikea.com/nl/en/p/pax-tyssedal-wardrobe-combination-grey-beige-grey-beige-s79603347/
Storage solution systems,https://www.ikea.com/nl/en/cat/storage-solution-systems-46052/,https://www.ikea.com/nl/en/p/rykta-storage-box-with-lid-transparent-grey-blue-30533209/
Storage solution systems,https://www.ikea.com/nl/en/cat/storage-solution-systems-46052/,https://www.ikea.com/nl/en/p/rykta-storage-box-with-lid-transparent-grey-blue-40533204/
Storage solution systems,https://www.ikea.com/nl/en/cat/storage-solution-systems-46052/,https://www.ikea.com/nl/en/p/eket-cabinet-w-door-and-1-shelf-brown-walnut-effect-00574588/
Storage solution systems,https://www.ikea.com/nl/en/cat/storage-solution-systems-46052/,https://www.ikea.com/nl/en/p/eket-cabinet-white-70332124/
Storage solution systems,https://www.ikea.com/nl/en/cat/storage-solution-systems-46052/,https://www.ikea.com/nl/en/p/smastad-platsa-wardrobe-white-white-with-3-shelves-s49483313/
Storage solution systems,https://www.ikea.com/nl/en/cat/storage-solution-systems-46052/,https://www.ikea.com/nl/en/p/besta-storage-combination-with-doors-white-lappviken-white-s79057526/
Storage solution systems,https://www.ikea.com/nl/en/cat/storage-solution-systems-46052/,https://www.ikea.com/nl/en/p/eket-cabinet-brown-walnut-effect-60530577/
Storage solution systems,https://www.ikea.com/nl/en/cat/storage-solution-systems-46052/,https://www.ikea.com/nl/en/p/bror-20-pieces-pegboard-set-black-30570414/
Storage solution systems,https://www.ikea.com/nl/en/cat/storage-solution-systems-46052/,https://www.ikea.com/nl/en/p/omar-1-shelf-section-s69829083/
Storage solution systems,https://www.ikea.com/nl/en/cat/storage-solution-systems-46052/,https://www.ikea.com/nl/en/p/eket-cabinet-with-2-drawers-brown-walnut-effect-80574594/
Storage solution systems,https://www.ikea.com/nl/en/cat/storage-solution-systems-46052/,https://www.ikea.com/nl/en/p/lastare-storage-combination-white-s59604022/
Bookcases & shelving units,https://www.ikea.com/nl/en/cat/bookcases-shelving-units-st002/,https://www.ikea.com/nl/en/p/kallax-shelving-unit-white-80275887/
Bookcases & shelving units,https://www.ikea.com/nl/en/cat/bookcases-shelving-units-st002/,https://www.ikea.com/nl/en/p/hemnes-glass-door-cabinet-with-3-drawers-grey-green-light-brown-stained-00596161/
Bookcases & shelving units,https://www.ikea.com/nl/en/cat/bookcases-shelving-units-st002/,https://www.ikea.com/nl/en/p/billy-bookcase-white-50263838/
Bookcases & shelving units,https://www.ikea.com/nl/en/cat/bookcases-shelving-units-st002/,https://www.ikea.com/nl/en/p/billy-oxberg-bookcase-with-doors-black-oak-effect-s39563131/
Bookcases & shelving units,https://www.ikea.com/nl/en/cat/bookcases-shelving-units-st002/,https://www.ikea.com/nl/en/p/billy-bookcase-white-00263850/
Bookcases & shelving units,https://www.ikea.com/nl/en/cat/bookcases-shelving-units-st002/,https://www.ikea.com/nl/en/p/gersby-bookcase-white-70261131/
Bookcases & shelving units,https://www.ikea.com/nl/en/cat/bookcases-shelving-units-st002/,https://www.ikea.com/nl/en/p/billy-oxberg-bookcase-w-doors-extension-unit-black-oak-effect-s89562964/
Bookcases & shelving units,https://www.ikea.com/nl/en/cat/bookcases-shelving-units-st002/,https://www.ikea.com/nl/en/p/baggebo-bookcase-white-20436713/
Bookcases & shelving units,https://www.ikea.com/nl/en/cat/bookcases-shelving-units-st002/,https://www.ikea.com/nl/en/p/billy-ottebol-bookcase-with-doors-white-s99299039/
Bookcases & shelving units,https://www.ikea.com/nl/en/cat/bookcases-shelving-units-st002/,https://www.ikea.com/nl/en/p/billy-oxberg-bookcase-with-panel-glass-doors-brown-walnut-effect-s69483326/
Bookcases & shelving units,https://www.ikea.com/nl/en/cat/bookcases-shelving-units-st002/,https://www.ikea.com/nl/en/p/byakorre-open-shelving-unit-20586458/
Bookcases & shelving units,https://www.ikea.com/nl/en/cat/bookcases-shelving-units-st002/,https://www.ikea.com/nl/en/p/kallax-shelving-unit-white-10409932/
Bookcases & shelving units,https://www.ikea.com/nl/en/cat/bookcases-shelving-units-st002/,https://www.ikea.com/nl/en/p/billy-oxberg-bookcase-with-doors-black-oak-effect-s79483364/
Bookcases & shelving units,https://www.ikea.com/nl/en/cat/bookcases-shelving-units-st002/,https://www.ikea.com/nl/en/p/billy-oxberg-bookcase-with-doors-white-s49280042/
Bookcases & shelving units,https://www.ikea.com/nl/en/cat/bookcases-shelving-units-st002/,https://www.ikea.com/nl/en/p/ladmakare-storage-combination-w-sliding-doors-with-9-shelves-oak-effect-s69563988/
Bookcases & shelving units,https://www.ikea.com/nl/en/cat/bookcases-shelving-units-st002/,https://www.ikea.com/nl/en/p/lack-wall-shelf-unit-black-blue-00592870/
Bookcases & shelving units,https://www.ikea.com/nl/en/cat/bookcases-shelving-units-st002/,https://www.ikea.com/nl/en/p/billy-oxberg-bookcase-with-panel-glass-doors-white-s69398837/
Bookcases & shelving units,https://www.ikea.com/nl/en/cat/bookcases-shelving-units-st002/,https://www.ikea.com/nl/en/p/billy-bookcase-brown-walnut-effect-30508648/
Bookcases & shelving units,https://www.ikea.com/nl/en/cat/bookcases-shelving-units-st002/,https://www.ikea.com/nl/en/p/hyllis-shelving-unit-in-outdoor-30428326/
Bookcases & shelving units,https://www.ikea.com/nl/en/cat/bookcases-shelving-units-st002/,https://www.ikea.com/nl/en/p/eket-cabinet-w-door-and-1-shelf-brown-walnut-effect-00574588/
Bookcases & shelving units,https://www.ikea.com/nl/en/cat/bookcases-shelving-units-st002/,https://www.ikea.com/nl/en/p/mosslanda-picture-ledge-walnut-effect-70586936/
Bookcases & shelving units,https://www.ikea.com/nl/en/cat/bookcases-shelving-units-st002/,https://www.ikea.com/nl/en/p/billy-bookcase-brown-walnut-effect-10508625/
Bookcases & shelving units,https://www.ikea.com/nl/en/cat/bookcases-shelving-units-st002/,https://www.ikea.com/nl/en/p/brimnes-bookcase-black-40301223/
Bookcases & shelving units,https://www.ikea.com/nl/en/cat/bookcases-shelving-units-st002/,https://www.ikea.com/nl/en/p/billy-oxberg-bookcase-with-panel-glass-door-white-glass-s39287421/
Cabinets & cupboards,https://www.ikea.com/nl/en/cat/cabinets-cupboards-st003/,https://www.ikea.com/nl/en/p/radmanso-cabinet-brown-walnut-effect-80597755/
Cabinets & cupboards,https://www.ikea.com/nl/en/cat/cabinets-cupboards-st003/,https://www.ikea.com/nl/en/p/stockholm-2025-sideboard-oak-veneer-10586604/
Cabinets & cupboards,https://www.ikea.com/nl/en/cat/cabinets-cupboards-st003/,https://www.ikea.com/nl/en/p/eket-cabinet-w-2-doors-and-1-shelf-brown-walnut-effect-20574587/
Cabinets & cupboards,https://www.ikea.com/nl/en/cat/cabinets-cupboards-st003/,https://www.ikea.com/nl/en/p/besta-storage-combination-with-doors-white-lappviken-white-s79057526/
Cabinets & cupboards,https://www.ikea.com/nl/en/cat/cabinets-cupboards-st003/,https://www.ikea.com/nl/en/p/havsta-storage-comb-w-sliding-glass-doors-grey-beige-s59534760/
Cabinets & cupboards,https://www.ikea.com/nl/en/cat/cabinets-cupboards-st003/,https://www.ikea.com/nl/en/p/brimnes-cabinet-with-doors-black-80300660/
Cabinets & cupboards,https://www.ikea.com/nl/en/cat/cabinets-cupboards-st003/,https://www.ikea.com/nl/en/p/lommarp-cabinet-with-glass-doors-dark-blue-green-40383737/
Cabinets & cupboards,https://www.ikea.com/nl/en/cat/cabinets-cupboards-st003/,https://www.ikea.com/nl/en/p/billy-oxberg-bookcase-with-doors-white-s49280042/
Cabinets & cupboards,https://www.ikea.com/nl/en/cat/cabinets-cupboards-st003/,https://www.ikea.com/nl/en/p/bror-cabinet-with-doors-black-50494297/
Cabinets & cupboards,https://www.ikea.com/nl/en/cat/cabinets-cupboards-st003/,https://www.ikea.com/nl/en/p/besta-storage-combination-with-drawers-black-brown-bjorkoviken-stubbarp-brown-stained-oak-veneer-s09421845/
Cabinets & cupboards,https://www.ikea.com/nl/en/cat/cabinets-cupboards-st003/,https://www.ikea.com/nl/en/p/vihals-sideboard-white-30491718/
Cabinets & cupboards,https://www.ikea.com/nl/en/cat/cabinets-cupboards-st003/,https://www.ikea.com/nl/en/p/besta-storage-combination-w-glass-doors-black-brown-lappviken-sindvik-walnut-effect-s39612221/
Cabinets & cupboards,https://www.ikea.com/nl/en/cat/cabinets-cupboards-st003/,https://www.ikea.com/nl/en/p/havsta-storage-combination-w-glass-doors-grey-beige-s09534734/
Cabinets & cupboards,https://www.ikea.com/nl/en/cat/cabinets-cupboards-st003/,https://www.ikea.com/nl/en/p/billy-hogadal-bookcase-with-doors-white-s79572204/
Cabinets & cupboards,https://www.ikea.com/nl/en/cat/cabinets-cupboards-st003/,https://www.ikea.com/nl/en/p/lommarp-cabinet-dark-blue-green-80415468/
Cabinets & cupboards,https://www.ikea.com/nl/en/cat/cabinets-cupboards-st003/,https://www.ikea.com/nl/en/p/billy-oxberg-bookcase-with-glass-door-oak-effect-clear-glass-s69581831/
Cabinets & cupboards,https://www.ikea.com/nl/en/cat/cabinets-cupboards-st003/,https://www.ikea.com/nl/en/p/billy-ottebol-bookcase-with-doors-white-s19299038/
Cabinets & cupboards,https://www.ikea.com/nl/en/cat/cabinets-cupboards-st003/,https://www.ikea.com/nl/en/p/hemnes-glass-door-cabinet-with-3-drawers-grey-green-light-brown-stained-00596161/
Cabinets & cupboards,https://www.ikea.com/nl/en/cat/cabinets-cupboards-st003/,https://www.ikea.com/nl/en/p/besta-storage-combination-with-drawers-white-krukmakare-beige-s79602809/
Cabinets & cupboards,https://www.ikea.com/nl/en/cat/cabinets-cupboards-st003/,https://www.ikea.com/nl/en/p/billy-oxberg-bookcase-with-doors-white-s79287358/
Cabinets & cupboards,https://www.ikea.com/nl/en/cat/cabinets-cupboards-st003/,https://www.ikea.com/nl/en/p/ledamot-cabinet-light-grey-beige-40544740/
Cabinets & cupboards,https://www.ikea.com/nl/en/cat/cabinets-cupboards-st003/,https://www.ikea.com/nl/en/p/baggebo-cabinet-with-door-white-60481204/
Cabinets & cupboards,https://www.ikea.com/nl/en/cat/cabinets-cupboards-st003/,https://www.ikea.com/nl/en/p/havsta-cabinet-with-plinth-grey-beige-80529238/
Cabinets & cupboards,https://www.ikea.com/nl/en/cat/cabinets-cupboards-st003/,https://www.ikea.com/nl/en/p/havsta-cabinet-with-plinth-grey-beige-s39534662/
TV & media furniture,https://www.ikea.com/nl/en/cat/tv-media-furniture-10475/,https://www.ikea.com/nl/en/p/besta-tv-bench-with-doors-black-brown-lappviken-walnut-effect-s09612171/
TV & media furniture,https://www.ikea.com/nl/en/cat/tv-media-furniture-10475/,https://www.ikea.com/nl/en/p/lack-tv-bench-black-brown-20498937/
TV & media furniture,https://www.ikea.com/nl/en/cat/tv-media-furniture-10475/,https://www.ikea.com/nl/en/p/kallax-tv-storage-combination-black-brown-s79560673/
TV & media furniture,https://www.ikea.com/nl/en/cat/tv-media-furniture-10475/,https://www.ikea.com/nl/en/p/eket-media-storage-combination-brown-walnut-effect-s69580983/
TV & media furniture,https://www.ikea.com/nl/en/cat/tv-media-furniture-10475/,https://www.ikea.com/nl/en/p/radmanso-tv-bench-brown-walnut-effect-40597818/
TV & media furniture,https://www.ikea.com/nl/en/cat/tv-media-furniture-10475/,https://www.ikea.com/nl/en/p/vihals-tv-bench-dark-grey-00543672/
TV & media furniture,https://www.ikea.com/nl/en/cat/tv-media-furniture-10475/,https://www.ikea.com/nl/en/p/besta-tv-bench-with-doors-black-brown-lappviken-stubbarp-walnut-effect-s39612103/
TV & media furniture,https://www.ikea.com/nl/en/cat/tv-media-furniture-10475/,https://www.ikea.com/nl/en/p/fjallbo-tv-bench-black-90339290/
TV & media furniture,https://www.ikea.com/nl/en/cat/tv-media-furniture-10475/,https://www.ikea.com/nl/en/p/lommarp-tv-bench-dark-blue-green-00435385/
TV & media furniture,https://www.ikea.com/nl/en/cat/tv-media-furniture-10475/,https://www.ikea.com/nl/en/p/kallax-tv-bench-black-brown-10562090/
TV & media furniture,https://www.ikea.com/nl/en/cat/tv-media-furniture-10475/,https://www.ikea.com/nl/en/p/besta-eket-tv-storage-combination-white-lappviken-stubbarp-s09476833/
TV & media furniture,https://www.ikea.com/nl/en/cat/tv-media-furniture-10475/,https://www.ikea.com/nl/en/p/eket-media-storage-combination-brown-walnut-effect-with-doors-s39580994/
TV & media furniture,https://www.ikea.com/nl/en/cat/tv-media-furniture-10475/,https://www.ikea.com/nl/en/p/lack-tv-bench-white-00450088/
TV & media furniture,https://www.ikea.com/nl/en/cat/tv-media-furniture-10475/,https://www.ikea.com/nl/en/p/besta-tv-bench-with-drawers-black-brown-bjorkoviken-stubbarp-brown-stained-oak-veneer-s39420019/
TV & media furniture,https://www.ikea.com/nl/en/cat/tv-media-furniture-10475/,https://www.ikea.com/nl/en/p/besta-tv-bench-with-doors-black-brown-lappviken-walnut-effect-s39612155/
TV & media furniture,https://www.ikea.com/nl/en/cat/tv-media-furniture-10475/,https://www.ikea.com/nl/en/p/fryksas-tv-bench-rattan-80574099/
TV & media furniture,https://www.ikea.com/nl/en/cat/tv-media-furniture-10475/,https://www.ikea.com/nl/en/p/lack-tv-bench-black-brown-20498904/
TV & media furniture,https://www.ikea.com/nl/en/cat/tv-media-furniture-10475/,https://www.ikea.com/nl/en/p/besta-tv-bench-black-brown-70474062/
TV & media furniture,https://www.ikea.com/nl/en/cat/tv-media-furniture-10475/,https://www.ikea.com/nl/en/p/eket-media-storage-combination-brown-walnut-effect-clear-glass-s99580986/
TV & media furniture,https://www.ikea.com/nl/en/cat/tv-media-furniture-10475/,https://www.ikea.com/nl/en/p/hemnes-tv-bench-white-stain-light-brown-50413526/
TV & media furniture,https://www.ikea.com/nl/en/cat/tv-media-furniture-10475/,https://www.ikea.com/nl/en/p/brimnes-tv-bench-black-50337698/
TV & media furniture,https://www.ikea.com/nl/en/cat/tv-media-furniture-10475/,https://www.ikea.com/nl/en/p/besta-tv-bench-white-stained-oak-effect-s09061230/
TV & media furniture,https://www.ikea.com/nl/en/cat/tv-media-furniture-10475/,https://www.ikea.com/nl/en/p/stockholm-2025-tv-bench-with-sliding-doors-oak-veneer-40586508/
TV & media furniture,https://www.ikea.com/nl/en/cat/tv-media-furniture-10475/,https://www.ikea.com/nl/en/p/besta-tv-bench-with-doors-white-stained-oak-effect-lappviken-stubbarp-white-stained-oak-effect-s69068337/
Chests of drawers & drawer units,https://www.ikea.com/nl/en/cat/chests-of-drawers-drawer-units-st004/,https://www.ikea.com/nl/en/p/malm-chest-of-6-drawers-white-60403584/
Chests of drawers & drawer units,https://www.ikea.com/nl/en/cat/chests-of-drawers-drawer-units-st004/,https://www.ikea.com/nl/en/p/malm-chest-of-3-drawers-white-20403562/
Chests of drawers & drawer units,https://www.ikea.com/nl/en/cat/chests-of-drawers-drawer-units-st004/,https://www.ikea.com/nl/en/p/malm-chest-of-4-drawers-white-30403571/
Chests of drawers & drawer units,https://www.ikea.com/nl/en/cat/chests-of-drawers-drawer-units-st004/,https://www.ikea.com/nl/en/p/malm-chest-of-6-drawers-white-60403602/
Chests of drawers & drawer units,https://www.ikea.com/nl/en/cat/chests-of-drawers-drawer-units-st004/,https://www.ikea.com/nl/en/p/kullen-chest-of-6-drawers-white-90309245/
Chests of drawers & drawer units,https://www.ikea.com/nl/en/cat/chests-of-drawers-drawer-units-st004/,https://www.ikea.com/nl/en/p/hemnes-chest-of-8-drawers-white-stain-10239280/
Chests of drawers & drawer units,https://www.ikea.com/nl/en/cat/chests-of-drawers-drawer-units-st004/,https://www.ikea.com/nl/en/p/malm-chest-of-3-drawers-white-30429613/
Chests of drawers & drawer units,https://www.ikea.com/nl/en/cat/chests-of-drawers-drawer-units-st004/,https://www.ikea.com/nl/en/p/malm-chest-of-2-drawers-black-brown-00103343/
Chests of drawers & drawer units,https://www.ikea.com/nl/en/cat/chests-of-drawers-drawer-units-st004/,https://www.ikea.com/nl/en/p/kullen-chest-of-2-drawers-white-80309241/
Chests of drawers & drawer units,https://www.ikea.com/nl/en/cat/chests-of-drawers-drawer-units-st004/,https://www.ikea.com/nl/en/p/hemnes-chest-of-3-drawers-white-stain-80424745/
Chests of drawers & drawer units,https://www.ikea.com/nl/en/cat/chests-of-drawers-drawer-units-st004/,https://www.ikea.com/nl/en/p/malm-chest-of-6-drawers-white-mirror-glass-70403593/
Chests of drawers & drawer units,https://www.ikea.com/nl/en/cat/chests-of-drawers-drawer-units-st004/,https://www.ikea.com/nl/en/p/gullaberg-chest-of-8-drawers-white-20609902/
Chests of drawers & drawer units,https://www.ikea.com/nl/en/cat/chests-of-drawers-drawer-units-st004/,https://www.ikea.com/nl/en/p/rast-chest-of-3-drawers-pine-20609860/
Chests of drawers & drawer units,https://www.ikea.com/nl/en/cat/chests-of-drawers-drawer-units-st004/,https://www.ikea.com/nl/en/p/gursken-chest-of-3-drawers-light-beige-00486327/
Chests of drawers & drawer units,https://www.ikea.com/nl/en/cat/chests-of-drawers-drawer-units-st004/,https://www.ikea.com/nl/en/p/radmanso-chest-of-3-drawers-brown-walnut-effect-20593604/
Chests of drawers & drawer units,https://www.ikea.com/nl/en/cat/chests-of-drawers-drawer-units-st004/,https://www.ikea.com/nl/en/p/kullen-chest-of-5-drawers-white-20393662/
Chests of drawers & drawer units,https://www.ikea.com/nl/en/cat/chests-of-drawers-drawer-units-st004/,https://www.ikea.com/nl/en/p/nordli-chest-of-2-drawers-white-s99239494/
Chests of drawers & drawer units,https://www.ikea.com/nl/en/cat/chests-of-drawers-drawer-units-st004/,https://www.ikea.com/nl/en/p/brimnes-chest-of-3-drawers-white-frosted-glass-00392041/
Chests of drawers & drawer units,https://www.ikea.com/nl/en/cat/chests-of-drawers-drawer-units-st004/,https://www.ikea.com/nl/en/p/koppang-chest-of-6-drawers-white-10311308/
Chests of drawers & drawer units,https://www.ikea.com/nl/en/cat/chests-of-drawers-drawer-units-st004/,https://www.ikea.com/nl/en/p/lastare-chest-of-4-drawers-white-40599351/
Chests of drawers & drawer units,https://www.ikea.com/nl/en/cat/chests-of-drawers-drawer-units-st004/,https://www.ikea.com/nl/en/p/malm-dressing-table-white-10203610/
Chests of drawers & drawer units,https://www.ikea.com/nl/en/cat/chests-of-drawers-drawer-units-st004/,https://www.ikea.com/nl/en/p/radmanso-chest-of-6-drawers-brown-walnut-effect-90593605/
Chests of drawers & drawer units,https://www.ikea.com/nl/en/cat/chests-of-drawers-drawer-units-st004/,https://www.ikea.com/nl/en/p/nordli-add-on-clothes-rail-white-50415040/
Chests of drawers & drawer units,https://www.ikea.com/nl/en/cat/chests-of-drawers-drawer-units-st004/,https://www.ikea.com/nl/en/p/malm-chest-of-2-drawers-light-orange-high-gloss-80604572/
Wardrobes,https://www.ikea.com/nl/en/cat/wardrobes-19053/,https://www.ikea.com/nl/en/p/kleppstad-wardrobe-with-3-doors-white-00441758/
Wardrobes,https://www.ikea.com/nl/en/cat/wardrobes-19053/,https://www.ikea.com/nl/en/p/brimnes-wardrobe-with-3-doors-white-40407922/
Wardrobes,https://www.ikea.com/nl/en/cat/wardrobes-19053/,https://www.ikea.com/nl/en/p/kleppstad-wardrobe-with-2-doors-white-80437234/
Wardrobes,https://www.ikea.com/nl/en/cat/wardrobes-19053/,https://www.ikea.com/nl/en/p/rakkestad-wardrobe-with-3-doors-black-brown-70453762/
Wardrobes,https://www.ikea.com/nl/en/cat/wardrobes-19053/,https://www.ikea.com/nl/en/p/brimnes-wardrobe-with-3-doors-black-60407577/
Wardrobes,https://www.ikea.com/nl/en/cat/wardrobes-19053/,https://www.ikea.com/nl/en/p/pax-forsand-wardrobe-combination-grey-beige-grey-beige-s39562216/
Wardrobes,https://www.ikea.com/nl/en/cat/wardrobes-19053/,https://www.ikea.com/nl/en/p/brimnes-wardrobe-with-2-doors-white-40400478/
Wardrobes,https://www.ikea.com/nl/en/cat/wardrobes-19053/,https://www.ikea.com/nl/en/p/radmanso-wardrobe-brown-walnut-effect-70593606/
Wardrobes,https://www.ikea.com/nl/en/cat/wardrobes-19053/,https://www.ikea.com/nl/en/p/kleppstad-wardrobe-with-sliding-doors-white-90437238/
Wardrobes,https://www.ikea.com/nl/en/cat/wardrobes-19053/,https://www.ikea.com/nl/en/p/pax-forsand-wardrobe-combination-grey-beige-grey-beige-s19581471/
Wardrobes,https://www.ikea.com/nl/en/cat/wardrobes-19053/,https://www.ikea.com/nl/en/p/visthus-wardrobe-grey-white-90493446/
Wardrobes,https://www.ikea.com/nl/en/cat/wardrobes-19053/,https://www.ikea.com/nl/en/p/vilhatten-wardrobe-with-2-doors-and-2-drawers-oak-effect-70530609/
Wardrobes,https://www.ikea.com/nl/en/cat/wardrobes-19053/,https://www.ikea.com/nl/en/p/rakkestad-wardrobe-with-2-doors-black-brown-50453758/
Wardrobes,https://www.ikea.com/nl/en/cat/wardrobes-19053/,https://www.ikea.com/nl/en/p/pax-hasvik-wardrobe-dark-grey-dark-grey-s29503152/
Wardrobes,https://www.ikea.com/nl/en/cat/wardrobes-19053/,https://www.ikea.com/nl/en/p/pax-gullaberg-wardrobe-combination-white-white-s59563738/
Wardrobes,https://www.ikea.com/nl/en/cat/wardrobes-19053/,https://www.ikea.com/nl/en/p/brimnes-wardrobe-with-2-doors-black-80400476/
Wardrobes,https://www.ikea.com/nl/en/cat/wardrobes-19053/,https://www.ikea.com/nl/en/p/pax-forsand-wardrobe-dark-grey-dark-grey-s99500292/
Wardrobes,https://www.ikea.com/nl/en/cat/wardrobes-19053/,https://www.ikea.com/nl/en/p/songesand-wardrobe-white-90347351/
Wardrobes,https://www.ikea.com/nl/en/cat/wardrobes-19053/,https://www.ikea.com/nl/en/p/gursken-wardrobe-light-beige-20486326/
Wardrobes,https://www.ikea.com/nl/en/cat/wardrobes-19053/,https://www.ikea.com/nl/en/p/pax-bergsbo-wardrobe-white-white-s09503011/
Wardrobes,https://www.ikea.com/nl/en/cat/wardrobes-19053/,https://www.ikea.com/nl/en/p/pax-hasvik-wardrobe-dark-grey-dark-grey-s29502794/
Wardrobes,https://www.ikea.com/nl/en/cat/wardrobes-19053/,https://www.ikea.com/nl/en/p/pax-tyssedal-wardrobe-combination-grey-beige-grey-beige-s49603184/
Wardrobes,https://www.ikea.com/nl/en/cat/wardrobes-19053/,https://www.ikea.com/nl/en/p/pax-wardrobe-white-s49502632/
Wardrobes,https://www.ikea.com/nl/en/cat/wardrobes-19053/,https://www.ikea.com/nl/en/p/platsa-wardrobe-with-1-door-white-fonnes-white-s39425366/
Garage storage,https://www.ikea.com/nl/en/cat/garage-storage-700440/,https://www.ikea.com/nl/en/p/hyllis-shelving-unit-in-outdoor-00278578/
Garage storage,https://www.ikea.com/nl/en/cat/garage-storage-700440/,https://www.ikea.com/nl/en/p/bror-cabinet-with-doors-black-50494297/
Garage storage,https://www.ikea.com/nl/en/cat/garage-storage-700440/,https://www.ikea.com/nl/en/p/bror-work-bench-with-drawers-black-pine-plywood-70494300/
Garage storage,https://www.ikea.com/nl/en/cat/garage-storage-700440/,https://www.ikea.com/nl/en/p/bror-shelving-unit-w-cabinets-drawers-black-s09423217/
Garage storage,https://www.ikea.com/nl/en/cat/garage-storage-700440/,https://www.ikea.com/nl/en/p/bror-hook-for-post-black-50343147/
Garage storage,https://www.ikea.com/nl/en/cat/garage-storage-700440/,https://www.ikea.com/nl/en/p/knagglig-box-pine-70292359/
Garage storage,https://www.ikea.com/nl/en/cat/garage-storage-700440/,https://www.ikea.com/nl/en/p/omar-shelving-unit-galvanised-30483073/
Garage storage,https://www.ikea.com/nl/en/cat/garage-storage-700440/,https://www.ikea.com/nl/en/p/lack-wall-shelf-unit-black-blue-00592870/
Garage storage,https://www.ikea.com/nl/en/cat/garage-storage-700440/,https://www.ikea.com/nl/en/p/bror-storage-with-cabinet-work-bench-black-pine-plywood-s49436883/
Garage storage,https://www.ikea.com/nl/en/cat/garage-storage-700440/,https://www.ikea.com/nl/en/p/bror-cabinet-with-2-doors-grey-green-50547390/
Garage storage,https://www.ikea.com/nl/en/cat/garage-storage-700440/,https://www.ikea.com/nl/en/p/hejne-1-section-softwood-s79031414/
Garage storage,https://www.ikea.com/nl/en/cat/garage-storage-700440/,https://www.ikea.com/nl/en/p/sockerbit-box-white-50316182/
Garage storage,https://www.ikea.com/nl/en/cat/garage-storage-700440/,https://www.ikea.com/nl/en/p/bror-wall-shelf-combination-s39571862/
Garage storage,https://www.ikea.com/nl/en/cat/garage-storage-700440/,https://www.ikea.com/nl/en/p/hejne-4-sections-shelves-softwood-s49046978/
Garage storage,https://www.ikea.com/nl/en/cat/garage-storage-700440/,https://www.ikea.com/nl/en/p/ivar-shelving-unit-with-2-box-shelves-pine-s69590576/
Garage storage,https://www.ikea.com/nl/en/cat/garage-storage-700440/,https://www.ikea.com/nl/en/p/bror-shelving-unit-with-drawers-shelves-black-s99619413/
Garage storage,https://www.ikea.com/nl/en/cat/garage-storage-700440/,https://www.ikea.com/nl/en/p/kolbjorn-cabinet-beige-outdoor-indoor-60601862/
Garage storage,https://www.ikea.com/nl/en/cat/garage-storage-700440/,https://www.ikea.com/nl/en/p/bror-shelving-unit-grey-green-pine-plywood-s49516139/
Garage storage,https://www.ikea.com/nl/en/cat/garage-storage-700440/,https://www.ikea.com/nl/en/p/hejne-2-sections-with-end-protectors-softwood-s29607606/
Garage storage,https://www.ikea.com/nl/en/cat/garage-storage-700440/,https://www.ikea.com/nl/en/p/omar-shelving-unit-galvanised-70483071/
Garage storage,https://www.ikea.com/nl/en/cat/garage-storage-700440/,https://www.ikea.com/nl/en/p/bror-shelving-unit-black-s29619402/
Garage storage,https://www.ikea.com/nl/en/cat/garage-storage-700440/,https://www.ikea.com/nl/en/p/omar-1-shelf-section-s19829090/
Garage storage,https://www.ikea.com/nl/en/cat/garage-storage-700440/,https://www.ikea.com/nl/en/p/fargsattare-wall-shelf-combination-green-s09602803/
Garage storage,https://www.ikea.com/nl/en/cat/garage-storage-700440/,https://www.ikea.com/nl/en/p/bror-wall-shelf-combination-s19571858/
"Sideboards, buffets & console tables",https://www.ikea.com/nl/en/cat/sideboards-buffets-console-tables-30454/,https://www.ikea.com/nl/en/p/radmanso-cabinet-brown-walnut-effect-80597755/
"Sideboards, buffets & console tables",https://www.ikea.com/nl/en/cat/sideboards-buffets-console-tables-30454/,https://www.ikea.com/nl/en/p/vihals-sideboard-white-30491718/
"Sideboards, buffets & console tables",https://www.ikea.com/nl/en/cat/sideboards-buffets-console-tables-30454/,https://www.ikea.com/nl/en/p/hauga-sideboard-white-60407266/
"Sideboards, buffets & console tables",https://www.ikea.com/nl/en/cat/sideboards-buffets-console-tables-30454/,https://www.ikea.com/nl/en/p/besta-storage-combination-with-drawers-white-krukmakare-beige-s79602809/
"Sideboards, buffets & console tables",https://www.ikea.com/nl/en/cat/sideboards-buffets-console-tables-30454/,https://www.ikea.com/nl/en/p/holmerud-side-table-dark-brown-20538721/
"Sideboards, buffets & console tables",https://www.ikea.com/nl/en/cat/sideboards-buffets-console-tables-30454/,https://www.ikea.com/nl/en/p/fjallbo-sideboard-black-00502799/
"Sideboards, buffets & console tables",https://www.ikea.com/nl/en/cat/sideboards-buffets-console-tables-30454/,https://www.ikea.com/nl/en/p/baggebo-sideboard-white-40553616/
"Sideboards, buffets & console tables",https://www.ikea.com/nl/en/cat/sideboards-buffets-console-tables-30454/,https://www.ikea.com/nl/en/p/besta-storage-combination-with-doors-black-brown-lappviken-stubbarp-walnut-effect-s49612348/
"Sideboards, buffets & console tables",https://www.ikea.com/nl/en/cat/sideboards-buffets-console-tables-30454/,https://www.ikea.com/nl/en/p/kallax-shelving-unit-white-80275887/
"Sideboards, buffets & console tables",https://www.ikea.com/nl/en/cat/sideboards-buffets-console-tables-30454/,https://www.ikea.com/nl/en/p/besta-storage-combination-with-doors-black-brown-lappviken-stubbarp-walnut-effect-s29612189/
"Sideboards, buffets & console tables",https://www.ikea.com/nl/en/cat/sideboards-buffets-console-tables-30454/,https://www.ikea.com/nl/en/p/havsta-sideboard-basic-unit-grey-beige-30529231/
"Sideboards, buffets & console tables",https://www.ikea.com/nl/en/cat/sideboards-buffets-console-tables-30454/,https://www.ikea.com/nl/en/p/besta-storage-combination-with-drawers-black-brown-bjorkoviken-stubbarp-brown-stained-oak-veneer-s09421845/
"Sideboards, buffets & console tables",https://www.ikea.com/nl/en/cat/sideboards-buffets-console-tables-30454/,https://www.ikea.com/nl/en/p/lanesund-sideboard-grey-brown-90466546/
"Sideboards, buffets & console tables",https://www.ikea.com/nl/en/cat/sideboards-buffets-console-tables-30454/,https://www.ikea.com/nl/en/p/stockholm-2025-sideboard-oak-veneer-10586604/
"Sideboards, buffets & console tables",https://www.ikea.com/nl/en/cat/sideboards-buffets-console-tables-30454/,https://www.ikea.com/nl/en/p/tonstad-cabinet-with-sliding-glass-doors-oak-veneer-00489284/
"Sideboards, buffets & console tables",https://www.ikea.com/nl/en/cat/sideboards-buffets-console-tables-30454/,https://www.ikea.com/nl/en/p/besta-storage-combination-with-doors-black-brown-lappviken-stubbarp-black-brown-s89419075/
"Sideboards, buffets & console tables",https://www.ikea.com/nl/en/cat/sideboards-buffets-console-tables-30454/,https://www.ikea.com/nl/en/p/lixhult-cabinet-combination-grey-s19279177/
"Sideboards, buffets & console tables",https://www.ikea.com/nl/en/cat/sideboards-buffets-console-tables-30454/,https://www.ikea.com/nl/en/p/idanas-console-table-white-90487879/
"Sideboards, buffets & console tables",https://www.ikea.com/nl/en/cat/sideboards-buffets-console-tables-30454/,https://www.ikea.com/nl/en/p/idanas-sideboard-white-80496025/
"Sideboards, buffets & console tables",https://www.ikea.com/nl/en/cat/sideboards-buffets-console-tables-30454/,https://www.ikea.com/nl/en/p/besta-wall-mounted-cabinet-combination-white-lappviken-white-s89425910/
"Sideboards, buffets & console tables",https://www.ikea.com/nl/en/cat/sideboards-buffets-console-tables-30454/,https://www.ikea.com/nl/en/p/spiksmed-sideboard-light-grey-80565518/
"Sideboards, buffets & console tables",https://www.ikea.com/nl/en/cat/sideboards-buffets-console-tables-30454/,https://www.ikea.com/nl/en/p/besta-storage-combination-w-doors-drawers-black-brown-lappviken-stubbarp-walnut-effect-s19612359/
"Sideboards, buffets & console tables",https://www.ikea.com/nl/en/cat/sideboards-buffets-console-tables-30454/,https://www.ikea.com/nl/en/p/skruvby-sideboard-white-60568725/
"Sideboards, buffets & console tables",https://www.ikea.com/nl/en/cat/sideboards-buffets-console-tables-30454/,https://www.ikea.com/nl/en/p/klackenas-sideboard-black-oak-veneer-brown-stained-90506750/
Kitchen islands & storage trolleys,https://www.ikea.com/nl/en/cat/kitchen-islands-storage-trolleys-fu005/,https://www.ikea.com/nl/en/p/raskog-trolley-black-40582181/
Kitchen islands & storage trolleys,https://www.ikea.com/nl/en/cat/kitchen-islands-storage-trolleys-fu005/,https://www.ikea.com/nl/en/p/nissafors-trolley-black-20399777/
Kitchen islands & storage trolleys,https://www.ikea.com/nl/en/cat/kitchen-islands-storage-trolleys-fu005/,https://www.ikea.com/nl/en/p/forhoja-kitchen-trolley-birch-80035920/
Kitchen islands & storage trolleys,https://www.ikea.com/nl/en/cat/kitchen-islands-storage-trolleys-fu005/,https://www.ikea.com/nl/en/p/raskog-trolley-white-00586789/
Kitchen islands & storage trolleys,https://www.ikea.com/nl/en/cat/kitchen-islands-storage-trolleys-fu005/,https://www.ikea.com/nl/en/p/vesken-trolley-white-00471222/
Kitchen islands & storage trolleys,https://www.ikea.com/nl/en/cat/kitchen-islands-storage-trolleys-fu005/,https://www.ikea.com/nl/en/p/raskog-norrava-trolley-with-lid-black-s39580753/
Kitchen islands & storage trolleys,https://www.ikea.com/nl/en/cat/kitchen-islands-storage-trolleys-fu005/,https://www.ikea.com/nl/en/p/raskog-norrava-trolley-with-lid-black-s79580751/
Kitchen islands & storage trolleys,https://www.ikea.com/nl/en/cat/kitchen-islands-storage-trolleys-fu005/,https://www.ikea.com/nl/en/p/nissafors-trolley-black-10602982/
Kitchen islands & storage trolleys,https://www.ikea.com/nl/en/cat/kitchen-islands-storage-trolleys-fu005/,https://www.ikea.com/nl/en/p/hornavan-trolley-white-70243873/
Kitchen islands & storage trolleys,https://www.ikea.com/nl/en/cat/kitchen-islands-storage-trolleys-fu005/,https://www.ikea.com/nl/en/p/bekvam-kitchen-trolley-birch-30240348/
Kitchen islands & storage trolleys,https://www.ikea.com/nl/en/cat/kitchen-islands-storage-trolleys-fu005/,https://www.ikea.com/nl/en/p/resaro-mobile-drop-leaf-table-w-storage-pine-20533337/
Kitchen islands & storage trolleys,https://www.ikea.com/nl/en/cat/kitchen-islands-storage-trolleys-fu005/,https://www.ikea.com/nl/en/p/stenstorp-kitchen-trolley-black-brown-oak-90596519/
Kitchen islands & storage trolleys,https://www.ikea.com/nl/en/cat/kitchen-islands-storage-trolleys-fu005/,https://www.ikea.com/nl/en/p/ovning-trolley-white-grey-green-00517003/
Kitchen islands & storage trolleys,https://www.ikea.com/nl/en/cat/kitchen-islands-storage-trolleys-fu005/,https://www.ikea.com/nl/en/p/juttersbo-trolley-grey-green-40498941/
Kitchen islands & storage trolleys,https://www.ikea.com/nl/en/cat/kitchen-islands-storage-trolleys-fu005/,https://www.ikea.com/nl/en/p/ragrund-trolley-bamboo-20549418/
Kitchen islands & storage trolleys,https://www.ikea.com/nl/en/cat/kitchen-islands-storage-trolleys-fu005/,https://www.ikea.com/nl/en/p/vadholma-kitchen-island-black-oak-40366115/
Kitchen islands & storage trolleys,https://www.ikea.com/nl/en/cat/kitchen-islands-storage-trolleys-fu005/,https://www.ikea.com/nl/en/p/tornviken-kitchen-island-off-white-oak-40391657/
Kitchen islands & storage trolleys,https://www.ikea.com/nl/en/cat/kitchen-islands-storage-trolleys-fu005/,https://www.ikea.com/nl/en/p/loshult-trolley-pine-40576279/
Kitchen islands & storage trolleys,https://www.ikea.com/nl/en/cat/kitchen-islands-storage-trolleys-fu005/,https://www.ikea.com/nl/en/p/kungsfors-kitchen-trolley-stainless-steel-80334924/
Kitchen islands & storage trolleys,https://www.ikea.com/nl/en/cat/kitchen-islands-storage-trolleys-fu005/,https://www.ikea.com/nl/en/p/vadholma-kitchen-island-black-oak-20359154/
Kitchen islands & storage trolleys,https://www.ikea.com/nl/en/cat/kitchen-islands-storage-trolleys-fu005/,https://www.ikea.com/nl/en/p/bror-trolley-black-pine-plywood-60333850/
Kitchen islands & storage trolleys,https://www.ikea.com/nl/en/cat/kitchen-islands-storage-trolleys-fu005/,https://www.ikea.com/nl/en/p/rimforsa-work-bench-stainless-steel-bamboo-90399284/
Kitchen islands & storage trolleys,https://www.ikea.com/nl/en/cat/kitchen-islands-storage-trolleys-fu005/,https://www.ikea.com/nl/en/p/norrava-lid-bamboo-00542861/
Kitchen islands & storage trolleys,https://www.ikea.com/nl/en/cat/kitchen-islands-storage-trolleys-fu005/,https://www.ikea.com/nl/en/p/vadholma-kitchen-island-with-rack-black-oak-s59276228/
Room dividers,https://www.ikea.com/nl/en/cat/room-dividers-46080/,https://www.ikea.com/nl/en/p/kallax-shelving-unit-white-70301537/
Room dividers,https://www.ikea.com/nl/en/cat/room-dividers-46080/,https://www.ikea.com/nl/en/p/risor-room-divider-white-black-70182191/
Room dividers,https://www.ikea.com/nl/en/cat/room-dividers-46080/,https://www.ikea.com/nl/en/p/glamberget-room-divider-pine-katorp-beige-90564735/
Room dividers,https://www.ikea.com/nl/en/cat/room-dividers-46080/,https://www.ikea.com/nl/en/p/nammaro-privacy-screen-light-brown-stained-indoor-outdoor-20532743/
Room dividers,https://www.ikea.com/nl/en/cat/room-dividers-46080/,https://www.ikea.com/nl/en/p/kallax-shelving-unit-white-30275861/
Room dividers,https://www.ikea.com/nl/en/cat/room-dividers-46080/,https://www.ikea.com/nl/en/p/tolkning-room-divider-handmade-rattan-60512663/
Room dividers,https://www.ikea.com/nl/en/cat/room-dividers-46080/,https://www.ikea.com/nl/en/p/grafjallet-room-divider-anthracite-10570226/
Room dividers,https://www.ikea.com/nl/en/cat/room-dividers-46080/,https://www.ikea.com/nl/en/p/kallax-shelving-unit-with-4-inserts-white-stained-oak-effect-s19197596/
Room dividers,https://www.ikea.com/nl/en/cat/room-dividers-46080/,https://www.ikea.com/nl/en/p/grejsimojs-room-divider-yellow-grey-70603182/
Room dividers,https://www.ikea.com/nl/en/cat/room-dividers-46080/,https://www.ikea.com/nl/en/p/mittzon-frame-w-cstrs-acoustic-screen-gunnared-beige-white-s39514683/
Room dividers,https://www.ikea.com/nl/en/cat/room-dividers-46080/,https://www.ikea.com/nl/en/p/lungon-privacy-screen-off-white-indoor-outdoor-80515509/
Room dividers,https://www.ikea.com/nl/en/cat/room-dividers-46080/,https://www.ikea.com/nl/en/p/kallax-shelving-unit-with-10-inserts-black-brown-s69278335/
Room dividers,https://www.ikea.com/nl/en/cat/room-dividers-46080/,https://www.ikea.com/nl/en/p/kallax-shelving-unit-with-4-inserts-white-stained-oak-effect-s49197420/
Room dividers,https://www.ikea.com/nl/en/cat/room-dividers-46080/,https://www.ikea.com/nl/en/p/kallax-shelving-unit-with-8-inserts-white-s69017475/
Room dividers,https://www.ikea.com/nl/en/cat/room-dividers-46080/,https://www.ikea.com/nl/en/p/kallax-shelving-unit-with-4-inserts-white-glass-s09573198/
Hallway furniture sets,https://www.ikea.com/nl/en/cat/hallway-furniture-sets-700411/,https://www.ikea.com/nl/en/p/nipasen-baggmuck-hallway-furniture-set-of-2-black-grey-s29618011/
Hallway furniture sets,https://www.ikea.com/nl/en/cat/hallway-furniture-sets-700411/,https://www.ikea.com/nl/en/p/mackapar-baggmuck-hallway-furniture-set-of-4-white-grey-s89527838/
Hallway furniture sets,https://www.ikea.com/nl/en/cat/hallway-furniture-sets-700411/,https://www.ikea.com/nl/en/p/nipasen-baggmuck-hallway-furniture-set-of-2-black-grey-s69618009/
Hallway furniture sets,https://www.ikea.com/nl/en/cat/hallway-furniture-sets-700411/,https://www.ikea.com/nl/en/p/grejig-ekrar-hallway-furniture-set-of-4-white-grey-s39527831/
Hallway furniture sets,https://www.ikea.com/nl/en/cat/hallway-furniture-sets-700411/,https://www.ikea.com/nl/en/p/stall-nordli-hallway-furniture-set-of-2-white-s39527930/
Hallway furniture sets,https://www.ikea.com/nl/en/cat/hallway-furniture-sets-700411/,https://www.ikea.com/nl/en/p/nipasen-baggmuck-hallway-furniture-set-of-4-black-grey-s09576168/
Hallway furniture sets,https://www.ikea.com/nl/en/cat/hallway-furniture-sets-700411/,https://www.ikea.com/nl/en/p/bissa-ekrar-hallway-furniture-set-of-4-white-grey-s79527933/
Hallway furniture sets,https://www.ikea.com/nl/en/cat/hallway-furniture-sets-700411/,https://www.ikea.com/nl/en/p/mackapar-vihals-hallway-furniture-set-of-5-white-s19527889/
Hallway furniture sets,https://www.ikea.com/nl/en/cat/hallway-furniture-sets-700411/,https://www.ikea.com/nl/en/p/greaker-nipasen-hallway-furniture-set-of-4-white-black-s39527906/
Hallway furniture sets,https://www.ikea.com/nl/en/cat/hallway-furniture-sets-700411/,https://www.ikea.com/nl/en/p/jonaxel-grejig-hallway-furniture-set-of-5-white-grey-s19527870/
Hallway furniture sets,https://www.ikea.com/nl/en/cat/hallway-furniture-sets-700411/,https://www.ikea.com/nl/en/p/jonaxel-grejig-hallway-furniture-set-of-5-white-grey-s89646879/
Hallway furniture sets,https://www.ikea.com/nl/en/cat/hallway-furniture-sets-700411/,https://www.ikea.com/nl/en/p/grejig-ekrar-hallway-furniture-set-of-4-white-grey-s59646748/
Storage units & cabinets,https://www.ikea.com/nl/en/cat/storage-units-cabinets-10385/,https://www.ikea.com/nl/en/p/alex-drawer-unit-white-00473546/
Storage units & cabinets,https://www.ikea.com/nl/en/cat/storage-units-cabinets-10385/,https://www.ikea.com/nl/en/p/trotten-drawer-unit-w-3-drawers-on-castors-anthracite-70485094/
Storage units & cabinets,https://www.ikea.com/nl/en/cat/storage-units-cabinets-10385/,https://www.ikea.com/nl/en/p/lennart-drawer-unit-white-30326177/
Storage units & cabinets,https://www.ikea.com/nl/en/cat/storage-units-cabinets-10385/,https://www.ikea.com/nl/en/p/trotten-cabinet-with-doors-white-30474771/
Storage units & cabinets,https://www.ikea.com/nl/en/cat/storage-units-cabinets-10385/,https://www.ikea.com/nl/en/p/idasen-cabinet-with-doors-and-drawers-dark-green-90496398/
Storage units & cabinets,https://www.ikea.com/nl/en/cat/storage-units-cabinets-10385/,https://www.ikea.com/nl/en/p/galant-cabinet-with-doors-black-stained-ash-veneer-50365139/
Storage units & cabinets,https://www.ikea.com/nl/en/cat/storage-units-cabinets-10385/,https://www.ikea.com/nl/en/p/alex-drawer-unit-on-castors-white-80485423/
Storage units & cabinets,https://www.ikea.com/nl/en/cat/storage-units-cabinets-10385/,https://www.ikea.com/nl/en/p/trotten-cabinet-with-sliding-doors-anthracite-00474838/
Storage units & cabinets,https://www.ikea.com/nl/en/cat/storage-units-cabinets-10385/,https://www.ikea.com/nl/en/p/galant-cabinet-with-sliding-doors-black-stained-ash-veneer-20365131/
Storage units & cabinets,https://www.ikea.com/nl/en/cat/storage-units-cabinets-10385/,https://www.ikea.com/nl/en/p/friidrott-drawer-unit-on-castors-white-60609071/
Storage units & cabinets,https://www.ikea.com/nl/en/cat/storage-units-cabinets-10385/,https://www.ikea.com/nl/en/p/alex-storage-unit-white-50563752/
Storage units & cabinets,https://www.ikea.com/nl/en/cat/storage-units-cabinets-10385/,https://www.ikea.com/nl/en/p/trotten-cabinet-with-sliding-doors-anthracite-20474837/
Storage units & cabinets,https://www.ikea.com/nl/en/cat/storage-units-cabinets-10385/,https://www.ikea.com/nl/en/p/idasen-drawer-unit-on-castors-beige-10320727/
Storage units & cabinets,https://www.ikea.com/nl/en/cat/storage-units-cabinets-10385/,https://www.ikea.com/nl/en/p/idasen-high-cabinet-with-drawer-and-doors-dark-green-10496401/
Storage units & cabinets,https://www.ikea.com/nl/en/cat/storage-units-cabinets-10385/,https://www.ikea.com/nl/en/p/trotten-cabinet-with-sliding-doors-white-80474759/
Storage units & cabinets,https://www.ikea.com/nl/en/cat/storage-units-cabinets-10385/,https://www.ikea.com/nl/en/p/helmer-drawer-unit-on-castors-black-20341970/
Storage units & cabinets,https://www.ikea.com/nl/en/cat/storage-units-cabinets-10385/,https://www.ikea.com/nl/en/p/summera-drop-file-patterned-20252266/
Storage units & cabinets,https://www.ikea.com/nl/en/cat/storage-units-cabinets-10385/,https://www.ikea.com/nl/en/p/alex-storage-unit-on-castors-dark-grey-black-s29582682/
Storage units & cabinets,https://www.ikea.com/nl/en/cat/storage-units-cabinets-10385/,https://www.ikea.com/nl/en/p/trotten-cabinet-with-sliding-doors-anthracite-s19429657/
Storage units & cabinets,https://www.ikea.com/nl/en/cat/storage-units-cabinets-10385/,https://www.ikea.com/nl/en/p/galant-cabinet-with-sliding-doors-white-10472867/
Storage units & cabinets,https://www.ikea.com/nl/en/cat/storage-units-cabinets-10385/,https://www.ikea.com/nl/en/p/galant-drawer-unit-on-castors-white-10365155/
Storage units & cabinets,https://www.ikea.com/nl/en/cat/storage-units-cabinets-10385/,https://www.ikea.com/nl/en/p/ovning-trolley-white-grey-green-00517003/
Storage units & cabinets,https://www.ikea.com/nl/en/cat/storage-units-cabinets-10385/,https://www.ikea.com/nl/en/p/bekant-storage-unit-on-castors-mesh-white-60591373/
Storage units & cabinets,https://www.ikea.com/nl/en/cat/storage-units-cabinets-10385/,https://www.ikea.com/nl/en/p/alex-drawer-unit-with-insert-dark-grey-s19628020/
Shoe cabinets,https://www.ikea.com/nl/en/cat/shoe-cabinets-10456/,https://www.ikea.com/nl/en/p/bissa-shoe-cabinet-with-3-compartments-white-10530259/
Shoe cabinets,https://www.ikea.com/nl/en/cat/shoe-cabinets-10456/,https://www.ikea.com/nl/en/p/bissa-shoe-cabinet-with-2-compartments-white-70530256/
Shoe cabinets,https://www.ikea.com/nl/en/cat/shoe-cabinets-10456/,https://www.ikea.com/nl/en/p/stall-shoe-cabinet-with-4-compartments-white-60530266/
Shoe cabinets,https://www.ikea.com/nl/en/cat/shoe-cabinets-10456/,https://www.ikea.com/nl/en/p/trones-shoe-cabinet-storage-black-80397313/
Shoe cabinets,https://www.ikea.com/nl/en/cat/shoe-cabinets-10456/,https://www.ikea.com/nl/en/p/trones-shoe-cabinet-storage-white-00397307/
Shoe cabinets,https://www.ikea.com/nl/en/cat/shoe-cabinets-10456/,https://www.ikea.com/nl/en/p/kleppstad-shoe-cabinet-storage-white-30521659/
Shoe cabinets,https://www.ikea.com/nl/en/cat/shoe-cabinets-10456/,https://www.ikea.com/nl/en/p/hemnes-shoe-cabinet-with-4-compartments-white-60156121/
Shoe cabinets,https://www.ikea.com/nl/en/cat/shoe-cabinets-10456/,https://www.ikea.com/nl/en/p/hemnes-shoe-cabinet-with-4-compartments-black-brown-80156120/
Shoe cabinets,https://www.ikea.com/nl/en/cat/shoe-cabinets-10456/,https://www.ikea.com/nl/en/p/gullaberg-shoe-cabinet-with-2-compartments-white-50587692/
Shoe cabinets,https://www.ikea.com/nl/en/cat/shoe-cabinets-10456/,https://www.ikea.com/nl/en/p/gullaberg-shoe-cabinet-with-4-compartments-white-50587710/
Shoe cabinets,https://www.ikea.com/nl/en/cat/shoe-cabinets-10456/,https://www.ikea.com/nl/en/p/bissa-shoe-cabinet-with-2-compartments-black-brown-20530206/
Shoe cabinets,https://www.ikea.com/nl/en/cat/shoe-cabinets-10456/,https://www.ikea.com/nl/en/p/bissa-shoe-cabinet-with-3-compartments-black-brown-60530209/
Shoe cabinets,https://www.ikea.com/nl/en/cat/shoe-cabinets-10456/,https://www.ikea.com/nl/en/p/murvel-shoehorn-grey-40611367/
Shoe cabinets,https://www.ikea.com/nl/en/cat/shoe-cabinets-10456/,https://www.ikea.com/nl/en/p/stall-shoe-cabinet-with-3-compartments-white-50530262/
Shoe cabinets,https://www.ikea.com/nl/en/cat/shoe-cabinets-10456/,https://www.ikea.com/nl/en/p/grejig-hallway-furniture-set-of-5-grey-s19618002/
Shoe cabinets,https://www.ikea.com/nl/en/cat/shoe-cabinets-10456/,https://www.ikea.com/nl/en/p/hemnes-shoe-cabinet-with-2-compartments-black-brown-40216908/
Shoe cabinets,https://www.ikea.com/nl/en/cat/shoe-cabinets-10456/,https://www.ikea.com/nl/en/p/hemnes-shoe-cabinet-with-2-compartments-white-20169559/
Shoe cabinets,https://www.ikea.com/nl/en/cat/shoe-cabinets-10456/,https://www.ikea.com/nl/en/p/brusali-shoe-cabinet-with-3-compartments-white-80480393/
Shoe cabinets,https://www.ikea.com/nl/en/cat/shoe-cabinets-10456/,https://www.ikea.com/nl/en/p/bissa-shoe-cabinet-with-2-compartments-oak-effect-70530218/
Shoe cabinets,https://www.ikea.com/nl/en/cat/shoe-cabinets-10456/,https://www.ikea.com/nl/en/p/sittpinne-shoe-shaper-dark-grey-50546343/
Shoe cabinets,https://www.ikea.com/nl/en/cat/shoe-cabinets-10456/,https://www.ikea.com/nl/en/p/mackapar-shoe-cabinet-storage-white-50334751/
Shoe cabinets,https://www.ikea.com/nl/en/cat/shoe-cabinets-10456/,https://www.ikea.com/nl/en/p/nipasen-baggmuck-hallway-furniture-set-of-4-black-grey-s09576168/
Shoe cabinets,https://www.ikea.com/nl/en/cat/shoe-cabinets-10456/,https://www.ikea.com/nl/en/p/snoskyffel-shoehorn-bright-red-30530951/
Shoe cabinets,https://www.ikea.com/nl/en/cat/shoe-cabinets-10456/,https://www.ikea.com/nl/en/p/omtanksam-shoehorn-anthracite-70378070/
Children's storage & organisation,https://www.ikea.com/nl/en/cat/childrens-storage-organisation-18706/,https://www.ikea.com/nl/en/p/flisat-wall-storage-light-white-stained-pine-00290778/
Children's storage & organisation,https://www.ikea.com/nl/en/cat/childrens-storage-organisation-18706/,https://www.ikea.com/nl/en/p/smastad-bench-with-toy-storage-white-white-s19389152/
Children's storage & organisation,https://www.ikea.com/nl/en/cat/childrens-storage-organisation-18706/,https://www.ikea.com/nl/en/p/sandlopare-storage-bag-multicolour-savannah-80612708/
Children's storage & organisation,https://www.ikea.com/nl/en/cat/childrens-storage-organisation-18706/,https://www.ikea.com/nl/en/p/trofast-storage-combination-with-boxes-light-white-stained-pine-white-s39574865/
Children's storage & organisation,https://www.ikea.com/nl/en/cat/childrens-storage-organisation-18706/,https://www.ikea.com/nl/en/p/klunka-laundry-bag-white-black-50364371/
Children's storage & organisation,https://www.ikea.com/nl/en/cat/childrens-storage-organisation-18706/,https://www.ikea.com/nl/en/p/flisat-book-display-80614566/
Children's storage & organisation,https://www.ikea.com/nl/en/cat/childrens-storage-organisation-18706/,https://www.ikea.com/nl/en/p/hangig-label-holder-00451323/
Children's storage & organisation,https://www.ikea.com/nl/en/cat/childrens-storage-organisation-18706/,https://www.ikea.com/nl/en/p/vitbjorn-storage-unit-with-drawer-white-red-60537178/
Children's storage & organisation,https://www.ikea.com/nl/en/cat/childrens-storage-organisation-18706/,https://www.ikea.com/nl/en/p/godishus-chest-of-3-drawers-white-80598095/
Children's storage & organisation,https://www.ikea.com/nl/en/cat/childrens-storage-organisation-18706/,https://www.ikea.com/nl/en/p/lustigt-wall-shelf-30381852/
Children's storage & organisation,https://www.ikea.com/nl/en/cat/childrens-storage-organisation-18706/,https://www.ikea.com/nl/en/p/trofast-storage-combination-with-boxes-white-white-s59574459/
Children's storage & organisation,https://www.ikea.com/nl/en/cat/childrens-storage-organisation-18706/,https://www.ikea.com/nl/en/p/bagis-childrens-coat-hanger-mixed-colours-60591014/
Children's storage & organisation,https://www.ikea.com/nl/en/cat/childrens-storage-organisation-18706/,https://www.ikea.com/nl/en/p/latthet-hook-and-clip-10436978/
Children's storage & organisation,https://www.ikea.com/nl/en/cat/childrens-storage-organisation-18706/,https://www.ikea.com/nl/en/p/sandlopare-storage-trunk-light-brown-30603216/
Children's storage & organisation,https://www.ikea.com/nl/en/cat/childrens-storage-organisation-18706/,https://www.ikea.com/nl/en/p/latmask-clip-on-handle-black-10628982/
Children's storage & organisation,https://www.ikea.com/nl/en/cat/childrens-storage-organisation-18706/,https://www.ikea.com/nl/en/p/nicky-storage-bag-black-white-striped-00617494/
Children's storage & organisation,https://www.ikea.com/nl/en/cat/childrens-storage-organisation-18706/,https://www.ikea.com/nl/en/p/smastad-bench-white-80433542/
Children's storage & organisation,https://www.ikea.com/nl/en/cat/childrens-storage-organisation-18706/,https://www.ikea.com/nl/en/p/barndrom-box-set-of-3-green-blue-beige-10560623/
Children's storage & organisation,https://www.ikea.com/nl/en/cat/childrens-storage-organisation-18706/,https://www.ikea.com/nl/en/p/trofast-storage-combination-with-boxes-grey-light-orange-white-s79574948/
Children's storage & organisation,https://www.ikea.com/nl/en/cat/childrens-storage-organisation-18706/,https://www.ikea.com/nl/en/p/sandlopare-storage-bag-light-brown-zebra-pattern-80603214/
Children's storage & organisation,https://www.ikea.com/nl/en/cat/childrens-storage-organisation-18706/,https://www.ikea.com/nl/en/p/bergig-book-display-with-storage-white-60598100/
Children's storage & organisation,https://www.ikea.com/nl/en/cat/childrens-storage-organisation-18706/,https://www.ikea.com/nl/en/p/lastare-storage-combination-yellow-s69603668/
Children's storage & organisation,https://www.ikea.com/nl/en/cat/childrens-storage-organisation-18706/,https://www.ikea.com/nl/en/p/glis-box-with-lid-green-lilac-blue-00604118/
Children's storage & organisation,https://www.ikea.com/nl/en/cat/childrens-storage-organisation-18706/,https://www.ikea.com/nl/en/p/rassla-storage-with-5-compartments-white-50421338/
Food storage & organising,https://www.ikea.com/nl/en/cat/food-storage-organising-15937/,https://www.ikea.com/nl/en/p/ikea-365-food-container-with-lid-rectangular-glass-plastic-s89269071/
Food storage & organising,https://www.ikea.com/nl/en/cat/food-storage-organising-15937/,https://www.ikea.com/nl/en/p/ikea-365-dry-food-jar-with-lid-transparent-white-80066723/
Food storage & organising,https://www.ikea.com/nl/en/cat/food-storage-organising-15937/,https://www.ikea.com/nl/en/p/korallvippa-dry-food-jar-with-lid-set-of-6-transparent-70599316/
Food storage & organising,https://www.ikea.com/nl/en/cat/food-storage-organising-15937/,https://www.ikea.com/nl/en/p/chokladhaj-food-storage-box-set-of-2-wood-40604574/
Food storage & organising,https://www.ikea.com/nl/en/cat/food-storage-organising-15937/,https://www.ikea.com/nl/en/p/ikea-365-food-container-with-lid-rectangular-glass-90623829/
Food storage & organising,https://www.ikea.com/nl/en/cat/food-storage-organising-15937/,https://www.ikea.com/nl/en/p/nalblecka-kitchen-countertop-organiser-metal-bamboo-10564616/
Food storage & organising,https://www.ikea.com/nl/en/cat/food-storage-organising-15937/,https://www.ikea.com/nl/en/p/ikea-365-food-container-with-lid-rectangular-plastic-70507963/
Food storage & organising,https://www.ikea.com/nl/en/cat/food-storage-organising-15937/,https://www.ikea.com/nl/en/p/ikea-365-food-container-with-lid-square-glass-10623833/
Food storage & organising,https://www.ikea.com/nl/en/cat/food-storage-organising-15937/,https://www.ikea.com/nl/en/p/bevara-sealing-clip-anthracite-dark-yellow-90524179/
Food storage & organising,https://www.ikea.com/nl/en/cat/food-storage-organising-15937/,https://www.ikea.com/nl/en/p/ikea-365-food-container-with-lid-square-glass-80444946/
Food storage & organising,https://www.ikea.com/nl/en/cat/food-storage-organising-15937/,https://www.ikea.com/nl/en/p/istad-resealable-bag-patterned-black-yellow-50525642/
Food storage & organising,https://www.ikea.com/nl/en/cat/food-storage-organising-15937/,https://www.ikea.com/nl/en/p/klippkaktus-herb-storage-for-fridge-transparent-60610994/
Food storage & organising,https://www.ikea.com/nl/en/cat/food-storage-organising-15937/,https://www.ikea.com/nl/en/p/ikea-365-food-container-square-plastic-60452174/
Food storage & organising,https://www.ikea.com/nl/en/cat/food-storage-organising-15937/,https://www.ikea.com/nl/en/p/klippkaktus-drink-holder-for-fridge-transparent-00610992/
Food storage & organising,https://www.ikea.com/nl/en/cat/food-storage-organising-15937/,https://www.ikea.com/nl/en/p/bevara-sealing-clip-set-of-26-mixed-colours-00524174/
Food storage & organising,https://www.ikea.com/nl/en/cat/food-storage-organising-15937/,https://www.ikea.com/nl/en/p/eklatant-jar-with-lid-clear-glass-bamboo-90376602/
Food storage & organising,https://www.ikea.com/nl/en/cat/food-storage-organising-15937/,https://www.ikea.com/nl/en/p/ikea-365-food-container-with-lid-rectangular-glass-plastic-s29269074/
Food storage & organising,https://www.ikea.com/nl/en/cat/food-storage-organising-15937/,https://www.ikea.com/nl/en/p/klippkaktus-storage-box-for-fridge-transparent-10568884/
Food storage & organising,https://www.ikea.com/nl/en/cat/food-storage-organising-15937/,https://www.ikea.com/nl/en/p/garnityren-bowl-with-lid-set-of-5-mixed-colours-60480129/
Food storage & organising,https://www.ikea.com/nl/en/cat/food-storage-organising-15937/,https://www.ikea.com/nl/en/p/variera-shelf-insert-white-80136622/
Food storage & organising,https://www.ikea.com/nl/en/cat/food-storage-organising-15937/,https://www.ikea.com/nl/en/p/havstobis-food-container-with-lid-set-of-5-transparent-multicolour-30559275/
Food storage & organising,https://www.ikea.com/nl/en/cat/food-storage-organising-15937/,https://www.ikea.com/nl/en/p/ikea-365-food-container-with-lid-rectangular-glass-bamboo-s09269065/
Food storage & organising,https://www.ikea.com/nl/en/cat/food-storage-organising-15937/,https://www.ikea.com/nl/en/p/ikea-365-food-container-with-lid-rectangular-plastic-s99269080/
Food storage & organising,https://www.ikea.com/nl/en/cat/food-storage-organising-15937/,https://www.ikea.com/nl/en/p/ikea-365-food-container-square-stainless-steel-20580319/
Dinnerware,https://www.ikea.com/nl/en/cat/dinnerware-18860/,https://www.ikea.com/nl/en/p/gladelig-18-piece-service-grey-10588684/
Dinnerware,https://www.ikea.com/nl/en/cat/dinnerware-18860/,https://www.ikea.com/nl/en/p/oftast-plate-white-30258913/
Dinnerware,https://www.ikea.com/nl/en/cat/dinnerware-18860/,https://www.ikea.com/nl/en/p/fargklar-18-piece-service-light-pink-20600609/
Dinnerware,https://www.ikea.com/nl/en/cat/dinnerware-18860/,https://www.ikea.com/nl/en/p/godmiddag-18-piece-service-white-10564683/
Dinnerware,https://www.ikea.com/nl/en/cat/dinnerware-18860/,https://www.ikea.com/nl/en/p/ikea-365-bowl-rounded-sides-white-20278351/
Dinnerware,https://www.ikea.com/nl/en/cat/dinnerware-18860/,https://www.ikea.com/nl/en/p/sandskadda-side-plate-light-grey-beige-90559437/
Dinnerware,https://www.ikea.com/nl/en/cat/dinnerware-18860/,https://www.ikea.com/nl/en/p/gladelig-bowl-grey-90581495/
Dinnerware,https://www.ikea.com/nl/en/cat/dinnerware-18860/,https://www.ikea.com/nl/en/p/gladelig-bowl-grey-40600750/
Dinnerware,https://www.ikea.com/nl/en/cat/dinnerware-18860/,https://www.ikea.com/nl/en/p/fargklar-18-piece-service-matt-dark-grey-20564710/
Dinnerware,https://www.ikea.com/nl/en/cat/dinnerware-18860/,https://www.ikea.com/nl/en/p/fargklar-deep-plate-light-pink-10600412/
Dinnerware,https://www.ikea.com/nl/en/cat/dinnerware-18860/,https://www.ikea.com/nl/en/p/gladelig-side-plate-grey-00600752/
Dinnerware,https://www.ikea.com/nl/en/cat/dinnerware-18860/,https://www.ikea.com/nl/en/p/gladelig-bowl-blue-10600723/
Dinnerware,https://www.ikea.com/nl/en/cat/dinnerware-18860/,https://www.ikea.com/nl/en/p/gladelig-plate-grey-10600756/
Dinnerware,https://www.ikea.com/nl/en/cat/dinnerware-18860/,https://www.ikea.com/nl/en/p/fargklar-bowl-light-blue-10600426/
Dinnerware,https://www.ikea.com/nl/en/cat/dinnerware-18860/,https://www.ikea.com/nl/en/p/gladelig-plate-blue-30600717/
Dinnerware,https://www.ikea.com/nl/en/cat/dinnerware-18860/,https://www.ikea.com/nl/en/p/ikea-365-18-piece-service-white-40341101/
Dinnerware,https://www.ikea.com/nl/en/cat/dinnerware-18860/,https://www.ikea.com/nl/en/p/oftast-deep-plate-white-00318942/
Dinnerware,https://www.ikea.com/nl/en/cat/dinnerware-18860/,https://www.ikea.com/nl/en/p/krustistel-plate-patterned-light-beige-80584324/
Dinnerware,https://www.ikea.com/nl/en/cat/dinnerware-18860/,https://www.ikea.com/nl/en/p/fargklar-plate-light-pink-90600413/
Dinnerware,https://www.ikea.com/nl/en/cat/dinnerware-18860/,https://www.ikea.com/nl/en/p/oftast-side-plate-white-60318939/
Dinnerware,https://www.ikea.com/nl/en/cat/dinnerware-18860/,https://www.ikea.com/nl/en/p/upplaga-18-piece-service-white-30424724/
Dinnerware,https://www.ikea.com/nl/en/cat/dinnerware-18860/,https://www.ikea.com/nl/en/p/oftast-bowl-white-80258915/
Dinnerware,https://www.ikea.com/nl/en/cat/dinnerware-18860/,https://www.ikea.com/nl/en/p/silversida-plate-patterned-blue-90609734/
Dinnerware,https://www.ikea.com/nl/en/cat/dinnerware-18860/,https://www.ikea.com/nl/en/p/entusiasm-side-plate-patterned-blue-20505358/
Cooking utensils,https://www.ikea.com/nl/en/cat/cooking-baking-utensils-kt002/,https://www.ikea.com/nl/en/p/grunka-4-piece-kitchen-utensil-set-stainless-steel-30083334/
Cooking utensils,https://www.ikea.com/nl/en/cat/cooking-baking-utensils-kt002/,https://www.ikea.com/nl/en/p/mixa-spoon-beech-20454047/
Cooking utensils,https://www.ikea.com/nl/en/cat/cooking-baking-utensils-kt002/,https://www.ikea.com/nl/en/p/blanda-blank-serving-bowl-stainless-steel-50057254/
Cooking utensils,https://www.ikea.com/nl/en/cat/cooking-baking-utensils-kt002/,https://www.ikea.com/nl/en/p/idealisk-colander-stainless-steel-20027536/
Cooking utensils,https://www.ikea.com/nl/en/cat/cooking-baking-utensils-kt002/,https://www.ikea.com/nl/en/p/ikea-365-vardefull-peeler-black-00152159/
Cooking utensils,https://www.ikea.com/nl/en/cat/cooking-baking-utensils-kt002/,https://www.ikea.com/nl/en/p/behova-measuring-jug-transparent-grey-80409537/
Cooking utensils,https://www.ikea.com/nl/en/cat/cooking-baking-utensils-kt002/,https://www.ikea.com/nl/en/p/knorrhane-spatula-light-beige-anthracite-70597483/
Cooking utensils,https://www.ikea.com/nl/en/cat/cooking-baking-utensils-kt002/,https://www.ikea.com/nl/en/p/svardfisk-scissors-set-of-2-stainless-steel-grey-grey-turquoise-60563431/
Cooking utensils,https://www.ikea.com/nl/en/cat/cooking-baking-utensils-kt002/,https://www.ikea.com/nl/en/p/koncis-balloon-whisk-stainless-steel-10225952/
Cooking utensils,https://www.ikea.com/nl/en/cat/cooking-baking-utensils-kt002/,https://www.ikea.com/nl/en/p/idealisk-grater-stainless-steel-66916200/
Cooking utensils,https://www.ikea.com/nl/en/cat/cooking-baking-utensils-kt002/,https://www.ikea.com/nl/en/p/rodsyra-spoonrest-light-grey-blue-90602167/
Cooking utensils,https://www.ikea.com/nl/en/cat/cooking-baking-utensils-kt002/,https://www.ikea.com/nl/en/p/majfisk-3-piece-kitchen-utensil-set-acacia-70634249/
Cooking utensils,https://www.ikea.com/nl/en/cat/cooking-baking-utensils-kt002/,https://www.ikea.com/nl/en/p/koncis-garlic-press-stainless-steel-00089163/
Cooking utensils,https://www.ikea.com/nl/en/cat/cooking-baking-utensils-kt002/,https://www.ikea.com/nl/en/p/idealisk-strainer-stainless-steel-76113785/
Cooking utensils,https://www.ikea.com/nl/en/cat/cooking-baking-utensils-kt002/,https://www.ikea.com/nl/en/p/vardagen-measuring-cup-set-of-5-60324723/
Cooking utensils,https://www.ikea.com/nl/en/cat/cooking-baking-utensils-kt002/,https://www.ikea.com/nl/en/p/genomsnitt-scales-40480154/
Cooking utensils,https://www.ikea.com/nl/en/cat/cooking-baking-utensils-kt002/,https://www.ikea.com/nl/en/p/finmat-cooking-tweezers-stainless-steel-30555197/
Cooking utensils,https://www.ikea.com/nl/en/cat/cooking-baking-utensils-kt002/,https://www.ikea.com/nl/en/p/heat-pot-stand-cork-87077700/
Cooking utensils,https://www.ikea.com/nl/en/cat/cooking-baking-utensils-kt002/,https://www.ikea.com/nl/en/p/uppfylld-pizza-cutter-off-white-30521937/
Cooking utensils,https://www.ikea.com/nl/en/cat/cooking-baking-utensils-kt002/,https://www.ikea.com/nl/en/p/vardagen-measuring-jug-glass-60323304/
Cooking utensils,https://www.ikea.com/nl/en/cat/cooking-baking-utensils-kt002/,https://www.ikea.com/nl/en/p/koncis-potato-masher-stainless-steel-70225954/
Cooking utensils,https://www.ikea.com/nl/en/cat/cooking-baking-utensils-kt002/,https://www.ikea.com/nl/en/p/ikea-365-mandoline-black-00422321/
Cooking utensils,https://www.ikea.com/nl/en/cat/cooking-baking-utensils-kt002/,https://www.ikea.com/nl/en/p/koncis-cheese-slicer-stainless-steel-20596495/
Cooking utensils,https://www.ikea.com/nl/en/cat/cooking-baking-utensils-kt002/,https://www.ikea.com/nl/en/p/bakglad-rubber-spatula-beige-blue-20485548/
Cookware,https://www.ikea.com/nl/en/cat/cookware-kt003/,https://www.ikea.com/nl/en/p/ikea-365-9-piece-cookware-set-stainless-steel-20484332/
Cookware,https://www.ikea.com/nl/en/cat/cookware-kt003/,https://www.ikea.com/nl/en/p/middagsmat-frying-pan-set-of-2-non-stick-coating-stainless-steel-00596477/
Cookware,https://www.ikea.com/nl/en/cat/cookware-kt003/,https://www.ikea.com/nl/en/p/annons-5-piece-cookware-set-glass-stainless-steel-90207402/
Cookware,https://www.ikea.com/nl/en/cat/cookware-kt003/,https://www.ikea.com/nl/en/p/ikea-365-frying-pan-stainless-steel-50582736/
Cookware,https://www.ikea.com/nl/en/cat/cookware-kt003/,https://www.ikea.com/nl/en/p/hemlagad-6-piece-cookware-set-non-stick-coating-black-00580886/
Cookware,https://www.ikea.com/nl/en/cat/cookware-kt003/,https://www.ikea.com/nl/en/p/ikea-365-cookware-set-of-6-stainless-steel-80484329/
Cookware,https://www.ikea.com/nl/en/cat/cookware-kt003/,https://www.ikea.com/nl/en/p/lyckad-oven-serving-dish-set-of-2-light-beige-red-brown-10607951/
Cookware,https://www.ikea.com/nl/en/cat/cookware-kt003/,https://www.ikea.com/nl/en/p/hemkomst-7-piece-cookware-set-stainless-steel-80580104/
Cookware,https://www.ikea.com/nl/en/cat/cookware-kt003/,https://www.ikea.com/nl/en/p/ikea-365-saute-pan-stainless-steel-00484253/
Cookware,https://www.ikea.com/nl/en/cat/cookware-kt003/,https://www.ikea.com/nl/en/p/ikea-365-pot-with-lid-stainless-steel-60484250/
Cookware,https://www.ikea.com/nl/en/cat/cookware-kt003/,https://www.ikea.com/nl/en/p/ikea-365-frying-pan-stainless-steel-non-stick-coating-70580703/
Cookware,https://www.ikea.com/nl/en/cat/cookware-kt003/,https://www.ikea.com/nl/en/p/annons-pot-with-lid-glass-stainless-steel-80298474/
Cookware,https://www.ikea.com/nl/en/cat/cookware-kt003/,https://www.ikea.com/nl/en/p/mixtur-oven-serving-dish-clear-glass-80058761/
Cookware,https://www.ikea.com/nl/en/cat/cookware-kt003/,https://www.ikea.com/nl/en/p/tagghaj-frying-pan-non-stick-coating-black-40581153/
Cookware,https://www.ikea.com/nl/en/cat/cookware-kt003/,https://www.ikea.com/nl/en/p/puckellax-frying-pan-non-stick-coating-30613116/
Cookware,https://www.ikea.com/nl/en/cat/cookware-kt003/,https://www.ikea.com/nl/en/p/ikea-365-wok-stainless-steel-non-stick-coating-10580715/
Cookware,https://www.ikea.com/nl/en/cat/cookware-kt003/,https://www.ikea.com/nl/en/p/vardagen-casserole-with-lid-enamelled-cast-iron-light-beige-dark-grey-blue-50605709/
Cookware,https://www.ikea.com/nl/en/cat/cookware-kt003/,https://www.ikea.com/nl/en/p/heat-pot-stand-cork-87077700/
Cookware,https://www.ikea.com/nl/en/cat/cookware-kt003/,https://www.ikea.com/nl/en/p/hemlagad-crepe-pancake-pan-non-stick-coating-black-40580889/
Cookware,https://www.ikea.com/nl/en/cat/cookware-kt003/,https://www.ikea.com/nl/en/p/sensuell-frying-pan-stainless-steel-grey-60324544/
Cookware,https://www.ikea.com/nl/en/cat/cookware-kt003/,https://www.ikea.com/nl/en/p/ikea-365-saucepan-with-lid-stainless-steel-40484232/
Cookware,https://www.ikea.com/nl/en/cat/cookware-kt003/,https://www.ikea.com/nl/en/p/koncis-roasting-tin-with-grill-rack-stainless-steel-10099053/
Cookware,https://www.ikea.com/nl/en/cat/cookware-kt003/,https://www.ikea.com/nl/en/p/ikea-365-pot-with-insert-stainless-steel-40484294/
Cookware,https://www.ikea.com/nl/en/cat/cookware-kt003/,https://www.ikea.com/nl/en/p/vardagen-casserole-with-lid-enamelled-cast-iron-matt-black-90560676/
Serveware,https://www.ikea.com/nl/en/cat/serveware-16043/,https://www.ikea.com/nl/en/p/aptitlig-chopping-board-bamboo-80233430/
Serveware,https://www.ikea.com/nl/en/cat/serveware-16043/,https://www.ikea.com/nl/en/p/gladelig-oven-dish-blue-30531069/
Serveware,https://www.ikea.com/nl/en/cat/serveware-16043/,https://www.ikea.com/nl/en/p/blanda-matt-serving-bowl-bamboo-60214343/
Serveware,https://www.ikea.com/nl/en/cat/serveware-16043/,https://www.ikea.com/nl/en/p/gladelig-oven-dish-set-of-2-grey-80531081/
Serveware,https://www.ikea.com/nl/en/cat/serveware-16043/,https://www.ikea.com/nl/en/p/rodsnultra-serving-plate-mixed-patterns-80604505/
Serveware,https://www.ikea.com/nl/en/cat/serveware-16043/,https://www.ikea.com/nl/en/p/blanda-serving-bowl-clear-glass-90057252/
Serveware,https://www.ikea.com/nl/en/cat/serveware-16043/,https://www.ikea.com/nl/en/p/gladelig-serving-bowl-beige-green-30599587/
Serveware,https://www.ikea.com/nl/en/cat/serveware-16043/,https://www.ikea.com/nl/en/p/ikea-365-serving-plate-white-00607367/
Serveware,https://www.ikea.com/nl/en/cat/serveware-16043/,https://www.ikea.com/nl/en/p/fruktskal-tray-bamboo-40367780/
Serveware,https://www.ikea.com/nl/en/cat/serveware-16043/,https://www.ikea.com/nl/en/p/blanda-blank-serving-bowl-stainless-steel-50057254/
Serveware,https://www.ikea.com/nl/en/cat/serveware-16043/,https://www.ikea.com/nl/en/p/oftast-serving-bowl-white-20439392/
Serveware,https://www.ikea.com/nl/en/cat/serveware-16043/,https://www.ikea.com/nl/en/p/gladelig-plate-grey-00457155/
Serveware,https://www.ikea.com/nl/en/cat/serveware-16043/,https://www.ikea.com/nl/en/p/tuvhatta-serving-plate-stainless-steel-10539556/
Serveware,https://www.ikea.com/nl/en/cat/serveware-16043/,https://www.ikea.com/nl/en/p/aptitlig-lazy-susan-organizer-bamboo-60562498/
Serveware,https://www.ikea.com/nl/en/cat/serveware-16043/,https://www.ikea.com/nl/en/p/gronsaker-2-piece-salad-servers-set-bamboo-60481242/
Serveware,https://www.ikea.com/nl/en/cat/serveware-16043/,https://www.ikea.com/nl/en/p/resgods-bed-tray-bamboo-30444468/
Serveware,https://www.ikea.com/nl/en/cat/serveware-16043/,https://www.ikea.com/nl/en/p/aptitlig-butchers-block-bamboo-00233429/
Serveware,https://www.ikea.com/nl/en/cat/serveware-16043/,https://www.ikea.com/nl/en/p/ikea-365-bowl-rounded-sides-white-20278351/
Serveware,https://www.ikea.com/nl/en/cat/serveware-16043/,https://www.ikea.com/nl/en/p/snudda-lazy-susan-solid-wood-90074483/
Serveware,https://www.ikea.com/nl/en/cat/serveware-16043/,https://www.ikea.com/nl/en/p/smaata-lazy-susan-acacia-veneer-90562500/
Serveware,https://www.ikea.com/nl/en/cat/serveware-16043/,https://www.ikea.com/nl/en/p/vitblecka-serving-bowl-light-grey-50610089/
Serveware,https://www.ikea.com/nl/en/cat/serveware-16043/,https://www.ikea.com/nl/en/p/ombonad-tray-walnut-50504734/
Serveware,https://www.ikea.com/nl/en/cat/serveware-16043/,https://www.ikea.com/nl/en/p/blomvecklare-serving-bowl-red-brown-60615166/
Serveware,https://www.ikea.com/nl/en/cat/serveware-16043/,https://www.ikea.com/nl/en/p/grilltider-serving-tray-stainless-steel-40615153/
Coffee & tea,https://www.ikea.com/nl/en/cat/coffee-tea-16044/,https://www.ikea.com/nl/en/p/ikea-365-mug-clear-glass-90279724/
Coffee & tea,https://www.ikea.com/nl/en/cat/coffee-tea-16044/,https://www.ikea.com/nl/en/p/gladelig-mug-grey-70457152/
Coffee & tea,https://www.ikea.com/nl/en/cat/coffee-tea-16044/,https://www.ikea.com/nl/en/p/ikea-365-coffee-tea-maker-clear-glass-stainless-steel-20532724/
Coffee & tea,https://www.ikea.com/nl/en/cat/coffee-tea-16044/,https://www.ikea.com/nl/en/p/fargrik-mug-stoneware-white-60143992/
Coffee & tea,https://www.ikea.com/nl/en/cat/coffee-tea-16044/,https://www.ikea.com/nl/en/p/blomning-tin-with-lid-brown-red-pink-for-coffee-tea-20609025/
Coffee & tea,https://www.ikea.com/nl/en/cat/coffee-tea-16044/,https://www.ikea.com/nl/en/p/fargklar-mug-light-pink-50604880/
Coffee & tea,https://www.ikea.com/nl/en/cat/coffee-tea-16044/,https://www.ikea.com/nl/en/p/drombild-mug-clear-glass-00417452/
Coffee & tea,https://www.ikea.com/nl/en/cat/coffee-tea-16044/,https://www.ikea.com/nl/en/p/gladelig-mug-grey-90581462/
Coffee & tea,https://www.ikea.com/nl/en/cat/coffee-tea-16044/,https://www.ikea.com/nl/en/p/vardera-mug-white-30291743/
Coffee & tea,https://www.ikea.com/nl/en/cat/coffee-tea-16044/,https://www.ikea.com/nl/en/p/produkt-milk-frother-black-50301166/
Coffee & tea,https://www.ikea.com/nl/en/cat/coffee-tea-16044/,https://www.ikea.com/nl/en/p/idealisk-tea-infuser-stainless-steel-46956800/
Coffee & tea,https://www.ikea.com/nl/en/cat/coffee-tea-16044/,https://www.ikea.com/nl/en/p/gottfinnande-espresso-cup-clear-glass-30372094/
Coffee & tea,https://www.ikea.com/nl/en/cat/coffee-tea-16044/,https://www.ikea.com/nl/en/p/behovd-vacuum-flask-light-green-beige-70353890/
Coffee & tea,https://www.ikea.com/nl/en/cat/coffee-tea-16044/,https://www.ikea.com/nl/en/p/stockholm-2025-mug-brown-00592417/
Coffee & tea,https://www.ikea.com/nl/en/cat/coffee-tea-16044/,https://www.ikea.com/nl/en/p/riklig-teapot-glass-90150071/
Coffee & tea,https://www.ikea.com/nl/en/cat/coffee-tea-16044/,https://www.ikea.com/nl/en/p/stelna-mug-clear-glass-70258911/
Coffee & tea,https://www.ikea.com/nl/en/cat/coffee-tea-16044/,https://www.ikea.com/nl/en/p/tobisfisk-mug-patterned-beige-10603689/
Coffee & tea,https://www.ikea.com/nl/en/cat/coffee-tea-16044/,https://www.ikea.com/nl/en/p/upphetta-coffee-tea-maker-glass-stainless-steel-60241389/
Coffee & tea,https://www.ikea.com/nl/en/cat/coffee-tea-16044/,https://www.ikea.com/nl/en/p/silversida-mug-patterned-blue-20601798/
Coffee & tea,https://www.ikea.com/nl/en/cat/coffee-tea-16044/,https://www.ikea.com/nl/en/p/grilltider-mug-stainless-steel-10613754/
Coffee & tea,https://www.ikea.com/nl/en/cat/coffee-tea-16044/,https://www.ikea.com/nl/en/p/skuggstubb-mug-mixed-colours-green-brown-10594717/
Coffee & tea,https://www.ikea.com/nl/en/cat/coffee-tea-16044/,https://www.ikea.com/nl/en/p/fargklar-mug-matt-green-40478189/
Coffee & tea,https://www.ikea.com/nl/en/cat/coffee-tea-16044/,https://www.ikea.com/nl/en/p/blomning-tin-with-lid-off-white-for-coffee-tea-80609027/
Coffee & tea,https://www.ikea.com/nl/en/cat/coffee-tea-16044/,https://www.ikea.com/nl/en/p/ikea-365-mug-white-80278367/
Glassware & jugs,https://www.ikea.com/nl/en/cat/glassware-jugs-18868/,https://www.ikea.com/nl/en/p/vardagen-glass-clear-glass-70313106/
Glassware & jugs,https://www.ikea.com/nl/en/cat/glassware-jugs-18868/,https://www.ikea.com/nl/en/p/dyrgrip-red-wine-glass-clear-glass-20309300/
Glassware & jugs,https://www.ikea.com/nl/en/cat/glassware-jugs-18868/,https://www.ikea.com/nl/en/p/storsint-glass-clear-glass-40396018/
Glassware & jugs,https://www.ikea.com/nl/en/cat/glassware-jugs-18868/,https://www.ikea.com/nl/en/p/godis-glass-clear-glass-20092107/
Glassware & jugs,https://www.ikea.com/nl/en/cat/glassware-jugs-18868/,https://www.ikea.com/nl/en/p/ivrig-glass-grey-00445228/
Glassware & jugs,https://www.ikea.com/nl/en/cat/glassware-jugs-18868/,https://www.ikea.com/nl/en/p/reko-glass-clear-glass-80094014/
Glassware & jugs,https://www.ikea.com/nl/en/cat/glassware-jugs-18868/,https://www.ikea.com/nl/en/p/rodraka-wine-glass-blue-grey-clear-glass-70610106/
Glassware & jugs,https://www.ikea.com/nl/en/cat/glassware-jugs-18868/,https://www.ikea.com/nl/en/p/stockholm-2025-glass-20592440/
Glassware & jugs,https://www.ikea.com/nl/en/cat/glassware-jugs-18868/,https://www.ikea.com/nl/en/p/frojda-glass-clear-glass-70586154/
Glassware & jugs,https://www.ikea.com/nl/en/cat/glassware-jugs-18868/,https://www.ikea.com/nl/en/p/frojda-glass-clear-glass-00581372/
Glassware & jugs,https://www.ikea.com/nl/en/cat/glassware-jugs-18868/,https://www.ikea.com/nl/en/p/svalka-wine-glass-clear-glass-00473023/
Glassware & jugs,https://www.ikea.com/nl/en/cat/glassware-jugs-18868/,https://www.ikea.com/nl/en/p/ivrig-glass-clear-glass-50258323/
Glassware & jugs,https://www.ikea.com/nl/en/cat/glassware-jugs-18868/,https://www.ikea.com/nl/en/p/pokal-snaps-glass-clear-glass-90091996/
Glassware & jugs,https://www.ikea.com/nl/en/cat/glassware-jugs-18868/,https://www.ikea.com/nl/en/p/olivtrast-glass-light-brown-00614297/
Glassware & jugs,https://www.ikea.com/nl/en/cat/glassware-jugs-18868/,https://www.ikea.com/nl/en/p/ikea-365-glass-clear-glass-60279711/
Glassware & jugs,https://www.ikea.com/nl/en/cat/glassware-jugs-18868/,https://www.ikea.com/nl/en/p/vardagen-glass-brown-30530526/
Glassware & jugs,https://www.ikea.com/nl/en/cat/glassware-jugs-18868/,https://www.ikea.com/nl/en/p/dyrgrip-white-wine-glass-clear-glass-80309302/
Glassware & jugs,https://www.ikea.com/nl/en/cat/glassware-jugs-18868/,https://www.ikea.com/nl/en/p/ikea-365-carafe-with-stopper-clear-glass-cork-90279719/
Glassware & jugs,https://www.ikea.com/nl/en/cat/glassware-jugs-18868/,https://www.ikea.com/nl/en/p/vardagen-jug-patterned-dark-grey-green-20576652/
Glassware & jugs,https://www.ikea.com/nl/en/cat/glassware-jugs-18868/,https://www.ikea.com/nl/en/p/ankeblomster-wine-glass-clear-glass-60591839/
Glassware & jugs,https://www.ikea.com/nl/en/cat/glassware-jugs-18868/,https://www.ikea.com/nl/en/p/spjutrocka-ice-cube-tray-with-lid-mixed-colours-40429580/
Glassware & jugs,https://www.ikea.com/nl/en/cat/glassware-jugs-18868/,https://www.ikea.com/nl/en/p/stockholm-2025-glass-60592443/
Glassware & jugs,https://www.ikea.com/nl/en/cat/glassware-jugs-18868/,https://www.ikea.com/nl/en/p/storsint-white-wine-glass-clear-glass-90396313/
Glassware & jugs,https://www.ikea.com/nl/en/cat/glassware-jugs-18868/,https://www.ikea.com/nl/en/p/auxid-bottle-stopper-set-of-3-mixed-colours-70573316/
Cutlery,https://www.ikea.com/nl/en/cat/cutlery-18865/,https://www.ikea.com/nl/en/p/martorp-30-piece-cutlery-set-stainless-steel-30167507/
Cutlery,https://www.ikea.com/nl/en/cat/cutlery-18865/,https://www.ikea.com/nl/en/p/mopsig-16-piece-cutlery-set-00343003/
Cutlery,https://www.ikea.com/nl/en/cat/cutlery-18865/,https://www.ikea.com/nl/en/p/sjugalshaj-24-piece-cutlery-set-stainless-steel-20614574/
Cutlery,https://www.ikea.com/nl/en/cat/cutlery-18865/,https://www.ikea.com/nl/en/p/snitta-knife-black-00287295/
Cutlery,https://www.ikea.com/nl/en/cat/cutlery-18865/,https://www.ikea.com/nl/en/p/dragon-24-piece-cutlery-set-stainless-steel-90091760/
Cutlery,https://www.ikea.com/nl/en/cat/cutlery-18865/,https://www.ikea.com/nl/en/p/praktbotia-16-piece-cutlery-set-stainless-steel-70609612/
Cutlery,https://www.ikea.com/nl/en/cat/cutlery-18865/,https://www.ikea.com/nl/en/p/dragon-coffee-spoon-stainless-steel-50091762/
Cutlery,https://www.ikea.com/nl/en/cat/cutlery-18865/,https://www.ikea.com/nl/en/p/fornuft-spoon-stainless-steel-90428489/
Cutlery,https://www.ikea.com/nl/en/cat/cutlery-18865/,https://www.ikea.com/nl/en/p/martorp-spoon-stainless-steel-40521036/
Cutlery,https://www.ikea.com/nl/en/cat/cutlery-18865/,https://www.ikea.com/nl/en/p/martorp-knife-stainless-steel-10521033/
Cutlery,https://www.ikea.com/nl/en/cat/cutlery-18865/,https://www.ikea.com/nl/en/p/sotbjornbar-chopsticks-2-pairs-brown-30610066/
Cutlery,https://www.ikea.com/nl/en/cat/cutlery-18865/,https://www.ikea.com/nl/en/p/martorp-fork-stainless-steel-70521030/
Cutlery,https://www.ikea.com/nl/en/cat/cutlery-18865/,https://www.ikea.com/nl/en/p/fornuft-24-piece-cutlery-set-stainless-steel-70014999/
Cutlery,https://www.ikea.com/nl/en/cat/cutlery-18865/,https://www.ikea.com/nl/en/p/stockholm-2025-24-piece-cutlery-set-black-50592434/
Cutlery,https://www.ikea.com/nl/en/cat/cutlery-18865/,https://www.ikea.com/nl/en/p/tillagd-24-piece-cutlery-set-brass-colour-80474453/
Cutlery,https://www.ikea.com/nl/en/cat/cutlery-18865/,https://www.ikea.com/nl/en/p/fornuft-24-piece-cutlery-set-rose-gold-colour-90581966/
Cutlery,https://www.ikea.com/nl/en/cat/cutlery-18865/,https://www.ikea.com/nl/en/p/loftesrik-24-piece-cutlery-set-black-stainless-steel-satin-90594191/
Cutlery,https://www.ikea.com/nl/en/cat/cutlery-18865/,https://www.ikea.com/nl/en/p/frojda-16-piece-cutlery-set-stainless-steel-30581417/
Cutlery,https://www.ikea.com/nl/en/cat/cutlery-18865/,https://www.ikea.com/nl/en/p/gronsaker-2-piece-salad-servers-set-bamboo-60481242/
Cutlery,https://www.ikea.com/nl/en/cat/cutlery-18865/,https://www.ikea.com/nl/en/p/dragon-cake-slice-stainless-steel-70235627/
Cutlery,https://www.ikea.com/nl/en/cat/cutlery-18865/,https://www.ikea.com/nl/en/p/dragon-salad-dessert-fork-stainless-steel-30090382/
Cutlery,https://www.ikea.com/nl/en/cat/cutlery-18865/,https://www.ikea.com/nl/en/p/dragon-spoon-stainless-steel-30091763/
Cutlery,https://www.ikea.com/nl/en/cat/cutlery-18865/,https://www.ikea.com/nl/en/p/fornuft-knife-stainless-steel-10428488/
Cutlery,https://www.ikea.com/nl/en/cat/cutlery-18865/,https://www.ikea.com/nl/en/p/fornuft-teaspoon-stainless-steel-80428475/
Knives & chopping boards,https://www.ikea.com/nl/en/cat/knives-chopping-boards-15934/,https://www.ikea.com/nl/en/p/lamplig-chopping-board-bamboo-00309829/
Knives & chopping boards,https://www.ikea.com/nl/en/cat/knives-chopping-boards-15934/,https://www.ikea.com/nl/en/p/vardagen-3-piece-knife-set-stainless-steel-walnut-00602478/
Knives & chopping boards,https://www.ikea.com/nl/en/cat/knives-chopping-boards-15934/,https://www.ikea.com/nl/en/p/aptitlig-chopping-board-bamboo-80233430/
Knives & chopping boards,https://www.ikea.com/nl/en/cat/knives-chopping-boards-15934/,https://www.ikea.com/nl/en/p/skogsta-chopping-board-acacia-60305423/
Knives & chopping boards,https://www.ikea.com/nl/en/cat/knives-chopping-boards-15934/,https://www.ikea.com/nl/en/p/andlig-3-piece-knife-set-light-grey-white-70257624/
Knives & chopping boards,https://www.ikea.com/nl/en/cat/knives-chopping-boards-15934/,https://www.ikea.com/nl/en/p/ikea-365-3-piece-knife-set-90341170/
Knives & chopping boards,https://www.ikea.com/nl/en/cat/knives-chopping-boards-15934/,https://www.ikea.com/nl/en/p/skalad-paring-knife-dark-grey-90583381/
Knives & chopping boards,https://www.ikea.com/nl/en/cat/knives-chopping-boards-15934/,https://www.ikea.com/nl/en/p/aptitlig-butchers-block-bamboo-00233429/
Knives & chopping boards,https://www.ikea.com/nl/en/cat/knives-chopping-boards-15934/,https://www.ikea.com/nl/en/p/stjarnstor-cooks-knife-stainless-steel-dark-grey-30598489/
Knives & chopping boards,https://www.ikea.com/nl/en/cat/knives-chopping-boards-15934/,https://www.ikea.com/nl/en/p/vardagen-bread-knife-stainless-steel-walnut-30602472/
Knives & chopping boards,https://www.ikea.com/nl/en/cat/knives-chopping-boards-15934/,https://www.ikea.com/nl/en/p/forslag-3-piece-knife-set-50346829/
Knives & chopping boards,https://www.ikea.com/nl/en/cat/knives-chopping-boards-15934/,https://www.ikea.com/nl/en/p/ikea-365-cooks-knife-stainless-steel-70283524/
Knives & chopping boards,https://www.ikea.com/nl/en/cat/knives-chopping-boards-15934/,https://www.ikea.com/nl/en/p/gummihaj-holder-with-3-chopping-boards-mixed-colours-30573318/
Knives & chopping boards,https://www.ikea.com/nl/en/cat/knives-chopping-boards-15934/,https://www.ikea.com/nl/en/p/legitim-chopping-board-set-of-2-white-70556703/
Knives & chopping boards,https://www.ikea.com/nl/en/cat/knives-chopping-boards-15934/,https://www.ikea.com/nl/en/p/legitim-chopping-board-white-90202268/
Knives & chopping boards,https://www.ikea.com/nl/en/cat/knives-chopping-boards-15934/,https://www.ikea.com/nl/en/p/soluppgang-knife-black-90621321/
Knives & chopping boards,https://www.ikea.com/nl/en/cat/knives-chopping-boards-15934/,https://www.ikea.com/nl/en/p/aspekt-knife-sharpener-black-57145296/
Knives & chopping boards,https://www.ikea.com/nl/en/cat/knives-chopping-boards-15934/,https://www.ikea.com/nl/en/p/vimpelfisk-knife-block-bamboo-grey-turquoise-50582699/
Knives & chopping boards,https://www.ikea.com/nl/en/cat/knives-chopping-boards-15934/,https://www.ikea.com/nl/en/p/ikea-365-bread-knife-stainless-steel-70283519/
Knives & chopping boards,https://www.ikea.com/nl/en/cat/knives-chopping-boards-15934/,https://www.ikea.com/nl/en/p/finfordela-bendable-chopping-board-dark-green-grey-turquoise-50613016/
Knives & chopping boards,https://www.ikea.com/nl/en/cat/knives-chopping-boards-15934/,https://www.ikea.com/nl/en/p/vorda-bread-knife-black-10289232/
Knives & chopping boards,https://www.ikea.com/nl/en/cat/knives-chopping-boards-15934/,https://www.ikea.com/nl/en/p/jamfora-knife-block-with-3-knives-black-10346831/
Knives & chopping boards,https://www.ikea.com/nl/en/cat/knives-chopping-boards-15934/,https://www.ikea.com/nl/en/p/hultarp-magnetic-knife-rack-black-80444442/
Knives & chopping boards,https://www.ikea.com/nl/en/cat/knives-chopping-boards-15934/,https://www.ikea.com/nl/en/p/norrsjon-chopping-board-oak-40339711/
Table linen,https://www.ikea.com/nl/en/cat/table-linen-20538/,https://www.ikea.com/nl/en/p/flygfisk-place-mat-dark-grey-20569251/
Table linen,https://www.ikea.com/nl/en/cat/table-linen-20538/,https://www.ikea.com/nl/en/p/vippstarr-tablecloth-stripe-pattern-red-natural-40559185/
Table linen,https://www.ikea.com/nl/en/cat/table-linen-20538/,https://www.ikea.com/nl/en/p/soare-place-mat-water-hyacinth-40082536/
Table linen,https://www.ikea.com/nl/en/cat/table-linen-20538/,https://www.ikea.com/nl/en/p/vararv-place-mat-dark-grey-natural-20545849/
Table linen,https://www.ikea.com/nl/en/cat/table-linen-20538/,https://www.ikea.com/nl/en/p/nissoga-tablecloth-blue-30555036/
Table linen,https://www.ikea.com/nl/en/cat/table-linen-20538/,https://www.ikea.com/nl/en/p/silverarv-tablecloth-beige-80526579/
Table linen,https://www.ikea.com/nl/en/cat/table-linen-20538/,https://www.ikea.com/nl/en/p/vararv-table-runner-dark-grey-natural-20545854/
Table linen,https://www.ikea.com/nl/en/cat/table-linen-20538/,https://www.ikea.com/nl/en/p/svartsenap-place-mat-grey-20527968/
Table linen,https://www.ikea.com/nl/en/cat/table-linen-20538/,https://www.ikea.com/nl/en/p/glattis-coasters-with-holder-brass-colour-50343005/
Table linen,https://www.ikea.com/nl/en/cat/table-linen-20538/,https://www.ikea.com/nl/en/p/smorfisk-place-mat-striped-off-white-light-green-80612119/
Table linen,https://www.ikea.com/nl/en/cat/table-linen-20538/,https://www.ikea.com/nl/en/p/gokvalla-tablecloth-30617355/
Table linen,https://www.ikea.com/nl/en/cat/table-linen-20538/,https://www.ikea.com/nl/en/p/pennfisk-place-mat-natural-sedge-handmade-60527749/
Table linen,https://www.ikea.com/nl/en/cat/table-linen-20538/,https://www.ikea.com/nl/en/p/strandfloka-table-runner-patterned-multicolour-70580661/
Table linen,https://www.ikea.com/nl/en/cat/table-linen-20538/,https://www.ikea.com/nl/en/p/lattad-place-mat-seagrass-black-00236239/
Table linen,https://www.ikea.com/nl/en/cat/table-linen-20538/,https://www.ikea.com/nl/en/p/svartsenap-table-runner-natural-40533063/
Table linen,https://www.ikea.com/nl/en/cat/table-linen-20538/,https://www.ikea.com/nl/en/p/tuviris-place-mat-grey-green-patterned-plastic-30570843/
Table linen,https://www.ikea.com/nl/en/cat/table-linen-20538/,https://www.ikea.com/nl/en/p/svartsenap-tablecloth-grey-00545930/
Table linen,https://www.ikea.com/nl/en/cat/table-linen-20538/,https://www.ikea.com/nl/en/p/gokvalla-place-mat-beige-20617351/
Table linen,https://www.ikea.com/nl/en/cat/table-linen-20538/,https://www.ikea.com/nl/en/p/vippstarr-napkin-stripe-pattern-red-natural-40559190/
Table linen,https://www.ikea.com/nl/en/cat/table-linen-20538/,https://www.ikea.com/nl/en/p/strandfloka-place-mat-pattern-multicolour-30580658/
Table linen,https://www.ikea.com/nl/en/cat/table-linen-20538/,https://www.ikea.com/nl/en/p/ikea-365-coaster-cork-30282946/
Table linen,https://www.ikea.com/nl/en/cat/table-linen-20538/,https://www.ikea.com/nl/en/p/tofsand-tablecloth-light-pink-50617646/
Table linen,https://www.ikea.com/nl/en/cat/table-linen-20538/,https://www.ikea.com/nl/en/p/varklynne-place-mat-patterned-black-white-50560857/
Table linen,https://www.ikea.com/nl/en/cat/table-linen-20538/,https://www.ikea.com/nl/en/p/liguster-tablecloth-patterned-white-50568113/
Dishwashing accessories,https://www.ikea.com/nl/en/cat/dishwashing-accessories-15938/,https://www.ikea.com/nl/en/p/ordning-dish-drainer-stainless-steel-10018194/
Dishwashing accessories,https://www.ikea.com/nl/en/cat/dishwashing-accessories-15938/,https://www.ikea.com/nl/en/p/stamling-dish-drainer-off-white-70565948/
Dishwashing accessories,https://www.ikea.com/nl/en/cat/dishwashing-accessories-15938/,https://www.ikea.com/nl/en/p/nyskoljd-dish-drying-mat-dark-grey-00451059/
Dishwashing accessories,https://www.ikea.com/nl/en/cat/dishwashing-accessories-15938/,https://www.ikea.com/nl/en/p/ordning-kitchen-utensil-rack-stainless-steel-30131716/
Dishwashing accessories,https://www.ikea.com/nl/en/cat/dishwashing-accessories-15938/,https://www.ikea.com/nl/en/p/skolast-sink-container-extendable-60556685/
Dishwashing accessories,https://www.ikea.com/nl/en/cat/dishwashing-accessories-15938/,https://www.ikea.com/nl/en/p/rinnig-dish-washing-brush-grey-30407814/
Dishwashing accessories,https://www.ikea.com/nl/en/cat/dishwashing-accessories-15938/,https://www.ikea.com/nl/en/p/lillhavet-multifunctional-dish-rack-anthracite-80461276/
Dishwashing accessories,https://www.ikea.com/nl/en/cat/dishwashing-accessories-15938/,https://www.ikea.com/nl/en/p/valvardad-organiser-white-70595436/
Dishwashing accessories,https://www.ikea.com/nl/en/cat/dishwashing-accessories-15938/,https://www.ikea.com/nl/en/p/rinnig-dish-drying-mat-beige-50595442/
Dishwashing accessories,https://www.ikea.com/nl/en/cat/dishwashing-accessories-15938/,https://www.ikea.com/nl/en/p/nalblecka-kitchen-countertop-organiser-metal-bamboo-10564616/
Dishwashing accessories,https://www.ikea.com/nl/en/cat/dishwashing-accessories-15938/,https://www.ikea.com/nl/en/p/torkad-kitchen-roll-holder-silver-colour-00208670/
Dishwashing accessories,https://www.ikea.com/nl/en/cat/dishwashing-accessories-15938/,https://www.ikea.com/nl/en/p/tisken-basket-with-suction-cup-white-40381253/
Dishwashing accessories,https://www.ikea.com/nl/en/cat/dishwashing-accessories-15938/,https://www.ikea.com/nl/en/p/familj-kitchen-roll-holder-anthracite-20530744/
Dishwashing accessories,https://www.ikea.com/nl/en/cat/dishwashing-accessories-15938/,https://www.ikea.com/nl/en/p/rinnig-dish-drainer-double-sided-white-60601348/
Dishwashing accessories,https://www.ikea.com/nl/en/cat/dishwashing-accessories-15938/,https://www.ikea.com/nl/en/p/rinnig-plate-holder-70387258/
Dishwashing accessories,https://www.ikea.com/nl/en/cat/dishwashing-accessories-15938/,https://www.ikea.com/nl/en/p/svampig-sponge-grey-green-10595439/
Dishwashing accessories,https://www.ikea.com/nl/en/cat/dishwashing-accessories-15938/,https://www.ikea.com/nl/en/p/nalblecka-kitchen-countertop-organiser-metal-bamboo-00618573/
Dishwashing accessories,https://www.ikea.com/nl/en/cat/dishwashing-accessories-15938/,https://www.ikea.com/nl/en/p/norrsjon-colander-stainless-steel-00339713/
Dishwashing accessories,https://www.ikea.com/nl/en/cat/dishwashing-accessories-15938/,https://www.ikea.com/nl/en/p/rinnig-plate-holder-yellow-40601354/
Dishwashing accessories,https://www.ikea.com/nl/en/cat/dishwashing-accessories-15938/,https://www.ikea.com/nl/en/p/norrsjon-chopping-board-oak-40339711/
Dishwashing accessories,https://www.ikea.com/nl/en/cat/dishwashing-accessories-15938/,https://www.ikea.com/nl/en/p/flundra-dish-drainer-white-40176950/
Dishwashing accessories,https://www.ikea.com/nl/en/cat/dishwashing-accessories-15938/,https://www.ikea.com/nl/en/p/pepprig-scrubbing-pad-green-blue-yellow-70567650/
Dishwashing accessories,https://www.ikea.com/nl/en/cat/dishwashing-accessories-15938/,https://www.ikea.com/nl/en/p/medelvag-bottle-brush-white-40385067/
Dishwashing accessories,https://www.ikea.com/nl/en/cat/dishwashing-accessories-15938/,https://www.ikea.com/nl/en/p/kvot-dish-drainer-black-10605315/
Bakeware,https://www.ikea.com/nl/en/cat/bakeware-20636/,https://www.ikea.com/nl/en/p/blanda-blank-serving-bowl-stainless-steel-50057254/
Bakeware,https://www.ikea.com/nl/en/cat/bakeware-20636/,https://www.ikea.com/nl/en/p/lattbakad-dough-cutter-10485271/
Bakeware,https://www.ikea.com/nl/en/cat/bakeware-20636/,https://www.ikea.com/nl/en/p/vinterrocka-springform-pan-stainless-steel-90599481/
Bakeware,https://www.ikea.com/nl/en/cat/bakeware-20636/,https://www.ikea.com/nl/en/p/blanda-serving-bowl-clear-glass-90057252/
Bakeware,https://www.ikea.com/nl/en/cat/bakeware-20636/,https://www.ikea.com/nl/en/p/bandslatting-proofing-bread-basket-rattan-60603489/
Bakeware,https://www.ikea.com/nl/en/cat/bakeware-20636/,https://www.ikea.com/nl/en/p/vardagen-measuring-jug-glass-60323304/
Bakeware,https://www.ikea.com/nl/en/cat/bakeware-20636/,https://www.ikea.com/nl/en/p/koncis-balloon-whisk-stainless-steel-10225952/
Bakeware,https://www.ikea.com/nl/en/cat/bakeware-20636/,https://www.ikea.com/nl/en/p/vardagen-muffin-tin-silver-colour-70256993/
Bakeware,https://www.ikea.com/nl/en/cat/bakeware-20636/,https://www.ikea.com/nl/en/p/lattbakad-cooling-rack-20480145/
Bakeware,https://www.ikea.com/nl/en/cat/bakeware-20636/,https://www.ikea.com/nl/en/p/bakglad-rubber-spatula-beige-blue-20485548/
Bakeware,https://www.ikea.com/nl/en/cat/bakeware-20636/,https://www.ikea.com/nl/en/p/vardagen-measuring-cup-set-of-5-60324723/
Bakeware,https://www.ikea.com/nl/en/cat/bakeware-20636/,https://www.ikea.com/nl/en/p/genomsnitt-scales-40480154/
Bakeware,https://www.ikea.com/nl/en/cat/bakeware-20636/,https://www.ikea.com/nl/en/p/baktradition-baking-mat-beige-90480175/
Bakeware,https://www.ikea.com/nl/en/cat/bakeware-20636/,https://www.ikea.com/nl/en/p/idealisk-flour-sifter-stainless-steel-40014340/
Bakeware,https://www.ikea.com/nl/en/cat/bakeware-20636/,https://www.ikea.com/nl/en/p/lattbakad-offset-spatula-30485265/
Bakeware,https://www.ikea.com/nl/en/cat/bakeware-20636/,https://www.ikea.com/nl/en/p/krispig-cake-carrier-20336407/
Bakeware,https://www.ikea.com/nl/en/cat/bakeware-20636/,https://www.ikea.com/nl/en/p/lattbakad-bowl-scraper-silicone-light-blue-70488808/
Bakeware,https://www.ikea.com/nl/en/cat/bakeware-20636/,https://www.ikea.com/nl/en/p/kantnal-muffin-mould-dark-red-80557250/
Bakeware,https://www.ikea.com/nl/en/cat/bakeware-20636/,https://www.ikea.com/nl/en/p/vardagen-loose-base-cake-tin-silver-colour-80256983/
Bakeware,https://www.ikea.com/nl/en/cat/bakeware-20636/,https://www.ikea.com/nl/en/p/behova-measuring-jug-transparent-grey-80409537/
Bakeware,https://www.ikea.com/nl/en/cat/bakeware-20636/,https://www.ikea.com/nl/en/p/bakglad-pastry-brush-beige-blue-60485551/
Bakeware,https://www.ikea.com/nl/en/cat/bakeware-20636/,https://www.ikea.com/nl/en/p/fikadags-mixing-bowl-white-40510839/
Bakeware,https://www.ikea.com/nl/en/cat/bakeware-20636/,https://www.ikea.com/nl/en/p/lattbakad-cookie-cutter-set-of-5-silver-colour-90480161/
Bakeware,https://www.ikea.com/nl/en/cat/bakeware-20636/,https://www.ikea.com/nl/en/p/smaksam-piping-tool-set-90559767/
Kitchen textiles,https://www.ikea.com/nl/en/cat/kitchen-textiles-18850/,https://www.ikea.com/nl/en/p/rinnig-tea-towel-red-beige-striped-30609906/
Kitchen textiles,https://www.ikea.com/nl/en/cat/kitchen-textiles-18850/,https://www.ikea.com/nl/en/p/rinnig-oven-glove-grey-70476363/
Kitchen textiles,https://www.ikea.com/nl/en/cat/kitchen-textiles-18850/,https://www.ikea.com/nl/en/p/rinnig-tea-towel-white-dark-grey-patterned-20476346/
Kitchen textiles,https://www.ikea.com/nl/en/cat/kitchen-textiles-18850/,https://www.ikea.com/nl/en/p/rinnig-tea-towel-multicolour-patterned-10609907/
Kitchen textiles,https://www.ikea.com/nl/en/cat/kitchen-textiles-18850/,https://www.ikea.com/nl/en/p/sandviva-apron-dark-grey-60587880/
Kitchen textiles,https://www.ikea.com/nl/en/cat/kitchen-textiles-18850/,https://www.ikea.com/nl/en/p/hildegun-tea-towel-red-00484007/
Kitchen textiles,https://www.ikea.com/nl/en/cat/kitchen-textiles-18850/,https://www.ikea.com/nl/en/p/sandviva-tea-towel-green-white-50587885/
Kitchen textiles,https://www.ikea.com/nl/en/cat/kitchen-textiles-18850/,https://www.ikea.com/nl/en/p/rinnig-tea-towel-green-blue-striped-50609905/
Kitchen textiles,https://www.ikea.com/nl/en/cat/kitchen-textiles-18850/,https://www.ikea.com/nl/en/p/valvardad-tea-towel-white-blue-patterned-10618006/
Kitchen textiles,https://www.ikea.com/nl/en/cat/kitchen-textiles-18850/,https://www.ikea.com/nl/en/p/rinnig-pot-holder-grey-00476366/
Kitchen textiles,https://www.ikea.com/nl/en/cat/kitchen-textiles-18850/,https://www.ikea.com/nl/en/p/hildegun-apron-00484045/
Kitchen textiles,https://www.ikea.com/nl/en/cat/kitchen-textiles-18850/,https://www.ikea.com/nl/en/p/rodspatta-tea-towel-white-90618564/
Kitchen textiles,https://www.ikea.com/nl/en/cat/kitchen-textiles-18850/,https://www.ikea.com/nl/en/p/sandviva-oven-glove-silicone-dark-grey-20587882/
Kitchen textiles,https://www.ikea.com/nl/en/cat/kitchen-textiles-18850/,https://www.ikea.com/nl/en/p/vinterfint-tea-towel-mixed-patterns-red-white-00604279/
Kitchen textiles,https://www.ikea.com/nl/en/cat/kitchen-textiles-18850/,https://www.ikea.com/nl/en/p/valvardad-tea-towel-blue-white-80618003/
Kitchen textiles,https://www.ikea.com/nl/en/cat/kitchen-textiles-18850/,https://www.ikea.com/nl/en/p/hildegun-oven-glove-00484050/
Kitchen textiles,https://www.ikea.com/nl/en/cat/kitchen-textiles-18850/,https://www.ikea.com/nl/en/p/soluppgang-tea-towel-brown-beige-40619764/
Kitchen textiles,https://www.ikea.com/nl/en/cat/kitchen-textiles-18850/,https://www.ikea.com/nl/en/p/spjutlilja-tea-towel-multicolour-patterned-40620927/
Kitchen textiles,https://www.ikea.com/nl/en/cat/kitchen-textiles-18850/,https://www.ikea.com/nl/en/p/rinnig-apron-patterned-00609899/
Kitchen textiles,https://www.ikea.com/nl/en/cat/kitchen-textiles-18850/,https://www.ikea.com/nl/en/p/valvardad-pot-holder-beige-40618000/
Kitchen textiles,https://www.ikea.com/nl/en/cat/kitchen-textiles-18850/,https://www.ikea.com/nl/en/p/sandabborre-tea-towel-white-dark-yellow-80618550/
Kitchen textiles,https://www.ikea.com/nl/en/cat/kitchen-textiles-18850/,https://www.ikea.com/nl/en/p/valvardad-oven-glove-beige-20617997/
Kitchen textiles,https://www.ikea.com/nl/en/cat/kitchen-textiles-18850/,https://www.ikea.com/nl/en/p/soluppgang-pot-holder-blue-brown-30619793/
Kitchen textiles,https://www.ikea.com/nl/en/cat/kitchen-textiles-18850/,https://www.ikea.com/nl/en/p/soluppgang-waist-apron-black-80619762/
Napkins & napkin holders,https://www.ikea.com/nl/en/cat/napkins-napkin-holders-20560/,https://www.ikea.com/nl/en/p/fantastisk-paper-napkin-white-50035752/
Napkins & napkin holders,https://www.ikea.com/nl/en/cat/napkins-napkin-holders-20560/,https://www.ikea.com/nl/en/p/havskuse-paper-napkin-with-box-patterned-black-white-60607675/
Napkins & napkin holders,https://www.ikea.com/nl/en/cat/napkins-napkin-holders-20560/,https://www.ikea.com/nl/en/p/skogsror-napkin-holder-light-grey-brown-50575156/
Napkins & napkin holders,https://www.ikea.com/nl/en/cat/napkins-napkin-holders-20560/,https://www.ikea.com/nl/en/p/stockholm-2025-napkin-dark-green-30592449/
Napkins & napkin holders,https://www.ikea.com/nl/en/cat/napkins-napkin-holders-20560/,https://www.ikea.com/nl/en/p/fantastisk-paper-napkin-yellow-10607338/
Napkins & napkin holders,https://www.ikea.com/nl/en/cat/napkins-napkin-holders-20560/,https://www.ikea.com/nl/en/p/vippstarr-napkin-stripe-pattern-red-natural-40559190/
Napkins & napkin holders,https://www.ikea.com/nl/en/cat/napkins-napkin-holders-20560/,https://www.ikea.com/nl/en/p/tillstallning-napkin-holder-brass-colour-30350110/
Napkins & napkin holders,https://www.ikea.com/nl/en/cat/napkins-napkin-holders-20560/,https://www.ikea.com/nl/en/p/cissan-napkin-holder-water-hyacinth-60334289/
Napkins & napkin holders,https://www.ikea.com/nl/en/cat/napkins-napkin-holders-20560/,https://www.ikea.com/nl/en/p/havsbraxen-paper-napkin-patterned-multicolour-10607710/
Napkins & napkin holders,https://www.ikea.com/nl/en/cat/napkins-napkin-holders-20560/,https://www.ikea.com/nl/en/p/mottaga-paper-napkin-white-40349946/
Napkins & napkin holders,https://www.ikea.com/nl/en/cat/napkins-napkin-holders-20560/,https://www.ikea.com/nl/en/p/familj-kitchen-roll-patterned-bright-green-white-40530743/
Napkins & napkin holders,https://www.ikea.com/nl/en/cat/napkins-napkin-holders-20560/,https://www.ikea.com/nl/en/p/fantastisk-paper-napkin-white-10101273/
Napkins & napkin holders,https://www.ikea.com/nl/en/cat/napkins-napkin-holders-20560/,https://www.ikea.com/nl/en/p/fantastisk-paper-napkin-dark-grey-00607353/
Napkins & napkin holders,https://www.ikea.com/nl/en/cat/napkins-napkin-holders-20560/,https://www.ikea.com/nl/en/p/tjarlek-paper-napkin-patterned-30611933/
Napkins & napkin holders,https://www.ikea.com/nl/en/cat/napkins-napkin-holders-20560/,https://www.ikea.com/nl/en/p/gokvalla-paper-napkin-green-40617350/
Napkins & napkin holders,https://www.ikea.com/nl/en/cat/napkins-napkin-holders-20560/,https://www.ikea.com/nl/en/p/fantastisk-paper-napkin-red-00603784/
Napkins & napkin holders,https://www.ikea.com/nl/en/cat/napkins-napkin-holders-20560/,https://www.ikea.com/nl/en/p/tofsand-paper-napkin-pink-20617643/
Napkins & napkin holders,https://www.ikea.com/nl/en/cat/napkins-napkin-holders-20560/,https://www.ikea.com/nl/en/p/svartsenap-napkin-dark-grey-00545925/
Napkins & napkin holders,https://www.ikea.com/nl/en/cat/napkins-napkin-holders-20560/,https://www.ikea.com/nl/en/p/smorfisk-paper-napkin-patterned-multicolour-50611908/
Napkins & napkin holders,https://www.ikea.com/nl/en/cat/napkins-napkin-holders-20560/,https://www.ikea.com/nl/en/p/vinterfint-napkin-holder-snowflake-white-90603572/
Napkins & napkin holders,https://www.ikea.com/nl/en/cat/napkins-napkin-holders-20560/,https://www.ikea.com/nl/en/p/fantastisk-paper-napkin-light-green-90611906/
Napkins & napkin holders,https://www.ikea.com/nl/en/cat/napkins-napkin-holders-20560/,https://www.ikea.com/nl/en/p/smorfisk-paper-napkin-patterned-multicolour-30612107/
"Children's cutlery, plates & cups",https://www.ikea.com/nl/en/cat/childrens-kitchenware-tableware-18714/,https://www.ikea.com/nl/en/p/kalas-bowl-mixed-colours-20461378/
"Children's cutlery, plates & cups",https://www.ikea.com/nl/en/cat/childrens-kitchenware-tableware-18714/,https://www.ikea.com/nl/en/p/fabler-3-piece-cutlery-set-stainless-steel-60137571/
"Children's cutlery, plates & cups",https://www.ikea.com/nl/en/cat/childrens-kitchenware-tableware-18714/,https://www.ikea.com/nl/en/p/kalas-plate-mixed-colours-80461380/
"Children's cutlery, plates & cups",https://www.ikea.com/nl/en/cat/childrens-kitchenware-tableware-18714/,https://www.ikea.com/nl/en/p/kalas-18-piece-cutlery-set-mixed-colours-seasonal-edition-30620094/
"Children's cutlery, plates & cups",https://www.ikea.com/nl/en/cat/childrens-kitchenware-tableware-18714/,https://www.ikea.com/nl/en/p/kalas-mug-mixed-colours-00461379/
"Children's cutlery, plates & cups",https://www.ikea.com/nl/en/cat/childrens-kitchenware-tableware-18714/,https://www.ikea.com/nl/en/p/kalas-bowl-mixed-colours-seasonal-edition-70620092/
"Children's cutlery, plates & cups",https://www.ikea.com/nl/en/cat/childrens-kitchenware-tableware-18714/,https://www.ikea.com/nl/en/p/kalas-18-piece-cutlery-set-mixed-colours-70461385/
"Children's cutlery, plates & cups",https://www.ikea.com/nl/en/cat/childrens-kitchenware-tableware-18714/,https://www.ikea.com/nl/en/p/smaska-3-piece-cutlery-set-mixed-colours-10596938/
"Children's cutlery, plates & cups",https://www.ikea.com/nl/en/cat/childrens-kitchenware-tableware-18714/,https://www.ikea.com/nl/en/p/kalas-mug-mixed-colours-seasonal-edition-50620093/
"Children's cutlery, plates & cups",https://www.ikea.com/nl/en/cat/childrens-kitchenware-tableware-18714/,https://www.ikea.com/nl/en/p/kalas-plate-mixed-colours-seasonal-edition-80620096/
"Children's cutlery, plates & cups",https://www.ikea.com/nl/en/cat/childrens-kitchenware-tableware-18714/,https://www.ikea.com/nl/en/p/guldvavare-place-mat-green-70573750/
"Children's cutlery, plates & cups",https://www.ikea.com/nl/en/cat/childrens-kitchenware-tableware-18714/,https://www.ikea.com/nl/en/p/smabit-2-piece-knife-set-light-turquoise-bright-red-70557095/
"Children's cutlery, plates & cups",https://www.ikea.com/nl/en/cat/childrens-kitchenware-tableware-18714/,https://www.ikea.com/nl/en/p/kalas-spoon-mixed-colours-70455695/
"Children's cutlery, plates & cups",https://www.ikea.com/nl/en/cat/childrens-kitchenware-tableware-18714/,https://www.ikea.com/nl/en/p/gronfink-place-mat-multicolour-30572413/
"Children's cutlery, plates & cups",https://www.ikea.com/nl/en/cat/childrens-kitchenware-tableware-18714/,https://www.ikea.com/nl/en/p/guldvavare-place-mat-pale-pink-70595653/
"Children's cutlery, plates & cups",https://www.ikea.com/nl/en/cat/childrens-kitchenware-tableware-18714/,https://www.ikea.com/nl/en/p/kalas-spoon-mixed-colours-seasonal-edition-00620095/
"Children's cutlery, plates & cups",https://www.ikea.com/nl/en/cat/childrens-kitchenware-tableware-18714/,https://www.ikea.com/nl/en/p/gronfink-place-mat-red-green-70575122/
Picnic & on-the-go,https://www.ikea.com/nl/en/cat/picnic-on-the-go-42924/,https://www.ikea.com/nl/en/p/ikea-365-food-container-square-stainless-steel-20580319/
Picnic & on-the-go,https://www.ikea.com/nl/en/cat/picnic-on-the-go-42924/,https://www.ikea.com/nl/en/p/gorsnygg-carrier-bag-large-light-beige-20504194/
Picnic & on-the-go,https://www.ikea.com/nl/en/cat/picnic-on-the-go-42924/,https://www.ikea.com/nl/en/p/marulk-21-pieces-picnic-set-mixed-colours-50594503/
Picnic & on-the-go,https://www.ikea.com/nl/en/cat/picnic-on-the-go-42924/,https://www.ikea.com/nl/en/p/spartansk-water-bottle-clear-glass-green-60517953/
Picnic & on-the-go,https://www.ikea.com/nl/en/cat/picnic-on-the-go-42924/,https://www.ikea.com/nl/en/p/oringabborre-sealing-clip-set-of-9-multicolour-60556708/
Picnic & on-the-go,https://www.ikea.com/nl/en/cat/picnic-on-the-go-42924/,https://www.ikea.com/nl/en/p/soluppgang-spork-dark-grey-50621318/
Picnic & on-the-go,https://www.ikea.com/nl/en/cat/picnic-on-the-go-42924/,https://www.ikea.com/nl/en/p/tofsand-cooling-bag-pink-orange-70619593/
Picnic & on-the-go,https://www.ikea.com/nl/en/cat/picnic-on-the-go-42924/,https://www.ikea.com/nl/en/p/klotpil-cooling-bag-00586379/
Picnic & on-the-go,https://www.ikea.com/nl/en/cat/picnic-on-the-go-42924/,https://www.ikea.com/nl/en/p/kalas-18-piece-cutlery-set-mixed-colours-seasonal-edition-30620094/
Picnic & on-the-go,https://www.ikea.com/nl/en/cat/picnic-on-the-go-42924/,https://www.ikea.com/nl/en/p/kungsfors-net-bag-set-of-2-natural-20372834/
Picnic & on-the-go,https://www.ikea.com/nl/en/cat/picnic-on-the-go-42924/,https://www.ikea.com/nl/en/p/skynke-carrier-bag-pale-yellow-multicolour-20624785/
Picnic & on-the-go,https://www.ikea.com/nl/en/cat/picnic-on-the-go-42924/,https://www.ikea.com/nl/en/p/gullrismott-food-storage-bag-for-bread-60581798/
Picnic & on-the-go,https://www.ikea.com/nl/en/cat/picnic-on-the-go-42924/,https://www.ikea.com/nl/en/p/knalla-umbrella-foldable-black-30477637/
Picnic & on-the-go,https://www.ikea.com/nl/en/cat/picnic-on-the-go-42924/,https://www.ikea.com/nl/en/p/kalas-bowl-mixed-colours-seasonal-edition-70620092/
Picnic & on-the-go,https://www.ikea.com/nl/en/cat/picnic-on-the-go-42924/,https://www.ikea.com/nl/en/p/strandon-folding-stool-bright-yellow-bright-orange-40600458/
Picnic & on-the-go,https://www.ikea.com/nl/en/cat/picnic-on-the-go-42924/,https://www.ikea.com/nl/en/p/ikea-365-food-container-with-lid-rectangular-glass-90623829/
Picnic & on-the-go,https://www.ikea.com/nl/en/cat/picnic-on-the-go-42924/,https://www.ikea.com/nl/en/p/gullrismott-food-storage-bag-for-potatoes-00581796/
Picnic & on-the-go,https://www.ikea.com/nl/en/cat/picnic-on-the-go-42924/,https://www.ikea.com/nl/en/p/bevara-sealing-clip-set-of-26-mixed-colours-00524174/
Picnic & on-the-go,https://www.ikea.com/nl/en/cat/picnic-on-the-go-42924/,https://www.ikea.com/nl/en/p/gorsnygg-bag-blue-60499261/
Picnic & on-the-go,https://www.ikea.com/nl/en/cat/picnic-on-the-go-42924/,https://www.ikea.com/nl/en/p/bevara-sealing-clip-anthracite-dark-yellow-90524179/
Picnic & on-the-go,https://www.ikea.com/nl/en/cat/picnic-on-the-go-42924/,https://www.ikea.com/nl/en/p/frakta-cool-bag-blue-50448069/
Picnic & on-the-go,https://www.ikea.com/nl/en/cat/picnic-on-the-go-42924/,https://www.ikea.com/nl/en/p/marulk-21-pieces-picnic-set-pink-blue-20617389/
Picnic & on-the-go,https://www.ikea.com/nl/en/cat/picnic-on-the-go-42924/,https://www.ikea.com/nl/en/p/gullrismott-food-storage-bag-for-dry-goods-40581803/
Picnic & on-the-go,https://www.ikea.com/nl/en/cat/picnic-on-the-go-42924/,https://www.ikea.com/nl/en/p/fladdrig-lunch-bag-patterned-grey-10497212/
"Nursing, feeding & eating",https://www.ikea.com/nl/en/cat/nursing-feeding-eating-31772/,https://www.ikea.com/nl/en/p/kladdig-bib-white-green-90607141/
"Nursing, feeding & eating",https://www.ikea.com/nl/en/cat/nursing-feeding-eating-31772/,https://www.ikea.com/nl/en/p/guldvavare-bib-pale-pink-10595651/
"Nursing, feeding & eating",https://www.ikea.com/nl/en/cat/nursing-feeding-eating-31772/,https://www.ikea.com/nl/en/p/borja-plate-bowl-white-blue-90596816/
"Nursing, feeding & eating",https://www.ikea.com/nl/en/cat/nursing-feeding-eating-31772/,https://www.ikea.com/nl/en/p/borja-feeding-spoon-and-baby-spoon-white-blue-40596814/
"Nursing, feeding & eating",https://www.ikea.com/nl/en/cat/nursing-feeding-eating-31772/,https://www.ikea.com/nl/en/p/guldvavare-bib-dark-yellow-white-50595574/
"Nursing, feeding & eating",https://www.ikea.com/nl/en/cat/nursing-feeding-eating-31772/,https://www.ikea.com/nl/en/p/borja-training-beaker-white-blue-00596811/
"Nursing, feeding & eating",https://www.ikea.com/nl/en/cat/nursing-feeding-eating-31772/,https://www.ikea.com/nl/en/p/guldvavare-bib-green-white-30573752/
"Nursing, feeding & eating",https://www.ikea.com/nl/en/cat/nursing-feeding-eating-31772/,https://www.ikea.com/nl/en/p/guldvavare-bib-green-90573754/
"Nursing, feeding & eating",https://www.ikea.com/nl/en/cat/nursing-feeding-eating-31772/,https://www.ikea.com/nl/en/p/mata-4-piece-eating-set-bright-green-30596937/
"Nursing, feeding & eating",https://www.ikea.com/nl/en/cat/nursing-feeding-eating-31772/,https://www.ikea.com/nl/en/p/gronfink-bib-green-60584711/
"Nursing, feeding & eating",https://www.ikea.com/nl/en/cat/nursing-feeding-eating-31772/,https://www.ikea.com/nl/en/p/gronfink-bib-green-yellow-10572409/
Beds,https://www.ikea.com/nl/en/cat/beds-bm003/,https://www.ikea.com/nl/en/p/slattum-upholstered-bed-frame-vissle-dark-grey-00571245/
Beds,https://www.ikea.com/nl/en/cat/beds-bm003/,https://www.ikea.com/nl/en/p/malm-bed-frame-high-w-2-storage-boxes-white-s59175955/
Beds,https://www.ikea.com/nl/en/cat/beds-bm003/,https://www.ikea.com/nl/en/p/brimnes-bed-frame-with-storage-black-luroy-s69007532/
Beds,https://www.ikea.com/nl/en/cat/beds-bm003/,https://www.ikea.com/nl/en/p/neiden-bed-frame-pine-70395239/
Beds,https://www.ikea.com/nl/en/cat/beds-bm003/,https://www.ikea.com/nl/en/p/malm-bed-frame-high-white-s29931596/
Beds,https://www.ikea.com/nl/en/cat/beds-bm003/,https://www.ikea.com/nl/en/p/vihals-bed-frame-with-2-storage-boxes-white-luroy-s99581976/
Beds,https://www.ikea.com/nl/en/cat/beds-bm003/,https://www.ikea.com/nl/en/p/tarva-bed-frame-pine-s89929232/
Beds,https://www.ikea.com/nl/en/cat/beds-bm003/,https://www.ikea.com/nl/en/p/idanas-upholstered-ottoman-bed-gunnared-dark-grey-10458970/
Beds,https://www.ikea.com/nl/en/cat/beds-bm003/,https://www.ikea.com/nl/en/p/ramnefjall-upholstered-bed-frame-kilanda-light-beige-luroy-s19560157/
Beds,https://www.ikea.com/nl/en/cat/beds-bm003/,https://www.ikea.com/nl/en/p/vevelstad-bed-frame-white-00505528/
Beds,https://www.ikea.com/nl/en/cat/beds-bm003/,https://www.ikea.com/nl/en/p/vihals-bed-frame-white-20602439/
Beds,https://www.ikea.com/nl/en/cat/beds-bm003/,https://www.ikea.com/nl/en/p/brimnes-bed-frame-with-storage-white-20400691/
Beds,https://www.ikea.com/nl/en/cat/beds-bm003/,https://www.ikea.com/nl/en/p/tonstad-bed-frame-with-storage-oak-veneer-80489138/
Beds,https://www.ikea.com/nl/en/cat/beds-bm003/,https://www.ikea.com/nl/en/p/idanas-upholstered-bed-frame-naggen-beige-60588064/
Beds,https://www.ikea.com/nl/en/cat/beds-bm003/,https://www.ikea.com/nl/en/p/hemfjallet-divan-bed-with-storage-valevag-medium-firm-norrsele-odensvi-light-beige-s49618067/
Beds,https://www.ikea.com/nl/en/cat/beds-bm003/,https://www.ikea.com/nl/en/p/brimnes-bed-frame-w-storage-and-headboard-black-luroy-s29157420/
Beds,https://www.ikea.com/nl/en/cat/beds-bm003/,https://www.ikea.com/nl/en/p/kleppstad-bed-frame-white-vissle-beige-00492677/
Beds,https://www.ikea.com/nl/en/cat/beds-bm003/,https://www.ikea.com/nl/en/p/malm-bed-frame-high-w-4-storage-boxes-white-s99931611/
Beds,https://www.ikea.com/nl/en/cat/beds-bm003/,https://www.ikea.com/nl/en/p/tarnkullen-upholstered-bed-frame-kelinge-beige-s69608133/
Beds,https://www.ikea.com/nl/en/cat/beds-bm003/,https://www.ikea.com/nl/en/p/gladstad-upholstered-bed-2-storage-boxes-kabusa-light-grey-s09406798/
Beds,https://www.ikea.com/nl/en/cat/beds-bm003/,https://www.ikea.com/nl/en/p/vihals-bed-frame-with-4-storage-boxes-white-luroy-s99581995/
Beds,https://www.ikea.com/nl/en/cat/beds-bm003/,https://www.ikea.com/nl/en/p/sabovik-divan-bed-firm-vissle-grey-s69385750/
Beds,https://www.ikea.com/nl/en/cat/beds-bm003/,https://www.ikea.com/nl/en/p/stjarno-bed-frame-anthracite-50570187/
Beds,https://www.ikea.com/nl/en/cat/beds-bm003/,https://www.ikea.com/nl/en/p/tufjord-upholstered-bed-frame-tallmyra-white-black-20573253/
Mattresses,https://www.ikea.com/nl/en/cat/mattresses-bm002/,https://www.ikea.com/nl/en/p/vesteroy-pocket-sprung-mattress-medium-firm-light-blue-00450615/
Mattresses,https://www.ikea.com/nl/en/cat/mattresses-bm002/,https://www.ikea.com/nl/en/p/valevag-pocket-sprung-mattress-medium-firm-light-blue-10450667/
Mattresses,https://www.ikea.com/nl/en/cat/mattresses-bm002/,https://www.ikea.com/nl/en/p/afjall-foam-mattress-medium-firm-white-40568646/
Mattresses,https://www.ikea.com/nl/en/cat/mattresses-bm002/,https://www.ikea.com/nl/en/p/vagstranda-pocket-sprung-mattress-firm-light-blue-00450757/
Mattresses,https://www.ikea.com/nl/en/cat/mattresses-bm002/,https://www.ikea.com/nl/en/p/akrehamn-foam-mattress-medium-firm-white-40481672/
Mattresses,https://www.ikea.com/nl/en/cat/mattresses-bm002/,https://www.ikea.com/nl/en/p/agotnes-foam-mattress-firm-light-blue-20480843/
Mattresses,https://www.ikea.com/nl/en/cat/mattresses-bm002/,https://www.ikea.com/nl/en/p/vestmarka-sprung-mattress-medium-firm-light-blue-50451306/
Mattresses,https://www.ikea.com/nl/en/cat/mattresses-bm002/,https://www.ikea.com/nl/en/p/abygda-foam-mattress-medium-firm-white-50481493/
Mattresses,https://www.ikea.com/nl/en/cat/mattresses-bm002/,https://www.ikea.com/nl/en/p/anneland-hybrid-mattress-firm-white-70511111/
Mattresses,https://www.ikea.com/nl/en/cat/mattresses-bm002/,https://www.ikea.com/nl/en/p/valevag-mattress-and-mattress-pad-medium-firm-light-blue-nisseholm-white-s19572358/
Mattresses,https://www.ikea.com/nl/en/cat/mattresses-bm002/,https://www.ikea.com/nl/en/p/vadso-sprung-mattress-firm-light-blue-90451229/
Mattresses,https://www.ikea.com/nl/en/cat/mattresses-bm002/,https://www.ikea.com/nl/en/p/vatnestrom-pocket-sprung-mattress-firm-natural-60476410/
Mattresses,https://www.ikea.com/nl/en/cat/mattresses-bm002/,https://www.ikea.com/nl/en/p/aspsjokullen-foam-mattress-firm-washable-top-cover-white-60596605/
Mattresses,https://www.ikea.com/nl/en/cat/mattresses-bm002/,https://www.ikea.com/nl/en/p/vannareid-pocket-sprung-mattress-firm-beige-90486728/
Mattresses,https://www.ikea.com/nl/en/cat/mattresses-bm002/,https://www.ikea.com/nl/en/p/siggerud-mattress-wedge-40272353/
Mattresses,https://www.ikea.com/nl/en/cat/mattresses-bm002/,https://www.ikea.com/nl/en/p/vesteroy-mattress-and-mattress-pad-medium-firm-light-blue-nasfjallet-white-s19572216/
Mattresses,https://www.ikea.com/nl/en/cat/mattresses-bm002/,https://www.ikea.com/nl/en/p/slakt-pouffe-mattress-foldable-vissle-beige-green-00590357/
Mattresses,https://www.ikea.com/nl/en/cat/mattresses-bm002/,https://www.ikea.com/nl/en/p/nordberget-mattress-pad-white-20558511/
Mattresses,https://www.ikea.com/nl/en/cat/mattresses-bm002/,https://www.ikea.com/nl/en/p/pelleplutt-foam-mattress-for-cot-80593578/
Mattresses,https://www.ikea.com/nl/en/cat/mattresses-bm002/,https://www.ikea.com/nl/en/p/underlig-foam-mattress-for-junior-bed-white-60593758/
Mattresses,https://www.ikea.com/nl/en/cat/mattresses-bm002/,https://www.ikea.com/nl/en/p/plutten-foam-mattress-for-extendable-bed-80615636/
Mattresses,https://www.ikea.com/nl/en/cat/mattresses-bm002/,https://www.ikea.com/nl/en/p/nastaberg-mattress-pad-white-10559629/
Mattresses,https://www.ikea.com/nl/en/cat/mattresses-bm002/,https://www.ikea.com/nl/en/p/nasfjallet-mattress-pad-white-80558042/
Mattresses,https://www.ikea.com/nl/en/cat/mattresses-bm002/,https://www.ikea.com/nl/en/p/innerlig-spring-mattress-for-extendable-bed-30593731/
Bedding,https://www.ikea.com/nl/en/cat/bedding-tl004/,https://www.ikea.com/nl/en/p/dvala-fitted-sheet-white-30357220/
Bedding,https://www.ikea.com/nl/en/cat/bedding-tl004/,https://www.ikea.com/nl/en/p/angslilja-duvet-cover-and-2-pillowcases-grey-green-90585158/
Bedding,https://www.ikea.com/nl/en/cat/bedding-tl004/,https://www.ikea.com/nl/en/p/barglim-fitted-sheet-white-30621437/
Bedding,https://www.ikea.com/nl/en/cat/bedding-tl004/,https://www.ikea.com/nl/en/p/solfibbla-duvet-cover-and-2-pillowcases-white-beige-stripe-80610950/
Bedding,https://www.ikea.com/nl/en/cat/bedding-tl004/,https://www.ikea.com/nl/en/p/nattjasmin-duvet-cover-and-2-pillowcases-white-90337168/
Bedding,https://www.ikea.com/nl/en/cat/bedding-tl004/,https://www.ikea.com/nl/en/p/dvala-fitted-sheet-grey-green-40549629/
Bedding,https://www.ikea.com/nl/en/cat/bedding-tl004/,https://www.ikea.com/nl/en/p/solfibbla-duvet-cover-and-2-pillowcases-white-red-stripe-50612210/
Bedding,https://www.ikea.com/nl/en/cat/bedding-tl004/,https://www.ikea.com/nl/en/p/slanhostmal-duvet-cover-and-2-pillowcases-orange-pink-striped-50575279/
Bedding,https://www.ikea.com/nl/en/cat/bedding-tl004/,https://www.ikea.com/nl/en/p/barglim-fitted-sheet-white-90621444/
Bedding,https://www.ikea.com/nl/en/cat/bedding-tl004/,https://www.ikea.com/nl/en/p/schersmin-duvet-cover-and-2-pillowcases-grey-beige-60606303/
Bedding,https://www.ikea.com/nl/en/cat/bedding-tl004/,https://www.ikea.com/nl/en/p/angslilja-duvet-cover-and-2-pillowcases-grey-green-80585168/
Bedding,https://www.ikea.com/nl/en/cat/bedding-tl004/,https://www.ikea.com/nl/en/p/hampflockel-duvet-cover-and-2-pillowcases-brown-80606458/
Bedding,https://www.ikea.com/nl/en/cat/bedding-tl004/,https://www.ikea.com/nl/en/p/nasselklocka-duvet-cover-and-2-pillowcases-light-grey-beige-multicolour-60584532/
Bedding,https://www.ikea.com/nl/en/cat/bedding-tl004/,https://www.ikea.com/nl/en/p/dvala-fitted-sheet-grey-00621250/
Bedding,https://www.ikea.com/nl/en/cat/bedding-tl004/,https://www.ikea.com/nl/en/p/angslilja-duvet-cover-and-pillowcase-grey-green-00585172/
Bedding,https://www.ikea.com/nl/en/cat/bedding-tl004/,https://www.ikea.com/nl/en/p/doftakleja-duvet-cover-and-2-pillowcases-dark-blue-light-brown-70600584/
Bedding,https://www.ikea.com/nl/en/cat/bedding-tl004/,https://www.ikea.com/nl/en/p/strandlummer-duvet-cover-and-2-pillowcases-multicolour-floral-pattern-10579793/
Bedding,https://www.ikea.com/nl/en/cat/bedding-tl004/,https://www.ikea.com/nl/en/p/nattslanda-duvet-cover-and-pillowcase-stripe-pattern-multicolour-70508000/
Bedding,https://www.ikea.com/nl/en/cat/bedding-tl004/,https://www.ikea.com/nl/en/p/solfibbla-fitted-sheet-white-beige-stripe-90615848/
Bedding,https://www.ikea.com/nl/en/cat/bedding-tl004/,https://www.ikea.com/nl/en/p/dvala-fitted-sheet-beige-70357223/
Bedding,https://www.ikea.com/nl/en/cat/bedding-tl004/,https://www.ikea.com/nl/en/p/bandknippe-duvet-cover-and-2-pillowcases-white-beige-00621995/
Bedding,https://www.ikea.com/nl/en/cat/bedding-tl004/,https://www.ikea.com/nl/en/p/rodgersia-duvet-cover-and-2-pillowcases-blue-white-00586831/
Bedding,https://www.ikea.com/nl/en/cat/bedding-tl004/,https://www.ikea.com/nl/en/p/solfibbla-duvet-cover-and-pillowcase-white-blue-stripe-50612192/
Bedding,https://www.ikea.com/nl/en/cat/bedding-tl004/,https://www.ikea.com/nl/en/p/solfibbla-fitted-sheet-white-blue-stripe-40615695/
Bedside tables,https://www.ikea.com/nl/en/cat/bedside-tables-20656/,https://www.ikea.com/nl/en/p/malm-chest-of-2-drawers-black-brown-00103343/
Bedside tables,https://www.ikea.com/nl/en/cat/bedside-tables-20656/,https://www.ikea.com/nl/en/p/kullen-chest-of-2-drawers-white-80309241/
Bedside tables,https://www.ikea.com/nl/en/cat/bedside-tables-20656/,https://www.ikea.com/nl/en/p/tonstad-bedside-table-oak-veneer-80489322/
Bedside tables,https://www.ikea.com/nl/en/cat/bedside-tables-20656/,https://www.ikea.com/nl/en/p/radmanso-bedside-table-brown-walnut-effect-80593597/
Bedside tables,https://www.ikea.com/nl/en/cat/bedside-tables-20656/,https://www.ikea.com/nl/en/p/vikhammer-bedside-table-black-20388972/
Bedside tables,https://www.ikea.com/nl/en/cat/bedside-tables-20656/,https://www.ikea.com/nl/en/p/hemnes-chest-of-2-drawers-white-stain-80242627/
Bedside tables,https://www.ikea.com/nl/en/cat/bedside-tables-20656/,https://www.ikea.com/nl/en/p/knarrevik-bedside-table-black-20569977/
Bedside tables,https://www.ikea.com/nl/en/cat/bedside-tables-20656/,https://www.ikea.com/nl/en/p/grafjallet-bedside-table-anthracite-20570221/
Bedside tables,https://www.ikea.com/nl/en/cat/bedside-tables-20656/,https://www.ikea.com/nl/en/p/nordkisa-bedside-table-bamboo-60447677/
Bedside tables,https://www.ikea.com/nl/en/cat/bedside-tables-20656/,https://www.ikea.com/nl/en/p/eket-wall-cabinet-with-2-drawers-white-s69329387/
Bedside tables,https://www.ikea.com/nl/en/cat/bedside-tables-20656/,https://www.ikea.com/nl/en/p/kronoren-bedside-table-pine-00610807/
Bedside tables,https://www.ikea.com/nl/en/cat/bedside-tables-20656/,https://www.ikea.com/nl/en/p/vikhammer-bedside-table-white-00381764/
Bedside tables,https://www.ikea.com/nl/en/cat/bedside-tables-20656/,https://www.ikea.com/nl/en/p/gladom-tray-table-light-blue-10534002/
Bedside tables,https://www.ikea.com/nl/en/cat/bedside-tables-20656/,https://www.ikea.com/nl/en/p/songesand-bedside-table-white-30367441/
Bedside tables,https://www.ikea.com/nl/en/cat/bedside-tables-20656/,https://www.ikea.com/nl/en/p/perjohan-stool-with-storage-pine-80485338/
Bedside tables,https://www.ikea.com/nl/en/cat/bedside-tables-20656/,https://www.ikea.com/nl/en/p/brimnes-bedside-table-black-80340454/
Bedside tables,https://www.ikea.com/nl/en/cat/bedside-tables-20656/,https://www.ikea.com/nl/en/p/blastasen-bedside-table-white-00595067/
Bedside tables,https://www.ikea.com/nl/en/cat/bedside-tables-20656/,https://www.ikea.com/nl/en/p/gullaberg-bedside-table-with-1-drawer-with-shelf-white-20561740/
Bedside tables,https://www.ikea.com/nl/en/cat/bedside-tables-20656/,https://www.ikea.com/nl/en/p/hemnes-bedside-table-grey-green-light-brown-stained-50610739/
Bedside tables,https://www.ikea.com/nl/en/cat/bedside-tables-20656/,https://www.ikea.com/nl/en/p/skruvby-side-table-white-80532009/
Bedside tables,https://www.ikea.com/nl/en/cat/bedside-tables-20656/,https://www.ikea.com/nl/en/p/gullaberg-bedside-table-with-1-drawer-with-door-white-20561764/
Bedside tables,https://www.ikea.com/nl/en/cat/bedside-tables-20656/,https://www.ikea.com/nl/en/p/grafjallet-wall-mounted-bedside-table-anthracite-00603114/
Bedside tables,https://www.ikea.com/nl/en/cat/bedside-tables-20656/,https://www.ikea.com/nl/en/p/eket-cabinet-white-stained-oak-effect-90428842/
Bedside tables,https://www.ikea.com/nl/en/cat/bedside-tables-20656/,https://www.ikea.com/nl/en/p/blankhallan-bedside-table-green-turquoise-70620997/
Mattress bases,https://www.ikea.com/nl/en/cat/mattress-bases-24825/,https://www.ikea.com/nl/en/p/lyngor-mattress-base-30566134/
Mattress bases,https://www.ikea.com/nl/en/cat/mattress-bases-24825/,https://www.ikea.com/nl/en/p/lyngor-spring-mattress-base-incl-leg-white-s59608379/
Mattress bases,https://www.ikea.com/nl/en/cat/mattress-bases-24825/,https://www.ikea.com/nl/en/p/lyngor-slatted-mattress-base-incl-leg-dark-grey-s09608310/
Mattress bases,https://www.ikea.com/nl/en/cat/mattress-bases-24825/,https://www.ikea.com/nl/en/p/engavagen-spring-core-lining-cloth-60307243/
Mattress bases,https://www.ikea.com/nl/en/cat/mattress-bases-24825/,https://www.ikea.com/nl/en/p/lyngor-sprung-mattress-base-dark-grey-s19552812/
Mattress bases,https://www.ikea.com/nl/en/cat/mattress-bases-24825/,https://www.ikea.com/nl/en/p/lyngor-sprung-mattress-base-with-legs-white-s09552841/
Mattress bases,https://www.ikea.com/nl/en/cat/mattress-bases-24825/,https://www.ikea.com/nl/en/p/lyngor-slatted-mattress-base-dark-grey-s79554356/
Mattress bases,https://www.ikea.com/nl/en/cat/mattress-bases-24825/,https://www.ikea.com/nl/en/p/folungen-spring-core-lining-cloth-40552834/
Mattress bases,https://www.ikea.com/nl/en/cat/mattress-bases-24825/,https://www.ikea.com/nl/en/p/lyngor-slatted-mattress-base-with-legs-dark-grey-s19554458/
Headboards,https://www.ikea.com/nl/en/cat/headboards-19064/,https://www.ikea.com/nl/en/p/tolkning-headboard-handmade-rattan-30512631/
Headboards,https://www.ikea.com/nl/en/cat/headboards-19064/,https://www.ikea.com/nl/en/p/brimnes-headboard-with-storage-compartment-black-50309252/
Headboards,https://www.ikea.com/nl/en/cat/headboards-19064/,https://www.ikea.com/nl/en/p/brimnes-headboard-with-storage-compartment-white-20228709/
Headboards,https://www.ikea.com/nl/en/cat/headboards-19064/,https://www.ikea.com/nl/en/p/silang-storage-pocket-for-bed-felt-30578863/
Under bed storage,https://www.ikea.com/nl/en/cat/under-bed-storage-19059/,https://www.ikea.com/nl/en/p/skubb-storage-case-white-20591049/
Under bed storage,https://www.ikea.com/nl/en/cat/under-bed-storage-19059/,https://www.ikea.com/nl/en/p/parkla-storage-case-50395382/
Under bed storage,https://www.ikea.com/nl/en/cat/under-bed-storage-19059/,https://www.ikea.com/nl/en/p/sockerbit-storage-box-with-lid-white-20411524/
Under bed storage,https://www.ikea.com/nl/en/cat/under-bed-storage-19059/,https://www.ikea.com/nl/en/p/malm-bed-storage-box-for-high-bed-frame-black-brown-80249539/
Under bed storage,https://www.ikea.com/nl/en/cat/under-bed-storage-19059/,https://www.ikea.com/nl/en/p/samla-box-transparent-00130129/
Under bed storage,https://www.ikea.com/nl/en/cat/under-bed-storage-19059/,https://www.ikea.com/nl/en/p/songesand-bed-storage-box-set-of-2-white-30372536/
Under bed storage,https://www.ikea.com/nl/en/cat/under-bed-storage-19059/,https://www.ikea.com/nl/en/p/gorsnygg-storage-case-white-transparent-40504193/
Under bed storage,https://www.ikea.com/nl/en/cat/under-bed-storage-19059/,https://www.ikea.com/nl/en/p/skubb-storage-case-for-wrapping-paper-dark-grey-30402430/
Under bed storage,https://www.ikea.com/nl/en/cat/under-bed-storage-19059/,https://www.ikea.com/nl/en/p/purrpingla-storage-case-textile-beige-00612255/
Under bed storage,https://www.ikea.com/nl/en/cat/under-bed-storage-19059/,https://www.ikea.com/nl/en/p/skubb-storage-case-white-10591059/
Under bed storage,https://www.ikea.com/nl/en/cat/under-bed-storage-19059/,https://www.ikea.com/nl/en/p/gullaberg-bed-storage-box-set-of-2-white-20608200/
Under bed storage,https://www.ikea.com/nl/en/cat/under-bed-storage-19059/,https://www.ikea.com/nl/en/p/vihals-bed-storage-box-set-of-2-white-30595117/
Under bed storage,https://www.ikea.com/nl/en/cat/under-bed-storage-19059/,https://www.ikea.com/nl/en/p/gladstad-upholstered-bed-storage-box-kabusa-light-grey-10498424/
Under bed storage,https://www.ikea.com/nl/en/cat/under-bed-storage-19059/,https://www.ikea.com/nl/en/p/smyga-bed-storage-box-light-grey-70507821/
Under bed storage,https://www.ikea.com/nl/en/cat/under-bed-storage-19059/,https://www.ikea.com/nl/en/p/skubb-storage-case-white-60591047/
Under bed storage,https://www.ikea.com/nl/en/cat/under-bed-storage-19059/,https://www.ikea.com/nl/en/p/stuk-storage-case-white-black-20621541/
Under bed storage,https://www.ikea.com/nl/en/cat/under-bed-storage-19059/,https://www.ikea.com/nl/en/p/hemnes-bed-storage-box-set-of-2-white-stain-30346929/
Bed slats,https://www.ikea.com/nl/en/cat/bed-slats-24827/,https://www.ikea.com/nl/en/p/lonset-slatted-bed-base-s19481363/
Bed slats,https://www.ikea.com/nl/en/cat/bed-slats-24827/,https://www.ikea.com/nl/en/p/lonset-slatted-bed-base-90278343/
Bed slats,https://www.ikea.com/nl/en/cat/bed-slats-24827/,https://www.ikea.com/nl/en/p/luroy-slatted-bed-base-s09481354/
Bed slats,https://www.ikea.com/nl/en/cat/bed-slats-24827/,https://www.ikea.com/nl/en/p/luroy-slatted-bed-base-90160211/
Bed slats,https://www.ikea.com/nl/en/cat/bed-slats-24827/,https://www.ikea.com/nl/en/p/leirsund-slatted-bed-base-00278333/
Bed slats,https://www.ikea.com/nl/en/cat/bed-slats-24827/,https://www.ikea.com/nl/en/p/leirsund-slatted-bed-base-s59481375/
Bed slats,https://www.ikea.com/nl/en/cat/bed-slats-24827/,https://www.ikea.com/nl/en/p/skorva-midbeam-galvanised-90124534/
Bed legs,https://www.ikea.com/nl/en/cat/bed-legs-24822/,https://www.ikea.com/nl/en/p/brynilen-leg-oak-effect-70608085/
Bed legs,https://www.ikea.com/nl/en/cat/bed-legs-24822/,https://www.ikea.com/nl/en/p/bjorli-leg-black-90481288/
Bed legs,https://www.ikea.com/nl/en/cat/bed-legs-24822/,https://www.ikea.com/nl/en/p/brennasen-leg-black-stained-00299689/
Bed legs,https://www.ikea.com/nl/en/cat/bed-legs-24822/,https://www.ikea.com/nl/en/p/sultan-supporting-leg-black-45932080/
Bed legs,https://www.ikea.com/nl/en/cat/bed-legs-24822/,https://www.ikea.com/nl/en/p/burfjord-leg-oak-effect-60608076/
Bed legs,https://www.ikea.com/nl/en/cat/bed-legs-24822/,https://www.ikea.com/nl/en/p/brattvag-leg-black-80309613/
Bed legs,https://www.ikea.com/nl/en/cat/bed-legs-24822/,https://www.ikea.com/nl/en/p/braasen-leg-black-60607977/
Bed legs,https://www.ikea.com/nl/en/cat/bed-legs-24822/,https://www.ikea.com/nl/en/p/brattvag-leg-white-80299690/
Beds with mattresses included,https://www.ikea.com/nl/en/cat/beds-with-mattresses-included-700513/,https://www.ikea.com/nl/en/p/malm-bed-frame-with-mattress-black-brown-vesteroy-firm-s89544423/
Beds with mattresses included,https://www.ikea.com/nl/en/cat/beds-with-mattresses-included-700513/,https://www.ikea.com/nl/en/p/hemnes-day-bed-w-3-drawers-2-mattresses-white-agotnes-firm-s79428117/
Beds with mattresses included,https://www.ikea.com/nl/en/cat/beds-with-mattresses-included-700513/,https://www.ikea.com/nl/en/p/lillfjallet-divan-bed-with-storage-valevag-medium-firm-nisseholm-tibbleby-dark-beige-s39555051/
Beds with mattresses included,https://www.ikea.com/nl/en/cat/beds-with-mattresses-included-700513/,https://www.ikea.com/nl/en/p/nordli-bed-frame-with-storage-and-mattress-white-valevag-medium-firm-s99537714/
Beds with mattresses included,https://www.ikea.com/nl/en/cat/beds-with-mattresses-included-700513/,https://www.ikea.com/nl/en/p/hemnes-bed-frame-with-mattress-white-stain-valevag-medium-firm-s89543107/
Beds with mattresses included,https://www.ikea.com/nl/en/cat/beds-with-mattresses-included-700513/,https://www.ikea.com/nl/en/p/lillfjallet-divan-bed-with-storage-valevag-medium-firm-nisseholm-tibbleby-grey-green-s79555110/
Beds with mattresses included,https://www.ikea.com/nl/en/cat/beds-with-mattresses-included-700513/,https://www.ikea.com/nl/en/p/utaker-stackable-bed-with-2-mattresses-pine-afjall-medium-firm-s89521515/
Beds with mattresses included,https://www.ikea.com/nl/en/cat/beds-with-mattresses-included-700513/,https://www.ikea.com/nl/en/p/glamberget-bed-frame-with-storage-and-mattress-pine-akrehamn-firm-s79568495/
Beds with mattresses included,https://www.ikea.com/nl/en/cat/beds-with-mattresses-included-700513/,https://www.ikea.com/nl/en/p/tallasen-upholstered-bed-frame-with-mattress-kulsta-grey-green-akrehamn-medium-firm-s99537115/
Beds with mattresses included,https://www.ikea.com/nl/en/cat/beds-with-mattresses-included-700513/,https://www.ikea.com/nl/en/p/vihals-day-bed-with-1-mattress-white-afjall-medium-firm-s69580563/
Beds with mattresses included,https://www.ikea.com/nl/en/cat/beds-with-mattresses-included-700513/,https://www.ikea.com/nl/en/p/brimnes-day-bed-w-2-drawers-2-mattresses-white-afjall-medium-firm-s39521160/
Beds with mattresses included,https://www.ikea.com/nl/en/cat/beds-with-mattresses-included-700513/,https://www.ikea.com/nl/en/p/lillfjallet-divan-bed-vagstranda-firm-medium-firm-nordberget-tibbleby-dark-beige-s99555232/
Beds with mattresses included,https://www.ikea.com/nl/en/cat/beds-with-mattresses-included-700513/,https://www.ikea.com/nl/en/p/lillfjallet-divan-bed-vagstranda-firm-nordberget-tibbleby-grey-green-s29552883/
Beds with mattresses included,https://www.ikea.com/nl/en/cat/beds-with-mattresses-included-700513/,https://www.ikea.com/nl/en/p/flekke-day-bed-w-2-drawers-2-mattresses-white-afjall-medium-firm-s79521455/
Beds with mattresses included,https://www.ikea.com/nl/en/cat/beds-with-mattresses-included-700513/,https://www.ikea.com/nl/en/p/glamberget-extendable-bed-w-stor-2-mattresses-pine-afjall-medium-firm-s09568352/
Beds with mattresses included,https://www.ikea.com/nl/en/cat/beds-with-mattresses-included-700513/,https://www.ikea.com/nl/en/p/fyresdal-day-bed-with-2-mattresses-black-vannareid-firm-s29390942/
Bed & headboard covers,https://www.ikea.com/nl/en/cat/bed-headboard-covers-57280/,https://www.ikea.com/nl/en/p/tarnkullen-cover-bed-frame-kelinge-beige-90617833/
Bed & headboard covers,https://www.ikea.com/nl/en/cat/bed-headboard-covers-57280/,https://www.ikea.com/nl/en/p/hemfjallet-cover-divan-bed-odensvi-light-beige-40583048/
Bed & headboard covers,https://www.ikea.com/nl/en/cat/bed-headboard-covers-57280/,https://www.ikea.com/nl/en/p/arnavik-headboard-lining-cloth-00324721/
Bed & headboard covers,https://www.ikea.com/nl/en/cat/bed-headboard-covers-57280/,https://www.ikea.com/nl/en/p/silang-storage-pocket-for-bed-felt-30578863/
Bed & headboard covers,https://www.ikea.com/nl/en/cat/bed-headboard-covers-57280/,https://www.ikea.com/nl/en/p/ramnefjall-cover-bed-frame-kilanda-light-beige-60558967/
Bed & headboard covers,https://www.ikea.com/nl/en/cat/bed-headboard-covers-57280/,https://www.ikea.com/nl/en/p/dunvik-cover-divan-bed-gunnared-beige-40465323/
Bed & headboard covers,https://www.ikea.com/nl/en/cat/bed-headboard-covers-57280/,https://www.ikea.com/nl/en/p/slattum-slipcover-for-headboard-oreryd-grey-beige-50624454/
Bed & headboard covers,https://www.ikea.com/nl/en/cat/bed-headboard-covers-57280/,https://www.ikea.com/nl/en/p/lyngor-cover-dark-grey-00566084/
Bed & headboard covers,https://www.ikea.com/nl/en/cat/bed-headboard-covers-57280/,https://www.ikea.com/nl/en/p/lillfjallet-cover-divan-bed-tibbleby-dark-beige-70573298/
Bed & headboard covers,https://www.ikea.com/nl/en/cat/bed-headboard-covers-57280/,https://www.ikea.com/nl/en/p/hemfjallet-cover-divan-bed-with-storage-odensvi-light-beige-70583042/
Bed & headboard covers,https://www.ikea.com/nl/en/cat/bed-headboard-covers-57280/,https://www.ikea.com/nl/en/p/espevar-cover-white-50307125/
Bed & headboard covers,https://www.ikea.com/nl/en/cat/bed-headboard-covers-57280/,https://www.ikea.com/nl/en/p/lillfjallet-cover-divan-bed-with-storage-tibbleby-dark-beige-60573294/
Bedroom furniture sets,https://www.ikea.com/nl/en/cat/bedroom-furniture-sets-54992/,https://www.ikea.com/nl/en/p/malm-bedroom-furniture-set-of-4-black-brown-s19483404/
Bedroom furniture sets,https://www.ikea.com/nl/en/cat/bedroom-furniture-sets-54992/,https://www.ikea.com/nl/en/p/songesand-bedroom-furniture-set-of-5-white-s59483398/
Bedroom furniture sets,https://www.ikea.com/nl/en/cat/bedroom-furniture-sets-54992/,https://www.ikea.com/nl/en/p/brimnes-bedroom-furniture-set-of-3-white-s79487649/
Bedroom furniture sets,https://www.ikea.com/nl/en/cat/bedroom-furniture-sets-54992/,https://www.ikea.com/nl/en/p/gullaberg-bedroom-furniture-set-of-4-white-s89618720/
Bedroom furniture sets,https://www.ikea.com/nl/en/cat/bedroom-furniture-sets-54992/,https://www.ikea.com/nl/en/p/radmanso-bedroom-furniture-set-of-3-brown-walnut-effect-s99614444/
Bedroom furniture sets,https://www.ikea.com/nl/en/cat/bedroom-furniture-sets-54992/,https://www.ikea.com/nl/en/p/stjarno-grafjallet-bedroom-furniture-set-of-3-anthracite-s99577639/
Bedroom furniture sets,https://www.ikea.com/nl/en/cat/bedroom-furniture-sets-54992/,https://www.ikea.com/nl/en/p/gullaberg-bedroom-furniture-set-of-4-grey-s69618783/
Bedroom furniture sets,https://www.ikea.com/nl/en/cat/bedroom-furniture-sets-54992/,https://www.ikea.com/nl/en/p/gullaberg-bedroom-furniture-set-of-2-white-s19617347/
Bedroom furniture sets,https://www.ikea.com/nl/en/cat/bedroom-furniture-sets-54992/,https://www.ikea.com/nl/en/p/gullaberg-bedroom-furniture-set-of-3-white-s99614892/
Bedroom furniture sets,https://www.ikea.com/nl/en/cat/bedroom-furniture-sets-54992/,https://www.ikea.com/nl/en/p/hauga-bedroom-furniture-set-of-2-white-s69575585/
Bedroom furniture sets,https://www.ikea.com/nl/en/cat/bedroom-furniture-sets-54992/,https://www.ikea.com/nl/en/p/brimnes-bedroom-furniture-set-of-2-white-s09487902/
Bedroom furniture sets,https://www.ikea.com/nl/en/cat/bedroom-furniture-sets-54992/,https://www.ikea.com/nl/en/p/tonstad-bedroom-furniture-set-of-3-incl-bed-storage-oak-veneer-s69577546/
Bedroom furniture sets,https://www.ikea.com/nl/en/cat/bedroom-furniture-sets-54992/,https://www.ikea.com/nl/en/p/glamberget-bedroom-furniture-set-of-2-pine-katorp-beige-s99576357/
Bedroom furniture sets,https://www.ikea.com/nl/en/cat/bedroom-furniture-sets-54992/,https://www.ikea.com/nl/en/p/glamberget-bedroom-furniture-set-of-3-pine-katorp-beige-s59576316/
Bedroom furniture sets,https://www.ikea.com/nl/en/cat/bedroom-furniture-sets-54992/,https://www.ikea.com/nl/en/p/idanas-bedroom-furniture-set-of-4-white-s19483673/
Bedroom furniture sets,https://www.ikea.com/nl/en/cat/bedroom-furniture-sets-54992/,https://www.ikea.com/nl/en/p/brimnes-bedroom-furniture-set-of-3-white-s79622751/
Bedroom furniture sets,https://www.ikea.com/nl/en/cat/bedroom-furniture-sets-54992/,https://www.ikea.com/nl/en/p/gullaberg-bedroom-furniture-set-of-3-white-s69615459/
Bedroom furniture sets,https://www.ikea.com/nl/en/cat/bedroom-furniture-sets-54992/,https://www.ikea.com/nl/en/p/gullaberg-bedroom-furniture-set-of-3-white-s79618711/
Bedroom furniture sets,https://www.ikea.com/nl/en/cat/bedroom-furniture-sets-54992/,https://www.ikea.com/nl/en/p/kronoren-bedroom-furniture-set-of-3-pine-s89618032/
Bedroom furniture sets,https://www.ikea.com/nl/en/cat/bedroom-furniture-sets-54992/,https://www.ikea.com/nl/en/p/idanas-bedroom-furniture-set-of-4-white-s89488040/
Bedroom furniture sets,https://www.ikea.com/nl/en/cat/bedroom-furniture-sets-54992/,https://www.ikea.com/nl/en/p/hemnes-bedroom-furniture-set-of-3-white-stain-s29483427/
Bedroom furniture sets,https://www.ikea.com/nl/en/cat/bedroom-furniture-sets-54992/,https://www.ikea.com/nl/en/p/grejig-bedroom-furniture-set-of-2-grey-s29618006/
Bedroom furniture sets,https://www.ikea.com/nl/en/cat/bedroom-furniture-sets-54992/,https://www.ikea.com/nl/en/p/hauga-bedroom-furniture-set-of-3-white-s29575592/
Bedroom furniture sets,https://www.ikea.com/nl/en/cat/bedroom-furniture-sets-54992/,https://www.ikea.com/nl/en/p/gullaberg-bedroom-furniture-set-of-2-grey-s09617338/
Children,https://www.ikea.com/nl/en/cat/children-bc003/,https://www.ikea.com/nl/en/p/flisat-wall-storage-light-white-stained-pine-00290778/
Children,https://www.ikea.com/nl/en/cat/children-bc003/,https://www.ikea.com/nl/en/p/slakt-pouffe-mattress-foldable-vissle-beige-green-00590357/
Children,https://www.ikea.com/nl/en/cat/children-bc003/,https://www.ikea.com/nl/en/p/trofast-storage-combination-with-boxes-light-white-stained-pine-white-s39574865/
Children,https://www.ikea.com/nl/en/cat/children-bc003/,https://www.ikea.com/nl/en/p/plufsig-folding-gym-mat-pink-red-50552273/
Children,https://www.ikea.com/nl/en/cat/children-bc003/,https://www.ikea.com/nl/en/p/flisat-childrens-table-50298418/
Children,https://www.ikea.com/nl/en/cat/children-bc003/,https://www.ikea.com/nl/en/p/bagis-childrens-coat-hanger-mixed-colours-60591014/
Children,https://www.ikea.com/nl/en/cat/children-bc003/,https://www.ikea.com/nl/en/p/forsiktig-childrens-stool-white-turquoise-10591318/
Children,https://www.ikea.com/nl/en/cat/children-bc003/,https://www.ikea.com/nl/en/p/mala-easel-softwood-30488966/
Children,https://www.ikea.com/nl/en/cat/children-bc003/,https://www.ikea.com/nl/en/p/kalas-bowl-mixed-colours-20461378/
Children,https://www.ikea.com/nl/en/cat/children-bc003/,https://www.ikea.com/nl/en/p/mala-apron-with-long-sleeves-yellow-30485350/
Children,https://www.ikea.com/nl/en/cat/children-bc003/,https://www.ikea.com/nl/en/p/flisat-book-display-80614566/
Children,https://www.ikea.com/nl/en/cat/children-bc003/,https://www.ikea.com/nl/en/p/kalas-mug-mixed-colours-seasonal-edition-50620093/
Children,https://www.ikea.com/nl/en/cat/children-bc003/,https://www.ikea.com/nl/en/p/mala-portable-drawing-case-red-70459896/
Children,https://www.ikea.com/nl/en/cat/children-bc003/,https://www.ikea.com/nl/en/p/sandlopare-desk-pad-multicolour-animals-on-the-savannah-00610195/
Children,https://www.ikea.com/nl/en/cat/children-bc003/,https://www.ikea.com/nl/en/p/kalas-plate-mixed-colours-seasonal-edition-80620096/
Children,https://www.ikea.com/nl/en/cat/children-bc003/,https://www.ikea.com/nl/en/p/smabit-2-piece-knife-set-light-turquoise-bright-red-70557095/
Children,https://www.ikea.com/nl/en/cat/children-bc003/,https://www.ikea.com/nl/en/p/smastad-bench-with-toy-storage-white-white-s19389152/
Children,https://www.ikea.com/nl/en/cat/children-bc003/,https://www.ikea.com/nl/en/p/dundra-activity-table-with-storage-white-grey-30472499/
Children,https://www.ikea.com/nl/en/cat/children-bc003/,https://www.ikea.com/nl/en/p/bolmen-step-stool-black-70602093/
Children,https://www.ikea.com/nl/en/cat/children-bc003/,https://www.ikea.com/nl/en/p/mala-drawing-paper-roll-70461088/
Children,https://www.ikea.com/nl/en/cat/children-bc003/,https://www.ikea.com/nl/en/p/mala-wax-crayon-mixed-colours-00455547/
Children,https://www.ikea.com/nl/en/cat/children-bc003/,https://www.ikea.com/nl/en/p/kalas-18-piece-cutlery-set-mixed-colours-seasonal-edition-30620094/
Children,https://www.ikea.com/nl/en/cat/children-bc003/,https://www.ikea.com/nl/en/p/fabler-3-piece-cutlery-set-stainless-steel-60137571/
Children,https://www.ikea.com/nl/en/cat/children-bc003/,https://www.ikea.com/nl/en/p/mammut-childrens-chair-in-outdoor-lilac-90581990/
Baby,https://www.ikea.com/nl/en/cat/baby-bc002/,https://www.ikea.com/nl/en/p/flisat-wall-storage-light-white-stained-pine-00290778/
Baby,https://www.ikea.com/nl/en/cat/baby-bc002/,https://www.ikea.com/nl/en/p/sniglar-cot-beech-30248537/
Baby,https://www.ikea.com/nl/en/cat/baby-bc002/,https://www.ikea.com/nl/en/p/vadra-babycare-mat-80226137/
Baby,https://www.ikea.com/nl/en/cat/baby-bc002/,https://www.ikea.com/nl/en/p/antilop-highchair-with-safety-belt-grey-blue-white-s09597887/
Baby,https://www.ikea.com/nl/en/cat/baby-bc002/,https://www.ikea.com/nl/en/p/len-fitted-sheet-for-cot-white-50113938/
Baby,https://www.ikea.com/nl/en/cat/baby-bc002/,https://www.ikea.com/nl/en/p/lenast-mattress-protector-white-70373100/
Baby,https://www.ikea.com/nl/en/cat/baby-bc002/,https://www.ikea.com/nl/en/p/hanga-childrens-coat-hanger-natural-60178769/
Baby,https://www.ikea.com/nl/en/cat/baby-bc002/,https://www.ikea.com/nl/en/p/alskvard-bassinet-with-mattress-birch-s69556006/
Baby,https://www.ikea.com/nl/en/cat/baby-bc002/,https://www.ikea.com/nl/en/p/antilop-highchair-with-tray-white-white-s79597515/
Baby,https://www.ikea.com/nl/en/cat/baby-bc002/,https://www.ikea.com/nl/en/p/patrull-safety-plug-white-70599552/
Baby,https://www.ikea.com/nl/en/cat/baby-bc002/,https://www.ikea.com/nl/en/p/uppsta-building-beakers-multicolour-70513884/
Baby,https://www.ikea.com/nl/en/cat/baby-bc002/,https://www.ikea.com/nl/en/p/lattsam-baby-bath-white-turquoise-10591573/
Baby,https://www.ikea.com/nl/en/cat/baby-bc002/,https://www.ikea.com/nl/en/p/upplyst-led-wall-lamp-cloud-white-30424516/
Baby,https://www.ikea.com/nl/en/cat/baby-bc002/,https://www.ikea.com/nl/en/p/lenast-fitted-sheet-for-cot-dotted-moon-50457600/
Baby,https://www.ikea.com/nl/en/cat/baby-bc002/,https://www.ikea.com/nl/en/p/gulsparv-blanket-white-40427109/
Baby,https://www.ikea.com/nl/en/cat/baby-bc002/,https://www.ikea.com/nl/en/p/kladdig-bib-white-green-90607141/
Baby,https://www.ikea.com/nl/en/cat/baby-bc002/,https://www.ikea.com/nl/en/p/gronfink-babycare-mat-foldable-green-60572398/
Baby,https://www.ikea.com/nl/en/cat/baby-bc002/,https://www.ikea.com/nl/en/p/trolldom-quilted-blanket-forest-animal-pattern-green-30515125/
Baby,https://www.ikea.com/nl/en/cat/baby-bc002/,https://www.ikea.com/nl/en/p/sniglar-changing-table-beech-white-20045205/
Baby,https://www.ikea.com/nl/en/cat/baby-bc002/,https://www.ikea.com/nl/en/p/gulligast-baby-gym-multicolour-90484258/
Baby,https://www.ikea.com/nl/en/cat/baby-bc002/,https://www.ikea.com/nl/en/p/krama-washcloth-white-40054538/
Baby,https://www.ikea.com/nl/en/cat/baby-bc002/,https://www.ikea.com/nl/en/p/sundvik-cot-white-00248567/
Baby,https://www.ikea.com/nl/en/cat/baby-bc002/,https://www.ikea.com/nl/en/p/alskvard-fitted-sheet-for-bassinet-clouds-dots-off-white-30526402/
Baby,https://www.ikea.com/nl/en/cat/baby-bc002/,https://www.ikea.com/nl/en/p/flisat-book-display-80614566/
Wall decoration,https://www.ikea.com/nl/en/cat/wall-decoration-10757/,https://www.ikea.com/nl/en/p/alfta-adhesive-hook-for-frame-white-50382841/
Wall decoration,https://www.ikea.com/nl/en/cat/wall-decoration-10757/,https://www.ikea.com/nl/en/p/mosslanda-picture-ledge-walnut-effect-70586936/
Wall decoration,https://www.ikea.com/nl/en/cat/wall-decoration-10757/,https://www.ikea.com/nl/en/p/blodflader-picture-the-seine-at-giverny-20601915/
Wall decoration,https://www.ikea.com/nl/en/cat/wall-decoration-10757/,https://www.ikea.com/nl/en/p/lindasen-display-shelf-anthracite-00515805/
Wall decoration,https://www.ikea.com/nl/en/cat/wall-decoration-10757/,https://www.ikea.com/nl/en/p/gillstad-wall-decoration-set-of-3-sedge-handmade-20518030/
Wall decoration,https://www.ikea.com/nl/en/cat/wall-decoration-10757/,https://www.ikea.com/nl/en/p/haghed-cord-with-hook-60264007/
Wall decoration,https://www.ikea.com/nl/en/cat/wall-decoration-10757/,https://www.ikea.com/nl/en/p/blodflader-picture-two-birds-00601921/
Wall decoration,https://www.ikea.com/nl/en/cat/wall-decoration-10757/,https://www.ikea.com/nl/en/p/pjatteryd-picture-set-of-9-mist-in-the-forest-90567970/
Wall decoration,https://www.ikea.com/nl/en/cat/wall-decoration-10757/,https://www.ikea.com/nl/en/p/pjatteryd-picture-the-starry-night-june-1889-50578904/
Wall decoration,https://www.ikea.com/nl/en/cat/wall-decoration-10757/,https://www.ikea.com/nl/en/p/fejka-artificial-plant-wall-mounted-in-outdoor-foliage-50610758/
Wall decoration,https://www.ikea.com/nl/en/cat/wall-decoration-10757/,https://www.ikea.com/nl/en/p/mosslanda-picture-ledge-oak-effect-70586941/
Wall decoration,https://www.ikea.com/nl/en/cat/wall-decoration-10757/,https://www.ikea.com/nl/en/p/pjatteryd-picture-flowers-against-a-black-wall-90578902/
Wall decoration,https://www.ikea.com/nl/en/cat/wall-decoration-10757/,https://www.ikea.com/nl/en/p/blodflader-picture-orange-flower-40601919/
Wall decoration,https://www.ikea.com/nl/en/cat/wall-decoration-10757/,https://www.ikea.com/nl/en/p/pjatteryd-picture-prismatic-passage-50619607/
Wall decoration,https://www.ikea.com/nl/en/cat/wall-decoration-10757/,https://www.ikea.com/nl/en/p/blodflader-picture-nazare-80601917/
Wall decoration,https://www.ikea.com/nl/en/cat/wall-decoration-10757/,https://www.ikea.com/nl/en/p/mosslanda-picture-ledge-grey-beige-80620483/
Wall decoration,https://www.ikea.com/nl/en/cat/wall-decoration-10757/,https://www.ikea.com/nl/en/p/pjatteryd-picture-waterlilies-1916-19-00578906/
Wall decoration,https://www.ikea.com/nl/en/cat/wall-decoration-10757/,https://www.ikea.com/nl/en/p/havrekross-wall-organiser-w-hooks-light-grey-beige-00569412/
Wall decoration,https://www.ikea.com/nl/en/cat/wall-decoration-10757/,https://www.ikea.com/nl/en/p/rodalm-frame-oak-effect-00566395/
Wall decoration,https://www.ikea.com/nl/en/cat/wall-decoration-10757/,https://www.ikea.com/nl/en/p/mavinn-wall-decoration-set-of-2-banana-fibre-handmade-00600993/
Wall decoration,https://www.ikea.com/nl/en/cat/wall-decoration-10757/,https://www.ikea.com/nl/en/p/daggkaprifol-picture-ledge-light-pink-00617936/
Wall decoration,https://www.ikea.com/nl/en/cat/wall-decoration-10757/,https://www.ikea.com/nl/en/p/knoppang-frame-with-poster-garden-40465771/
Wall decoration,https://www.ikea.com/nl/en/cat/wall-decoration-10757/,https://www.ikea.com/nl/en/p/pjatteryd-picture-colourful-reindeer-10518040/
Wall decoration,https://www.ikea.com/nl/en/cat/wall-decoration-10757/,https://www.ikea.com/nl/en/p/mosslanda-picture-ledge-black-20291767/
Candle holders & candles,https://www.ikea.com/nl/en/cat/candle-holders-candles-10760/,https://www.ikea.com/nl/en/p/fulltalig-candlestick-set-of-3-black-40342134/
Candle holders & candles,https://www.ikea.com/nl/en/cat/candle-holders-candles-10760/,https://www.ikea.com/nl/en/p/praktand-candle-dish-stainless-steel-50607020/
Candle holders & candles,https://www.ikea.com/nl/en/cat/candle-holders-candles-10760/,https://www.ikea.com/nl/en/p/silverparon-candlestick-for-2-candles-silver-colour-40574987/
Candle holders & candles,https://www.ikea.com/nl/en/cat/candle-holders-candles-10760/,https://www.ikea.com/nl/en/p/glimma-unscented-candle-in-metal-cup-90108360/
Candle holders & candles,https://www.ikea.com/nl/en/cat/candle-holders-candles-10760/,https://www.ikea.com/nl/en/p/pilfink-candle-holder-set-of-2-clear-glass-40605903/
Candle holders & candles,https://www.ikea.com/nl/en/cat/candle-holders-candles-10760/,https://www.ikea.com/nl/en/p/hokgok-scented-candle-in-glass-red-berries-light-pink-40608732/
Candle holders & candles,https://www.ikea.com/nl/en/cat/candle-holders-candles-10760/,https://www.ikea.com/nl/en/p/kronsangare-scented-candle-in-glass-2-wicks-peach-dotted-brown-80609292/
Candle holders & candles,https://www.ikea.com/nl/en/cat/candle-holders-candles-10760/,https://www.ikea.com/nl/en/p/lotsfagel-scented-candle-in-glass-3-wicks-sandalwood-patchouli-brown-20608356/
Candle holders & candles,https://www.ikea.com/nl/en/cat/candle-holders-candles-10760/,https://www.ikea.com/nl/en/p/glimma-unscented-tealight-50097995/
Candle holders & candles,https://www.ikea.com/nl/en/cat/candle-holders-candles-10760/,https://www.ikea.com/nl/en/p/fenomen-unscented-block-candle-set-of-5-natural-80377937/
Candle holders & candles,https://www.ikea.com/nl/en/cat/candle-holders-candles-10760/,https://www.ikea.com/nl/en/p/tuvkornell-candle-holder-set-of-3-blue-10612491/
Candle holders & candles,https://www.ikea.com/nl/en/cat/candle-holders-candles-10760/,https://www.ikea.com/nl/en/p/finsmak-tealight-holder-clear-glass-00470982/
Candle holders & candles,https://www.ikea.com/nl/en/cat/candle-holders-candles-10760/,https://www.ikea.com/nl/en/p/hokgok-scented-candle-in-glass-vanilla-pale-beige-20608733/
Candle holders & candles,https://www.ikea.com/nl/en/cat/candle-holders-candles-10760/,https://www.ikea.com/nl/en/p/parlband-tealight-holder-gold-colour-50348545/
Candle holders & candles,https://www.ikea.com/nl/en/cat/candle-holders-candles-10760/,https://www.ikea.com/nl/en/p/fulltalig-candlestick-set-of-3-brass-colour-00608970/
Candle holders & candles,https://www.ikea.com/nl/en/cat/candle-holders-candles-10760/,https://www.ikea.com/nl/en/p/bladfagel-tealight-holder-pink-00607032/
Candle holders & candles,https://www.ikea.com/nl/en/cat/candle-holders-candles-10760/,https://www.ikea.com/nl/en/p/klokhet-unscented-taper-candle-light-pink-10612698/
Candle holders & candles,https://www.ikea.com/nl/en/cat/candle-holders-candles-10760/,https://www.ikea.com/nl/en/p/tofstarna-scented-candle-in-glass-2-wicks-fig-leaf-brown-50627669/
Candle holders & candles,https://www.ikea.com/nl/en/cat/candle-holders-candles-10760/,https://www.ikea.com/nl/en/p/kronsangare-scented-candle-in-glass-2-wicks-pink-flowers-dotted-pink-90605929/
Candle holders & candles,https://www.ikea.com/nl/en/cat/candle-holders-candles-10760/,https://www.ikea.com/nl/en/p/flodsvala-lantern-for-tealight-in-outdoor-pale-pink-90605905/
Candle holders & candles,https://www.ikea.com/nl/en/cat/candle-holders-candles-10760/,https://www.ikea.com/nl/en/p/klokhet-unscented-taper-candle-pale-blue-50612700/
Candle holders & candles,https://www.ikea.com/nl/en/cat/candle-holders-candles-10760/,https://www.ikea.com/nl/en/p/tofsand-lantern-for-tealight-in-outdoor-pink-90619629/
Candle holders & candles,https://www.ikea.com/nl/en/cat/candle-holders-candles-10760/,https://www.ikea.com/nl/en/p/bladfagel-candle-dish-clear-glass-10607041/
Candle holders & candles,https://www.ikea.com/nl/en/cat/candle-holders-candles-10760/,https://www.ikea.com/nl/en/p/bladfagel-candle-dish-pink-20607045/
Vases & bowls,https://www.ikea.com/nl/en/cat/vases-bowls-10769/,https://www.ikea.com/nl/en/p/parlhagg-vase-beige-80623405/
Vases & bowls,https://www.ikea.com/nl/en/cat/vases-bowls-10769/,https://www.ikea.com/nl/en/p/stockholm-2025-vase-brown-90590490/
Vases & bowls,https://www.ikea.com/nl/en/cat/vases-bowls-10769/,https://www.ikea.com/nl/en/p/karaff-carafe-clear-glass-00342975/
Vases & bowls,https://www.ikea.com/nl/en/cat/vases-bowls-10769/,https://www.ikea.com/nl/en/p/stilren-vase-white-10592365/
Vases & bowls,https://www.ikea.com/nl/en/cat/vases-bowls-10769/,https://www.ikea.com/nl/en/p/blodbjork-vase-beige-90607297/
Vases & bowls,https://www.ikea.com/nl/en/cat/vases-bowls-10769/,https://www.ikea.com/nl/en/p/stockholm-2025-bowl-dark-blue-turquoise-10590465/
Vases & bowls,https://www.ikea.com/nl/en/cat/vases-bowls-10769/,https://www.ikea.com/nl/en/p/raffelbjork-vase-mother-of-pearl-colour-00537652/
Vases & bowls,https://www.ikea.com/nl/en/cat/vases-bowls-10769/,https://www.ikea.com/nl/en/p/stockholm-2025-vase-black-20590498/
Vases & bowls,https://www.ikea.com/nl/en/cat/vases-bowls-10769/,https://www.ikea.com/nl/en/p/padrag-vase-clear-glass-10470991/
Vases & bowls,https://www.ikea.com/nl/en/cat/vases-bowls-10769/,https://www.ikea.com/nl/en/p/stilren-vase-white-10442045/
Vases & bowls,https://www.ikea.com/nl/en/cat/vases-bowls-10769/,https://www.ikea.com/nl/en/p/stilren-vase-dark-grey-beige-40623266/
Vases & bowls,https://www.ikea.com/nl/en/cat/vases-bowls-10769/,https://www.ikea.com/nl/en/p/konstfull-vase-green-brown-10511963/
Vases & bowls,https://www.ikea.com/nl/en/cat/vases-bowls-10769/,https://www.ikea.com/nl/en/p/pelarbjork-vase-grey-green-00607310/
Vases & bowls,https://www.ikea.com/nl/en/cat/vases-bowls-10769/,https://www.ikea.com/nl/en/p/viljestark-vase-clear-glass-00338577/
Vases & bowls,https://www.ikea.com/nl/en/cat/vases-bowls-10769/,https://www.ikea.com/nl/en/p/konstfull-vase-patterned-brown-80536031/
Vases & bowls,https://www.ikea.com/nl/en/cat/vases-bowls-10769/,https://www.ikea.com/nl/en/p/gradvis-vase-dark-grey-50586409/
Vases & bowls,https://www.ikea.com/nl/en/cat/vases-bowls-10769/,https://www.ikea.com/nl/en/p/kallarhals-vase-orange-50583712/
Vases & bowls,https://www.ikea.com/nl/en/cat/vases-bowls-10769/,https://www.ikea.com/nl/en/p/cylinder-vase-set-of-3-clear-glass-60175092/
Vases & bowls,https://www.ikea.com/nl/en/cat/vases-bowls-10769/,https://www.ikea.com/nl/en/p/gradvis-vase-pink-60334703/
Vases & bowls,https://www.ikea.com/nl/en/cat/vases-bowls-10769/,https://www.ikea.com/nl/en/p/vardagen-jug-patterned-dark-grey-green-20576652/
Vases & bowls,https://www.ikea.com/nl/en/cat/vases-bowls-10769/,https://www.ikea.com/nl/en/p/frovaxt-vase-white-60591919/
Vases & bowls,https://www.ikea.com/nl/en/cat/vases-bowls-10769/,https://www.ikea.com/nl/en/p/glattis-tray-brass-colour-70350113/
Vases & bowls,https://www.ikea.com/nl/en/cat/vases-bowls-10769/,https://www.ikea.com/nl/en/p/skogstundra-vase-black-70555096/
Vases & bowls,https://www.ikea.com/nl/en/cat/vases-bowls-10769/,https://www.ikea.com/nl/en/p/atgang-vase-grey-40309771/
Mirrors,https://www.ikea.com/nl/en/cat/mirrors-20489/,https://www.ikea.com/nl/en/p/blodlonn-mirror-30542379/
Mirrors,https://www.ikea.com/nl/en/cat/mirrors-20489/,https://www.ikea.com/nl/en/p/hovet-mirror-black-70515915/
Mirrors,https://www.ikea.com/nl/en/cat/mirrors-20489/,https://www.ikea.com/nl/en/p/lindbyn-mirror-gold-colour-60597959/
Mirrors,https://www.ikea.com/nl/en/cat/mirrors-20489/,https://www.ikea.com/nl/en/p/lonsas-mirror-50471026/
Mirrors,https://www.ikea.com/nl/en/cat/mirrors-20489/,https://www.ikea.com/nl/en/p/nissedal-mirror-black-30320321/
Mirrors,https://www.ikea.com/nl/en/cat/mirrors-20489/,https://www.ikea.com/nl/en/p/nissedal-mirror-black-70320319/
Mirrors,https://www.ikea.com/nl/en/cat/mirrors-20489/,https://www.ikea.com/nl/en/p/lindbyn-mirror-black-20458615/
Mirrors,https://www.ikea.com/nl/en/cat/mirrors-20489/,https://www.ikea.com/nl/en/p/liljetrad-mirror-black-40551047/
Mirrors,https://www.ikea.com/nl/en/cat/mirrors-20489/,https://www.ikea.com/nl/en/p/holmoarna-mirror-cloud-shaped-00632282/
Mirrors,https://www.ikea.com/nl/en/cat/mirrors-20489/,https://www.ikea.com/nl/en/p/knapper-standing-mirror-white-00396242/
Mirrors,https://www.ikea.com/nl/en/cat/mirrors-20489/,https://www.ikea.com/nl/en/p/stockholm-mirror-walnut-veneer-30446896/
Mirrors,https://www.ikea.com/nl/en/cat/mirrors-20489/,https://www.ikea.com/nl/en/p/lettan-mirror-80556401/
Mirrors,https://www.ikea.com/nl/en/cat/mirrors-20489/,https://www.ikea.com/nl/en/p/holmoarna-mirror-heart-shaped-30632285/
Mirrors,https://www.ikea.com/nl/en/cat/mirrors-20489/,https://www.ikea.com/nl/en/p/larbro-mirror-80471020/
Mirrors,https://www.ikea.com/nl/en/cat/mirrors-20489/,https://www.ikea.com/nl/en/p/lindbyn-mirror-black-70590448/
Mirrors,https://www.ikea.com/nl/en/cat/mirrors-20489/,https://www.ikea.com/nl/en/p/frebro-mirror-60455059/
Mirrors,https://www.ikea.com/nl/en/cat/mirrors-20489/,https://www.ikea.com/nl/en/p/lindbyn-mirror-black-30590445/
Mirrors,https://www.ikea.com/nl/en/cat/mirrors-20489/,https://www.ikea.com/nl/en/p/grytas-mirror-gold-colour-60516227/
Mirrors,https://www.ikea.com/nl/en/cat/mirrors-20489/,https://www.ikea.com/nl/en/p/stockholm-mirror-walnut-veneer-60249960/
Mirrors,https://www.ikea.com/nl/en/cat/mirrors-20489/,https://www.ikea.com/nl/en/p/lindbyn-mirror-black-30458610/
Mirrors,https://www.ikea.com/nl/en/cat/mirrors-20489/,https://www.ikea.com/nl/en/p/lindbyn-mirror-black-50458614/
Mirrors,https://www.ikea.com/nl/en/cat/mirrors-20489/,https://www.ikea.com/nl/en/p/toftbyn-mirror-white-60641405/
Mirrors,https://www.ikea.com/nl/en/cat/mirrors-20489/,https://www.ikea.com/nl/en/p/vrigstad-mirror-sedge-80518466/
Mirrors,https://www.ikea.com/nl/en/cat/mirrors-20489/,https://www.ikea.com/nl/en/p/karmsund-standing-mirror-black-40294982/
Storage boxes & baskets,https://www.ikea.com/nl/en/cat/storage-boxes-baskets-10550/,https://www.ikea.com/nl/en/p/uppdatera-box-white-20546467/
Storage boxes & baskets,https://www.ikea.com/nl/en/cat/storage-boxes-baskets-10550/,https://www.ikea.com/nl/en/p/kuggis-storage-box-with-lid-white-00526875/
Storage boxes & baskets,https://www.ikea.com/nl/en/cat/storage-boxes-baskets-10550/,https://www.ikea.com/nl/en/p/drona-box-dark-grey-10443974/
Storage boxes & baskets,https://www.ikea.com/nl/en/cat/storage-boxes-baskets-10550/,https://www.ikea.com/nl/en/p/kuggis-box-with-lid-white-s59561188/
Storage boxes & baskets,https://www.ikea.com/nl/en/cat/storage-boxes-baskets-10550/,https://www.ikea.com/nl/en/p/drona-box-black-70467066/
Storage boxes & baskets,https://www.ikea.com/nl/en/cat/storage-boxes-baskets-10550/,https://www.ikea.com/nl/en/p/stuk-box-with-compartments-white-60474425/
Storage boxes & baskets,https://www.ikea.com/nl/en/cat/storage-boxes-baskets-10550/,https://www.ikea.com/nl/en/p/nojig-organiser-plastic-beige-20468105/
Storage boxes & baskets,https://www.ikea.com/nl/en/cat/storage-boxes-baskets-10550/,https://www.ikea.com/nl/en/p/gnabbas-basket-60400298/
Storage boxes & baskets,https://www.ikea.com/nl/en/cat/storage-boxes-baskets-10550/,https://www.ikea.com/nl/en/p/purrpingla-box-set-of-3-textile-beige-00612260/
Storage boxes & baskets,https://www.ikea.com/nl/en/cat/storage-boxes-baskets-10550/,https://www.ikea.com/nl/en/p/ljungan-basket-70527881/
Storage boxes & baskets,https://www.ikea.com/nl/en/cat/storage-boxes-baskets-10550/,https://www.ikea.com/nl/en/p/samla-box-with-lid-transparent-s69440761/
Storage boxes & baskets,https://www.ikea.com/nl/en/cat/storage-boxes-baskets-10550/,https://www.ikea.com/nl/en/p/knagglig-box-pine-70292359/
Storage boxes & baskets,https://www.ikea.com/nl/en/cat/storage-boxes-baskets-10550/,https://www.ikea.com/nl/en/p/gorsnygg-storage-case-white-transparent-40504193/
Storage boxes & baskets,https://www.ikea.com/nl/en/cat/storage-boxes-baskets-10550/,https://www.ikea.com/nl/en/p/dragan-box-set-of-3-bamboo-50281856/
Storage boxes & baskets,https://www.ikea.com/nl/en/cat/storage-boxes-baskets-10550/,https://www.ikea.com/nl/en/p/tjabbig-basket-natural-50532567/
Storage boxes & baskets,https://www.ikea.com/nl/en/cat/storage-boxes-baskets-10550/,https://www.ikea.com/nl/en/p/skubb-box-set-of-6-white-00428549/
Storage boxes & baskets,https://www.ikea.com/nl/en/cat/storage-boxes-baskets-10550/,https://www.ikea.com/nl/en/p/knipsa-basket-seagrass-20110540/
Storage boxes & baskets,https://www.ikea.com/nl/en/cat/storage-boxes-baskets-10550/,https://www.ikea.com/nl/en/p/bekna-basket-plastic-rattan-10513392/
Storage boxes & baskets,https://www.ikea.com/nl/en/cat/storage-boxes-baskets-10550/,https://www.ikea.com/nl/en/p/branas-basket-rattan-00138432/
Storage boxes & baskets,https://www.ikea.com/nl/en/cat/storage-boxes-baskets-10550/,https://www.ikea.com/nl/en/p/hemmafixare-storage-case-fabric-striped-white-grey-90503916/
Storage boxes & baskets,https://www.ikea.com/nl/en/cat/storage-boxes-baskets-10550/,https://www.ikea.com/nl/en/p/trummis-basket-handmade-rattan-20500817/
Storage boxes & baskets,https://www.ikea.com/nl/en/cat/storage-boxes-baskets-10550/,https://www.ikea.com/nl/en/p/purrpingla-storage-case-textile-beige-30612254/
Storage boxes & baskets,https://www.ikea.com/nl/en/cat/storage-boxes-baskets-10550/,https://www.ikea.com/nl/en/p/uppdatera-storage-box-light-bamboo-80520718/
Storage boxes & baskets,https://www.ikea.com/nl/en/cat/storage-boxes-baskets-10550/,https://www.ikea.com/nl/en/p/jagmastare-basket-20555876/
Clocks,https://www.ikea.com/nl/en/cat/clocks-10759/,https://www.ikea.com/nl/en/p/flodkrafta-clock-cork-white-50620451/
Clocks,https://www.ikea.com/nl/en/cat/clocks-10759/,https://www.ikea.com/nl/en/p/flodkrafta-clock-green-pink-70620445/
Clocks,https://www.ikea.com/nl/en/cat/clocks-10759/,https://www.ikea.com/nl/en/p/skogssvala-wall-clock-oak-veneer-60615350/
Clocks,https://www.ikea.com/nl/en/cat/clocks-10759/,https://www.ikea.com/nl/en/p/klockis-clock-thermometer-alarm-timer-white-70590453/
Clocks,https://www.ikea.com/nl/en/cat/clocks-10759/,https://www.ikea.com/nl/en/p/bondis-wall-clock-orange-90601709/
Clocks,https://www.ikea.com/nl/en/cat/clocks-10759/,https://www.ikea.com/nl/en/p/tromma-wall-clock-white-30557078/
Clocks,https://www.ikea.com/nl/en/cat/clocks-10759/,https://www.ikea.com/nl/en/p/pluttis-wall-clock-black-10540847/
Clocks,https://www.ikea.com/nl/en/cat/clocks-10759/,https://www.ikea.com/nl/en/p/pugg-wall-clock-stainless-steel-90540853/
Clocks,https://www.ikea.com/nl/en/cat/clocks-10759/,https://www.ikea.com/nl/en/p/tjinga-alarm-clock-pale-yellow-40592123/
Clocks,https://www.ikea.com/nl/en/cat/clocks-10759/,https://www.ikea.com/nl/en/p/tallsparv-wall-clock-black-beige-40617086/
Clocks,https://www.ikea.com/nl/en/cat/clocks-10759/,https://www.ikea.com/nl/en/p/kopparduva-wall-clock-white-beige-90615344/
Clocks,https://www.ikea.com/nl/en/cat/clocks-10759/,https://www.ikea.com/nl/en/p/dekad-alarm-clock-black-30540479/
Clocks,https://www.ikea.com/nl/en/cat/clocks-10759/,https://www.ikea.com/nl/en/p/filmis-clock-thermometer-alarm-black-30540827/
Clocks,https://www.ikea.com/nl/en/cat/clocks-10759/,https://www.ikea.com/nl/en/p/kupong-alarm-clock-bright-blue-90592125/
Clocks,https://www.ikea.com/nl/en/cat/clocks-10759/,https://www.ikea.com/nl/en/p/bondtolvan-alarm-clock-analog-pale-pink-30511014/
Clocks,https://www.ikea.com/nl/en/cat/clocks-10759/,https://www.ikea.com/nl/en/p/bravur-wall-clock-black-60540473/
Clocks,https://www.ikea.com/nl/en/cat/clocks-10759/,https://www.ikea.com/nl/en/p/sykomorlonn-wall-clock-white-blue-00582461/
Clocks,https://www.ikea.com/nl/en/cat/clocks-10759/,https://www.ikea.com/nl/en/p/tallsparv-wall-clock-black-green-00615348/
Clocks,https://www.ikea.com/nl/en/cat/clocks-10759/,https://www.ikea.com/nl/en/p/stursk-wall-clock-black-00540862/
Clocks,https://www.ikea.com/nl/en/cat/clocks-10759/,https://www.ikea.com/nl/en/p/kuttersmycke-wall-clock-black-10520514/
Clocks,https://www.ikea.com/nl/en/cat/clocks-10759/,https://www.ikea.com/nl/en/p/bondis-wall-clock-black-10543092/
Clocks,https://www.ikea.com/nl/en/cat/clocks-10759/,https://www.ikea.com/nl/en/p/ikea-ps-1995-clock-blue-10575064/
Clocks,https://www.ikea.com/nl/en/cat/clocks-10759/,https://www.ikea.com/nl/en/p/svartgok-wall-clock-cork-40615346/
Clocks,https://www.ikea.com/nl/en/cat/clocks-10759/,https://www.ikea.com/nl/en/p/kupong-alarm-clock-black-90621811/
Flower pots & planters,https://www.ikea.com/nl/en/cat/flower-pots-planters-pp004/,https://www.ikea.com/nl/en/p/hasselbukett-plant-pot-in-outdoor-beige-40621823/
Flower pots & planters,https://www.ikea.com/nl/en/cat/flower-pots-planters-pp004/,https://www.ikea.com/nl/en/p/bittergurka-plant-pot-white-80285787/
Flower pots & planters,https://www.ikea.com/nl/en/cat/flower-pots-planters-pp004/,https://www.ikea.com/nl/en/p/hasselbukett-plant-pot-in-outdoor-green-brown-80595916/
Flower pots & planters,https://www.ikea.com/nl/en/cat/flower-pots-planters-pp004/,https://www.ikea.com/nl/en/p/honungspalm-plant-pot-in-outdoor-green-60595795/
Flower pots & planters,https://www.ikea.com/nl/en/cat/flower-pots-planters-pp004/,https://www.ikea.com/nl/en/p/klotlonn-plant-pot-with-saucer-in-outdoor-grey-beige-70584008/
Flower pots & planters,https://www.ikea.com/nl/en/cat/flower-pots-planters-pp004/,https://www.ikea.com/nl/en/p/klotlonn-plant-pot-with-saucer-in-outdoor-black-blue-70584070/
Flower pots & planters,https://www.ikea.com/nl/en/cat/flower-pots-planters-pp004/,https://www.ikea.com/nl/en/p/daidai-plant-pot-brass-colour-70359401/
Flower pots & planters,https://www.ikea.com/nl/en/cat/flower-pots-planters-pp004/,https://www.ikea.com/nl/en/p/vardtrad-self-watering-plant-pot-in-outdoor-transparent-anthracite-00570868/
Flower pots & planters,https://www.ikea.com/nl/en/cat/flower-pots-planters-pp004/,https://www.ikea.com/nl/en/p/sojabona-plant-pot-light-pink-60611941/
Flower pots & planters,https://www.ikea.com/nl/en/cat/flower-pots-planters-pp004/,https://www.ikea.com/nl/en/p/hasselbukett-plant-pot-in-outdoor-brown-yellow-80621821/
Flower pots & planters,https://www.ikea.com/nl/en/cat/flower-pots-planters-pp004/,https://www.ikea.com/nl/en/p/muskotblomma-plant-pot-with-saucer-in-outdoor-terracotta-30454891/
Flower pots & planters,https://www.ikea.com/nl/en/cat/flower-pots-planters-pp004/,https://www.ikea.com/nl/en/p/sojabona-plant-pot-white-20533592/
Flower pots & planters,https://www.ikea.com/nl/en/cat/flower-pots-planters-pp004/,https://www.ikea.com/nl/en/p/kvastspirea-plant-pot-in-outdoor-pink-40619844/
Flower pots & planters,https://www.ikea.com/nl/en/cat/flower-pots-planters-pp004/,https://www.ikea.com/nl/en/p/brunbar-plant-pot-with-saucer-outdoor-terracotta-10510826/
Flower pots & planters,https://www.ikea.com/nl/en/cat/flower-pots-planters-pp004/,https://www.ikea.com/nl/en/p/olivblad-plant-stand-in-outdoor-black-50486650/
Flower pots & planters,https://www.ikea.com/nl/en/cat/flower-pots-planters-pp004/,https://www.ikea.com/nl/en/p/chiafron-plant-pot-in-outdoor-white-50475760/
Flower pots & planters,https://www.ikea.com/nl/en/cat/flower-pots-planters-pp004/,https://www.ikea.com/nl/en/p/olivblad-plant-stand-in-outdoor-black-10486652/
Flower pots & planters,https://www.ikea.com/nl/en/cat/flower-pots-planters-pp004/,https://www.ikea.com/nl/en/p/hasselbukett-plant-pot-in-outdoor-beige-60595917/
Flower pots & planters,https://www.ikea.com/nl/en/cat/flower-pots-planters-pp004/,https://www.ikea.com/nl/en/p/langnabb-plant-stand-in-outdoor-white-10621725/
Flower pots & planters,https://www.ikea.com/nl/en/cat/flower-pots-planters-pp004/,https://www.ikea.com/nl/en/p/boysenbar-plant-pot-in-outdoor-light-grey-90478276/
Flower pots & planters,https://www.ikea.com/nl/en/cat/flower-pots-planters-pp004/,https://www.ikea.com/nl/en/p/vardtrad-self-watering-plant-pot-with-wheels-in-outdoor-transparent-anthracite-90570864/
Flower pots & planters,https://www.ikea.com/nl/en/cat/flower-pots-planters-pp004/,https://www.ikea.com/nl/en/p/korsbarsbjork-plant-pot-light-grey-beige-60591721/
Flower pots & planters,https://www.ikea.com/nl/en/cat/flower-pots-planters-pp004/,https://www.ikea.com/nl/en/p/kvastspirea-plant-pot-in-outdoor-off-white-20611028/
Flower pots & planters,https://www.ikea.com/nl/en/cat/flower-pots-planters-pp004/,https://www.ikea.com/nl/en/p/glaciarbjorn-plant-pot-white-70632815/
Decorative accessories,https://www.ikea.com/nl/en/cat/decorative-accessories-24924/,https://www.ikea.com/nl/en/p/dvargtall-decoration-figure-set-of-3-solid-wood-black-50537664/
Decorative accessories,https://www.ikea.com/nl/en/cat/decorative-accessories-24924/,https://www.ikea.com/nl/en/p/sjalsligt-decoration-set-of-3-green-00343282/
Decorative accessories,https://www.ikea.com/nl/en/cat/decorative-accessories-24924/,https://www.ikea.com/nl/en/p/gillstad-wall-decoration-set-of-3-sedge-handmade-20518030/
Decorative accessories,https://www.ikea.com/nl/en/cat/decorative-accessories-24924/,https://www.ikea.com/nl/en/p/handskalad-decoration-hand-natural-90424146/
Decorative accessories,https://www.ikea.com/nl/en/cat/decorative-accessories-24924/,https://www.ikea.com/nl/en/p/kalkkarr-decoration-set-of-3-bamboo-pine-50591076/
Decorative accessories,https://www.ikea.com/nl/en/cat/decorative-accessories-24924/,https://www.ikea.com/nl/en/p/gestalta-artists-dummy-natural-40255462/
Decorative accessories,https://www.ikea.com/nl/en/cat/decorative-accessories-24924/,https://www.ikea.com/nl/en/p/mavinn-wall-decoration-set-of-2-banana-fibre-handmade-00600993/
Decorative accessories,https://www.ikea.com/nl/en/cat/decorative-accessories-24924/,https://www.ikea.com/nl/en/p/begavning-glass-dome-with-base-50343939/
Decorative accessories,https://www.ikea.com/nl/en/cat/decorative-accessories-24924/,https://www.ikea.com/nl/en/p/gokvalla-hanging-decoration-set-of-5-rounded-multicolour-60617636/
Decorative accessories,https://www.ikea.com/nl/en/cat/decorative-accessories-24924/,https://www.ikea.com/nl/en/p/begavning-glass-dome-with-base-70343938/
Decorative accessories,https://www.ikea.com/nl/en/cat/decorative-accessories-24924/,https://www.ikea.com/nl/en/p/faltlonn-decoration-house-set-of-3-solid-wood-multicolour-30537655/
Decorative accessories,https://www.ikea.com/nl/en/cat/decorative-accessories-24924/,https://www.ikea.com/nl/en/p/gokvalla-garland-house-flag-multicolour-40613333/
Decorative accessories,https://www.ikea.com/nl/en/cat/decorative-accessories-24924/,https://www.ikea.com/nl/en/p/lanespelare-accessories-stand-60511362/
Decorative accessories,https://www.ikea.com/nl/en/cat/decorative-accessories-24924/,https://www.ikea.com/nl/en/p/tjarlek-hanging-decoration-glass-egg-mixed-colours-50612446/
Decorative accessories,https://www.ikea.com/nl/en/cat/decorative-accessories-24924/,https://www.ikea.com/nl/en/p/tjarlek-hanging-decoration-set-of-2-green-yellow-70612450/
Decorative accessories,https://www.ikea.com/nl/en/cat/decorative-accessories-24924/,https://www.ikea.com/nl/en/p/gokvalla-decoration-green-90617381/
Decorative accessories,https://www.ikea.com/nl/en/cat/decorative-accessories-24924/,https://www.ikea.com/nl/en/p/tjarlek-hanging-decoration-egg-mixed-colours-10612448/
Decorative accessories,https://www.ikea.com/nl/en/cat/decorative-accessories-24924/,https://www.ikea.com/nl/en/p/ikea-ps-2026-wall-decoration-set-of-3-green-light-blue-yellow-90622797/
Decorative accessories,https://www.ikea.com/nl/en/cat/decorative-accessories-24924/,https://www.ikea.com/nl/en/p/ikea-ps-2026-wall-decoration-set-of-3-pink-red-blue-10622796/
Home fragrance,https://www.ikea.com/nl/en/cat/home-fragrance-42926/,https://www.ikea.com/nl/en/p/frofink-scented-potpourri-pink-flowers-pink-90604147/
Home fragrance,https://www.ikea.com/nl/en/cat/home-fragrance-42926/,https://www.ikea.com/nl/en/p/harmhok-lavender-bag-white-lilac-50604149/
Home fragrance,https://www.ikea.com/nl/en/cat/home-fragrance-42926/,https://www.ikea.com/nl/en/p/frofink-scented-potpourri-sandalwood-patchouli-brown-00609601/
Home fragrance,https://www.ikea.com/nl/en/cat/home-fragrance-42926/,https://www.ikea.com/nl/en/p/lovskogslund-scented-tealight-apple-light-green-00582102/
Home fragrance,https://www.ikea.com/nl/en/cat/home-fragrance-42926/,https://www.ikea.com/nl/en/p/kroppsvarm-potpourri-in-a-bag-lavender-80482373/
Home fragrance,https://www.ikea.com/nl/en/cat/home-fragrance-42926/,https://www.ikea.com/nl/en/p/stortskon-scented-candle-in-glass-berries-red-30502142/
Home fragrance,https://www.ikea.com/nl/en/cat/home-fragrance-42926/,https://www.ikea.com/nl/en/p/frofink-scented-potpourri-vanilla-beige-10609605/
Home fragrance,https://www.ikea.com/nl/en/cat/home-fragrance-42926/,https://www.ikea.com/nl/en/p/lotsfagel-scented-candle-in-glass-peach-light-orange-70608392/
Home fragrance,https://www.ikea.com/nl/en/cat/home-fragrance-42926/,https://www.ikea.com/nl/en/p/lotsfagel-scented-candle-in-glass-3-wicks-sandalwood-patchouli-brown-20608356/
Home fragrance,https://www.ikea.com/nl/en/cat/home-fragrance-42926/,https://www.ikea.com/nl/en/p/lugnare-scented-tealight-jasmine-pink-90502158/
Home fragrance,https://www.ikea.com/nl/en/cat/home-fragrance-42926/,https://www.ikea.com/nl/en/p/hokgok-scented-candle-in-glass-red-berries-light-pink-40608732/
Home fragrance,https://www.ikea.com/nl/en/cat/home-fragrance-42926/,https://www.ikea.com/nl/en/p/lotsfagel-scented-candle-in-glass-vanilla-pale-beige-40608464/
Home fragrance,https://www.ikea.com/nl/en/cat/home-fragrance-42926/,https://www.ikea.com/nl/en/p/tradcypress-scented-tealight-fresh-linen-white-00598103/
Home fragrance,https://www.ikea.com/nl/en/cat/home-fragrance-42926/,https://www.ikea.com/nl/en/p/hokgok-scented-candle-in-glass-vanilla-pale-beige-20608733/
Home fragrance,https://www.ikea.com/nl/en/cat/home-fragrance-42926/,https://www.ikea.com/nl/en/p/hokgok-scented-candle-in-glass-apple-light-green-00608734/
Home fragrance,https://www.ikea.com/nl/en/cat/home-fragrance-42926/,https://www.ikea.com/nl/en/p/kronsangare-scented-candle-in-glass-2-wicks-pink-flowers-dotted-pink-90605929/
Home fragrance,https://www.ikea.com/nl/en/cat/home-fragrance-42926/,https://www.ikea.com/nl/en/p/lotsfagel-scented-candle-in-glass-3-wicks-citrus-flower-light-yellow-00608343/
Home fragrance,https://www.ikea.com/nl/en/cat/home-fragrance-42926/,https://www.ikea.com/nl/en/p/morkulla-scented-candle-in-glass-lilac-assorted-colours-60619598/
Home fragrance,https://www.ikea.com/nl/en/cat/home-fragrance-42926/,https://www.ikea.com/nl/en/p/lotsfagel-scented-candle-in-glass-fresh-linen-white-20608436/
Home fragrance,https://www.ikea.com/nl/en/cat/home-fragrance-42926/,https://www.ikea.com/nl/en/p/kronsangare-scented-candle-in-glass-2-wicks-peach-dotted-brown-80609292/
Home fragrance,https://www.ikea.com/nl/en/cat/home-fragrance-42926/,https://www.ikea.com/nl/en/p/lotsfagel-scented-candle-in-glass-fresh-linen-white-50608388/
Home fragrance,https://www.ikea.com/nl/en/cat/home-fragrance-42926/,https://www.ikea.com/nl/en/p/lotsfagel-scented-candle-in-glass-citrus-flower-light-yellow-40608440/
Home fragrance,https://www.ikea.com/nl/en/cat/home-fragrance-42926/,https://www.ikea.com/nl/en/p/tofstarna-scented-candle-in-glass-2-wicks-fig-leaf-brown-50627669/
Home fragrance,https://www.ikea.com/nl/en/cat/home-fragrance-42926/,https://www.ikea.com/nl/en/p/morkulla-scented-candle-in-glass-2-wicks-citrus-flower-bright-yellow-green-00619596/
Winter decoration,https://www.ikea.com/nl/en/cat/christmas-decoration-49149/,https://www.ikea.com/nl/en/p/glattis-coasters-with-holder-brass-colour-50343005/
Winter decoration,https://www.ikea.com/nl/en/cat/christmas-decoration-49149/,https://www.ikea.com/nl/en/p/svartsenap-tablecloth-grey-00545930/
Winter decoration,https://www.ikea.com/nl/en/cat/christmas-decoration-49149/,https://www.ikea.com/nl/en/p/vinterfint-tealight-holder-light-blue-10604491/
Winter decoration,https://www.ikea.com/nl/en/cat/christmas-decoration-49149/,https://www.ikea.com/nl/en/p/vinterfint-tree-ornament-bauble-silver-colour-70604520/
Winter decoration,https://www.ikea.com/nl/en/cat/christmas-decoration-49149/,https://www.ikea.com/nl/en/p/vinterfint-decoration-santa-claus-red-40604989/
Winter decoration,https://www.ikea.com/nl/en/cat/christmas-decoration-49149/,https://www.ikea.com/nl/en/p/ihallig-place-mat-natural-seagrass-00342876/
Winter decoration,https://www.ikea.com/nl/en/cat/christmas-decoration-49149/,https://www.ikea.com/nl/en/p/silverarv-tablecloth-beige-80526579/
Winter decoration,https://www.ikea.com/nl/en/cat/christmas-decoration-49149/,https://www.ikea.com/nl/en/p/vinterfint-tree-ornament-bauble-glass-red-00604533/
Winter decoration,https://www.ikea.com/nl/en/cat/christmas-decoration-49149/,https://www.ikea.com/nl/en/p/vinterfint-tree-ornament-mixed-colours-10604617/
Winter decoration,https://www.ikea.com/nl/en/cat/christmas-decoration-49149/,https://www.ikea.com/nl/en/p/vippstarr-tablecloth-stripe-pattern-red-natural-40559185/
Winter decoration,https://www.ikea.com/nl/en/cat/christmas-decoration-49149/,https://www.ikea.com/nl/en/p/lotsfagel-scented-candle-in-glass-apple-light-green-40608384/
Winter decoration,https://www.ikea.com/nl/en/cat/christmas-decoration-49149/,https://www.ikea.com/nl/en/p/pennfisk-place-mat-natural-sedge-handmade-60527749/
Winter decoration,https://www.ikea.com/nl/en/cat/christmas-decoration-49149/,https://www.ikea.com/nl/en/p/vinterfint-candlestick-light-blue-30604490/
Winter decoration,https://www.ikea.com/nl/en/cat/christmas-decoration-49149/,https://www.ikea.com/nl/en/p/vinterfint-candlestick-red-30611513/
Winter decoration,https://www.ikea.com/nl/en/cat/christmas-decoration-49149/,https://www.ikea.com/nl/en/p/vinterfint-pillar-candle-holder-dark-green-50604494/
Winter decoration,https://www.ikea.com/nl/en/cat/christmas-decoration-49149/,https://www.ikea.com/nl/en/p/vinterfint-scented-candle-in-metal-tin-apple-shaped-vanilla-white-70601121/
Winter decoration,https://www.ikea.com/nl/en/cat/christmas-decoration-49149/,https://www.ikea.com/nl/en/p/borrby-lantern-for-block-candle-in-outdoor-black-10156109/
Winter decoration,https://www.ikea.com/nl/en/cat/christmas-decoration-49149/,https://www.ikea.com/nl/en/p/padrag-vase-clear-glass-10470991/
Winter decoration,https://www.ikea.com/nl/en/cat/christmas-decoration-49149/,https://www.ikea.com/nl/en/p/vararv-table-runner-dark-grey-natural-20545854/
Winter decoration,https://www.ikea.com/nl/en/cat/christmas-decoration-49149/,https://www.ikea.com/nl/en/p/cylinder-vase-set-of-3-clear-glass-60175092/
Winter decoration,https://www.ikea.com/nl/en/cat/christmas-decoration-49149/,https://www.ikea.com/nl/en/p/lattad-place-mat-seagrass-black-00236239/
Winter decoration,https://www.ikea.com/nl/en/cat/christmas-decoration-49149/,https://www.ikea.com/nl/en/p/soare-place-mat-water-hyacinth-40082536/
Winter decoration,https://www.ikea.com/nl/en/cat/christmas-decoration-49149/,https://www.ikea.com/nl/en/p/vinterfint-tree-ornament-set-of-20-bauble-red-30603947/
Winter decoration,https://www.ikea.com/nl/en/cat/christmas-decoration-49149/,https://www.ikea.com/nl/en/p/strala-led-candle-candle-shaped-battery-operated-green-70606642/
Plants & flowers,https://www.ikea.com/nl/en/cat/plants-flowers-pp003/,https://www.ikea.com/nl/en/p/fejka-artificial-potted-plant-in-outdoor-hanging-40349531/
Plants & flowers,https://www.ikea.com/nl/en/cat/plants-flowers-pp003/,https://www.ikea.com/nl/en/p/strelitzia-potted-plant-bird-of-paradise-20466253/
Plants & flowers,https://www.ikea.com/nl/en/cat/plants-flowers-pp003/,https://www.ikea.com/nl/en/p/ficus-microcarpa-potted-plant-curtain-fig-90623179/
Plants & flowers,https://www.ikea.com/nl/en/cat/plants-flowers-pp003/,https://www.ikea.com/nl/en/p/fejka-artificial-potted-plant-in-outdoor-weeping-fig-10610604/
Plants & flowers,https://www.ikea.com/nl/en/cat/plants-flowers-pp003/,https://www.ikea.com/nl/en/p/fejka-artificial-potted-plant-in-outdoor-hanging-eucalyptus-70466811/
Plants & flowers,https://www.ikea.com/nl/en/cat/plants-flowers-pp003/,https://www.ikea.com/nl/en/p/strelitzia-potted-plant-bird-of-paradise-10426719/
Plants & flowers,https://www.ikea.com/nl/en/cat/plants-flowers-pp003/,https://www.ikea.com/nl/en/p/dypsis-lutescens-potted-plant-areca-palm-46804005/
Plants & flowers,https://www.ikea.com/nl/en/cat/plants-flowers-pp003/,https://www.ikea.com/nl/en/p/himalayamix-potted-plant-assorted-plants-with-foliage-60234534/
Plants & flowers,https://www.ikea.com/nl/en/cat/plants-flowers-pp003/,https://www.ikea.com/nl/en/p/fejka-artificial-potted-plant-with-pot-in-outdoor-succulent-50519764/
Plants & flowers,https://www.ikea.com/nl/en/cat/plants-flowers-pp003/,https://www.ikea.com/nl/en/p/fejka-artificial-potted-plant-with-pot-in-outdoor-monstera-80593205/
Plants & flowers,https://www.ikea.com/nl/en/cat/plants-flowers-pp003/,https://www.ikea.com/nl/en/p/fejka-artificial-potted-plant-in-outdoor-pilea-30600859/
Plants & flowers,https://www.ikea.com/nl/en/cat/plants-flowers-pp003/,https://www.ikea.com/nl/en/p/smycka-artificial-bouquet-in-outdoor-dark-pink-40606262/
Plants & flowers,https://www.ikea.com/nl/en/cat/plants-flowers-pp003/,https://www.ikea.com/nl/en/p/fejka-artificial-potted-plant-in-outdoor-hanging-monstera-20608403/
Plants & flowers,https://www.ikea.com/nl/en/cat/plants-flowers-pp003/,https://www.ikea.com/nl/en/p/smycka-artificial-spray-eucalyptus-pink-10560114/
Plants & flowers,https://www.ikea.com/nl/en/cat/plants-flowers-pp003/,https://www.ikea.com/nl/en/p/hedera-helix-potted-plant-ivy-66804047/
Plants & flowers,https://www.ikea.com/nl/en/cat/plants-flowers-pp003/,https://www.ikea.com/nl/en/p/radermachera-potted-plant-with-pot-china-doll-assorted-colours-90553280/
Plants & flowers,https://www.ikea.com/nl/en/cat/plants-flowers-pp003/,https://www.ikea.com/nl/en/p/fejka-artificial-potted-plant-in-outdoor-cherry-blossoms-90613335/
Plants & flowers,https://www.ikea.com/nl/en/cat/plants-flowers-pp003/,https://www.ikea.com/nl/en/p/fejka-artificial-potted-plant-in-outdoor-decoration-grass-20433936/
Plants & flowers,https://www.ikea.com/nl/en/cat/plants-flowers-pp003/,https://www.ikea.com/nl/en/p/ficus-elastica-robusta-potted-plant-rubber-plant-80495200/
Plants & flowers,https://www.ikea.com/nl/en/cat/plants-flowers-pp003/,https://www.ikea.com/nl/en/p/asparagus-setaceus-potted-plant-lace-fern-20598692/
Plants & flowers,https://www.ikea.com/nl/en/cat/plants-flowers-pp003/,https://www.ikea.com/nl/en/p/fejka-artificial-potted-plant-in-outdoor-tradescantia-zebrina-60546578/
Plants & flowers,https://www.ikea.com/nl/en/cat/plants-flowers-pp003/,https://www.ikea.com/nl/en/p/fejka-artificial-potted-plant-with-pot-in-outdoor-bonsai-90493385/
Plants & flowers,https://www.ikea.com/nl/en/cat/plants-flowers-pp003/,https://www.ikea.com/nl/en/p/smycka-artificial-flower-in-outdoor-dahlia-pink-60587173/
Plants & flowers,https://www.ikea.com/nl/en/cat/plants-flowers-pp003/,https://www.ikea.com/nl/en/p/citrus-potted-plant-lemon-assorted-70612761/
Noticeboards,https://www.ikea.com/nl/en/cat/noticeboards-10574/,https://www.ikea.com/nl/en/p/flonsa-memo-board-with-pins-cork-60532468/
Noticeboards,https://www.ikea.com/nl/en/cat/noticeboards-10574/,https://www.ikea.com/nl/en/p/skadis-pegboard-white-10321618/
Noticeboards,https://www.ikea.com/nl/en/cat/noticeboards-10574/,https://www.ikea.com/nl/en/p/sosdala-memo-board-with-clips-black-80423388/
Noticeboards,https://www.ikea.com/nl/en/cat/noticeboards-10574/,https://www.ikea.com/nl/en/p/svensas-memo-board-black-20440362/
Noticeboards,https://www.ikea.com/nl/en/cat/noticeboards-10574/,https://www.ikea.com/nl/en/p/svensas-memo-board-white-00440363/
Noticeboards,https://www.ikea.com/nl/en/cat/noticeboards-10574/,https://www.ikea.com/nl/en/p/vemund-whiteboard-magnetic-board-white-90302282/
Noticeboards,https://www.ikea.com/nl/en/cat/noticeboards-10574/,https://www.ikea.com/nl/en/p/skadis-pegboard-combination-s89406365/
Noticeboards,https://www.ikea.com/nl/en/cat/noticeboards-10574/,https://www.ikea.com/nl/en/p/mittzon-whiteboard-noticeboard-white-40528636/
Noticeboards,https://www.ikea.com/nl/en/cat/noticeboards-10574/,https://www.ikea.com/nl/en/p/skadis-pegboard-combination-black-s19546519/
Noticeboards,https://www.ikea.com/nl/en/cat/noticeboards-10574/,https://www.ikea.com/nl/en/p/skadis-pegboard-combination-wood-s09217062/
Noticeboards,https://www.ikea.com/nl/en/cat/noticeboards-10574/,https://www.ikea.com/nl/en/p/skadis-pegboard-combination-s29406368/
Noticeboards,https://www.ikea.com/nl/en/cat/noticeboards-10574/,https://www.ikea.com/nl/en/p/totebo-clip-with-magnet-white-80499378/
Noticeboards,https://www.ikea.com/nl/en/cat/noticeboards-10574/,https://www.ikea.com/nl/en/p/totebo-blackboard-chalk-pen-white-30466224/
Noticeboards,https://www.ikea.com/nl/en/cat/noticeboards-10574/,https://www.ikea.com/nl/en/p/skadis-freestanding-peg-board-white-00541574/
Noticeboards,https://www.ikea.com/nl/en/cat/noticeboards-10574/,https://www.ikea.com/nl/en/p/skadis-pegboard-combination-white-s89515977/
Noticeboards,https://www.ikea.com/nl/en/cat/noticeboards-10574/,https://www.ikea.com/nl/en/p/skadis-pegboard-combination-white-s09216595/
Noticeboards,https://www.ikea.com/nl/en/cat/noticeboards-10574/,https://www.ikea.com/nl/en/p/trotten-noticeboard-white-90474768/
Noticeboards,https://www.ikea.com/nl/en/cat/noticeboards-10574/,https://www.ikea.com/nl/en/p/skadis-pegboard-combination-black-s69590133/
Noticeboards,https://www.ikea.com/nl/en/cat/noticeboards-10574/,https://www.ikea.com/nl/en/p/skadis-pegboard-combination-white-s09217123/
Noticeboards,https://www.ikea.com/nl/en/cat/noticeboards-10574/,https://www.ikea.com/nl/en/p/skadis-pegboard-combination-white-s49217381/
Noticeboards,https://www.ikea.com/nl/en/cat/noticeboards-10574/,https://www.ikea.com/nl/en/p/snickra-8-piece-storage-board-set-grey-green-40518246/
Noticeboards,https://www.ikea.com/nl/en/cat/noticeboards-10574/,https://www.ikea.com/nl/en/p/skadis-pegboard-combination-white-s49515941/
Noticeboards,https://www.ikea.com/nl/en/cat/noticeboards-10574/,https://www.ikea.com/nl/en/p/skadis-pegboard-combination-white-s79515973/
Noticeboards,https://www.ikea.com/nl/en/cat/noticeboards-10574/,https://www.ikea.com/nl/en/p/skadis-pegboard-combination-black-s79607717/
Gift wrapping,https://www.ikea.com/nl/en/cat/gift-wrapping-25227/,https://www.ikea.com/nl/en/p/fonsterfikus-label-with-string-set-of-9-white-90582386/
Gift wrapping,https://www.ikea.com/nl/en/cat/gift-wrapping-25227/,https://www.ikea.com/nl/en/p/skubb-storage-case-for-wrapping-paper-dark-grey-30402430/
Gift wrapping,https://www.ikea.com/nl/en/cat/gift-wrapping-25227/,https://www.ikea.com/nl/en/p/gokvalla-gift-bag-mixed-patterns-multicolour-20613329/
Gift wrapping,https://www.ikea.com/nl/en/cat/gift-wrapping-25227/,https://www.ikea.com/nl/en/p/vinterfint-gift-wrap-roll-mixed-patterns-red-pink-20602972/
Gift wrapping,https://www.ikea.com/nl/en/cat/gift-wrapping-25227/,https://www.ikea.com/nl/en/p/vinterfint-gift-wrap-roll-silver-colour-40602773/
Gift wrapping,https://www.ikea.com/nl/en/cat/gift-wrapping-25227/,https://www.ikea.com/nl/en/p/vinterfint-gift-wrap-roll-mixed-patterns-green-red-40602966/
Gift wrapping,https://www.ikea.com/nl/en/cat/gift-wrapping-25227/,https://www.ikea.com/nl/en/p/vinterfint-gift-wrap-roll-snowflake-pattern-red-20602806/
Gift wrapping,https://www.ikea.com/nl/en/cat/gift-wrapping-25227/,https://www.ikea.com/nl/en/p/vinterfint-gift-wrap-roll-santa-claus-pattern-green-40602805/
Gift wrapping,https://www.ikea.com/nl/en/cat/gift-wrapping-25227/,https://www.ikea.com/nl/en/p/vinterfint-gift-wrap-roll-winter-blue-80603025/
Gift wrapping,https://www.ikea.com/nl/en/cat/gift-wrapping-25227/,https://www.ikea.com/nl/en/p/vinterfint-gift-wrap-roll-red-pink-50603022/
Sofas,https://www.ikea.com/nl/en/cat/sofas-fu003/,https://www.ikea.com/nl/en/p/glostad-3-seat-sofa-knisa-dark-grey-40573285/
Sofas,https://www.ikea.com/nl/en/cat/sofas-fu003/,https://www.ikea.com/nl/en/p/ektorp-3-seat-sofa-kilanda-light-beige-s69509010/
Sofas,https://www.ikea.com/nl/en/cat/sofas-fu003/,https://www.ikea.com/nl/en/p/glostad-2-seat-sofa-knisa-dark-grey-50489012/
Sofas,https://www.ikea.com/nl/en/cat/sofas-fu003/,https://www.ikea.com/nl/en/p/saltmyran-3-seat-sofa-oreryd-grey-beige-40618514/
Sofas,https://www.ikea.com/nl/en/cat/sofas-fu003/,https://www.ikea.com/nl/en/p/jattebo-4-seat-mod-sofa-w-chaise-longue-right-samsala-dark-yellow-green-s59485199/
Sofas,https://www.ikea.com/nl/en/cat/sofas-fu003/,https://www.ikea.com/nl/en/p/jattebo-1-5-seat-module-with-storage-samsala-dark-yellow-green-s19471458/
Sofas,https://www.ikea.com/nl/en/cat/sofas-fu003/,https://www.ikea.com/nl/en/p/kivik-2-seat-sofa-tibbleby-beige-grey-s09440599/
Sofas,https://www.ikea.com/nl/en/cat/sofas-fu003/,https://www.ikea.com/nl/en/p/vimle-3-seat-sofa-gunnared-beige-s19399033/
Sofas,https://www.ikea.com/nl/en/cat/sofas-fu003/,https://www.ikea.com/nl/en/p/kivik-3-seat-sofa-with-chaise-longue-tresund-light-beige-s79482840/
Sofas,https://www.ikea.com/nl/en/cat/sofas-fu003/,https://www.ikea.com/nl/en/p/landskrona-3-seat-sofa-gunnared-light-green-wood-s39270326/
Sofas,https://www.ikea.com/nl/en/cat/sofas-fu003/,https://www.ikea.com/nl/en/p/lillesater-3-seat-sofa-axvall-off-white-40619071/
Sofas,https://www.ikea.com/nl/en/cat/sofas-fu003/,https://www.ikea.com/nl/en/p/stockholm-2025-3-seat-sofa-alhamn-dark-brown-s39574295/
Sofas,https://www.ikea.com/nl/en/cat/sofas-fu003/,https://www.ikea.com/nl/en/p/klippan-2-seat-sofa-vissle-grey-s79010614/
Sofas,https://www.ikea.com/nl/en/cat/sofas-fu003/,https://www.ikea.com/nl/en/p/kivik-3-seat-sofa-tibbleby-beige-grey-s49440597/
Sofas,https://www.ikea.com/nl/en/cat/sofas-fu003/,https://www.ikea.com/nl/en/p/glostad-2-seat-sofa-with-chaise-longue-knisa-dark-grey-s49543920/
Sofas,https://www.ikea.com/nl/en/cat/sofas-fu003/,https://www.ikea.com/nl/en/p/uppakra-3-seat-modular-sofa-johanneshov-brown-beige-s99598670/
Sofas,https://www.ikea.com/nl/en/cat/sofas-fu003/,https://www.ikea.com/nl/en/p/backsalen-3-seat-sofa-hallarp-grey-s49393157/
Sofas,https://www.ikea.com/nl/en/cat/sofas-fu003/,https://www.ikea.com/nl/en/p/vimle-4-seat-sofa-with-chaise-longue-gunnared-beige-s89399483/
Sofas,https://www.ikea.com/nl/en/cat/sofas-fu003/,https://www.ikea.com/nl/en/p/glostad-3-seat-sofa-with-chaise-longue-s89542669/
Sofas,https://www.ikea.com/nl/en/cat/sofas-fu003/,https://www.ikea.com/nl/en/p/jattebo-2-5-seat-mod-sofa-w-chaise-longue-left-samsala-dark-yellow-green-s49469487/
Sofas,https://www.ikea.com/nl/en/cat/sofas-fu003/,https://www.ikea.com/nl/en/p/jattebo-3-seat-modular-sofa-samsala-dark-yellow-green-s69485127/
Sofas,https://www.ikea.com/nl/en/cat/sofas-fu003/,https://www.ikea.com/nl/en/p/linanas-3-seat-sofa-with-chaise-longue-vissle-beige-30512235/
Sofas,https://www.ikea.com/nl/en/cat/sofas-fu003/,https://www.ikea.com/nl/en/p/soderhamn-3-seat-sofa-with-open-end-gunnared-beige-s29305425/
Sofas,https://www.ikea.com/nl/en/cat/sofas-fu003/,https://www.ikea.com/nl/en/p/saltsjobaden-3-seat-sofa-fridtuna-light-beige-s79622548/
Sofa beds,https://www.ikea.com/nl/en/cat/sofa-beds-10663/,https://www.ikea.com/nl/en/p/friheten-corner-sofa-bed-with-storage-skiftebo-dark-grey-s39216754/
Sofa beds,https://www.ikea.com/nl/en/cat/sofa-beds-10663/,https://www.ikea.com/nl/en/p/barslov-3-seat-sofa-bed-with-chaise-longue-tibbleby-beige-grey-80541594/
Sofa beds,https://www.ikea.com/nl/en/cat/sofa-beds-10663/,https://www.ikea.com/nl/en/p/grunnarp-3-seat-sofa-bed-gunnared-beige-30583384/
Sofa beds,https://www.ikea.com/nl/en/cat/sofa-beds-10663/,https://www.ikea.com/nl/en/p/lycksele-lovas-2-seat-sofa-bed-ransta-natural-s99387007/
Sofa beds,https://www.ikea.com/nl/en/cat/sofa-beds-10663/,https://www.ikea.com/nl/en/p/landskrona-3-seat-sofa-bed-gunnared-light-green-wood-s79491284/
Sofa beds,https://www.ikea.com/nl/en/cat/sofa-beds-10663/,https://www.ikea.com/nl/en/p/friheten-three-seat-sofa-bed-skiftebo-dark-grey-50341148/
Sofa beds,https://www.ikea.com/nl/en/cat/sofa-beds-10663/,https://www.ikea.com/nl/en/p/skonaback-2-seat-sofa-bed-knisa-dark-grey-70582542/
Sofa beds,https://www.ikea.com/nl/en/cat/sofa-beds-10663/,https://www.ikea.com/nl/en/p/fridhult-sofa-bed-knisa-light-grey-70351725/
Sofa beds,https://www.ikea.com/nl/en/cat/sofa-beds-10663/,https://www.ikea.com/nl/en/p/friheten-klagshamn-corner-sofa-bed-with-storage-skiftebo-dark-grey-s69444330/
Sofa beds,https://www.ikea.com/nl/en/cat/sofa-beds-10663/,https://www.ikea.com/nl/en/p/alvdalen-3-seat-sofa-bed-knisa-dark-grey-80462596/
Sofa beds,https://www.ikea.com/nl/en/cat/sofa-beds-10663/,https://www.ikea.com/nl/en/p/alvdalen-3-seat-sofa-bed-with-chaise-longue-knisa-dark-grey-20530664/
Sofa beds,https://www.ikea.com/nl/en/cat/sofa-beds-10663/,https://www.ikea.com/nl/en/p/hammarn-sofa-bed-knisa-dark-grey-black-90354327/
Sofa beds,https://www.ikea.com/nl/en/cat/sofa-beds-10663/,https://www.ikea.com/nl/en/p/tornsborg-2-seat-sofa-bed-naggen-beige-pine-90584658/
Sofa beds,https://www.ikea.com/nl/en/cat/sofa-beds-10663/,https://www.ikea.com/nl/en/p/vimle-3-seat-sofa-bed-with-chaise-longue-gunnared-beige-s19545242/
Sofa beds,https://www.ikea.com/nl/en/cat/sofa-beds-10663/,https://www.ikea.com/nl/en/p/saltsjobaden-2-seat-sofa-bed-gunnared-light-green-s29602741/
Sofa beds,https://www.ikea.com/nl/en/cat/sofa-beds-10663/,https://www.ikea.com/nl/en/p/hemnes-day-bed-w-3-drawers-2-mattresses-white-agotnes-firm-s79428117/
Sofa beds,https://www.ikea.com/nl/en/cat/sofa-beds-10663/,https://www.ikea.com/nl/en/p/brimnes-day-bed-w-2-drawers-2-mattresses-white-afjall-medium-firm-s39521160/
Sofa beds,https://www.ikea.com/nl/en/cat/sofa-beds-10663/,https://www.ikea.com/nl/en/p/vimle-2-seat-sofa-bed-gunnared-beige-s89545229/
Sofa beds,https://www.ikea.com/nl/en/cat/sofa-beds-10663/,https://www.ikea.com/nl/en/p/lycksele-lovas-chair-bed-ransta-natural-s59386967/
Sofa beds,https://www.ikea.com/nl/en/cat/sofa-beds-10663/,https://www.ikea.com/nl/en/p/kivik-1-seat-sofa-bed-tibbleby-beige-grey-s39470231/
Sofa beds,https://www.ikea.com/nl/en/cat/sofa-beds-10663/,https://www.ikea.com/nl/en/p/nyhamn-3-seat-sofa-bed-with-foam-mattress-knisa-grey-beige-s39306368/
Sofa beds,https://www.ikea.com/nl/en/cat/sofa-beds-10663/,https://www.ikea.com/nl/en/p/soderhamn-3-seat-sofa-bed-viarp-beige-brown-s89580067/
Sofa beds,https://www.ikea.com/nl/en/cat/sofa-beds-10663/,https://www.ikea.com/nl/en/p/norrudden-guest-bed-black-90531354/
Sofa beds,https://www.ikea.com/nl/en/cat/sofa-beds-10663/,https://www.ikea.com/nl/en/p/brissund-3-seat-sofa-bed-hakebo-light-turquoise-50580860/
Armchairs,https://www.ikea.com/nl/en/cat/armchairs-fu006/,https://www.ikea.com/nl/en/p/ekenaset-armchair-kilanda-light-beige-90533174/
Armchairs,https://www.ikea.com/nl/en/cat/armchairs-fu006/,https://www.ikea.com/nl/en/p/dyvlinge-swivel-easy-chair-kelinge-black-00555090/
Armchairs,https://www.ikea.com/nl/en/cat/armchairs-fu006/,https://www.ikea.com/nl/en/p/gavle-easy-chair-diserod-red-30588838/
Armchairs,https://www.ikea.com/nl/en/cat/armchairs-fu006/,https://www.ikea.com/nl/en/p/arsunda-armchair-knisa-light-grey-00535894/
Armchairs,https://www.ikea.com/nl/en/cat/armchairs-fu006/,https://www.ikea.com/nl/en/p/strandmon-wing-chair-tommaboda-deep-beige-50613163/
Armchairs,https://www.ikea.com/nl/en/cat/armchairs-fu006/,https://www.ikea.com/nl/en/p/lillesater-swivel-easy-chair-axvall-off-white-00618686/
Armchairs,https://www.ikea.com/nl/en/cat/armchairs-fu006/,https://www.ikea.com/nl/en/p/skalboda-armchair-orange-40555309/
Armchairs,https://www.ikea.com/nl/en/cat/armchairs-fu006/,https://www.ikea.com/nl/en/p/poang-armchair-and-footstool-white-stained-oak-veneer-gunnared-beige-s79502013/
Armchairs,https://www.ikea.com/nl/en/cat/armchairs-fu006/,https://www.ikea.com/nl/en/p/poang-armchair-birch-veneer-knisa-light-beige-s39240787/
Armchairs,https://www.ikea.com/nl/en/cat/armchairs-fu006/,https://www.ikea.com/nl/en/p/tullsta-armchair-lofallet-beige-s29272712/
Armchairs,https://www.ikea.com/nl/en/cat/armchairs-fu006/,https://www.ikea.com/nl/en/p/rocksjon-armchair-kilanda-light-beige-s29508852/
Armchairs,https://www.ikea.com/nl/en/cat/armchairs-fu006/,https://www.ikea.com/nl/en/p/linneback-easy-chair-orrsta-olive-green-30487226/
Armchairs,https://www.ikea.com/nl/en/cat/armchairs-fu006/,https://www.ikea.com/nl/en/p/oskarshamn-wing-chair-with-footstool-tibbleby-beige-grey-s99485343/
Armchairs,https://www.ikea.com/nl/en/cat/armchairs-fu006/,https://www.ikea.com/nl/en/p/stockholm-2025-easy-chair-birch-veneer-80594785/
Armchairs,https://www.ikea.com/nl/en/cat/armchairs-fu006/,https://www.ikea.com/nl/en/p/varkumla-chair-bed-vansta-blue-80587704/
Armchairs,https://www.ikea.com/nl/en/cat/armchairs-fu006/,https://www.ikea.com/nl/en/p/poang-armchair-white-stained-oak-veneer-gunnared-light-green-s09501917/
Armchairs,https://www.ikea.com/nl/en/cat/armchairs-fu006/,https://www.ikea.com/nl/en/p/ekenaset-armchair-jonsbyn-black-70539011/
Armchairs,https://www.ikea.com/nl/en/cat/armchairs-fu006/,https://www.ikea.com/nl/en/p/ektorp-armchair-kilanda-light-beige-s99552101/
Armchairs,https://www.ikea.com/nl/en/cat/armchairs-fu006/,https://www.ikea.com/nl/en/p/poang-rocking-chair-birch-veneer-gunnared-light-green-s19501969/
Armchairs,https://www.ikea.com/nl/en/cat/armchairs-fu006/,https://www.ikea.com/nl/en/p/landskrona-armchair-gunnared-light-green-wood-s89269721/
Armchairs,https://www.ikea.com/nl/en/cat/armchairs-fu006/,https://www.ikea.com/nl/en/p/buskbo-armchair-rattan-djupvik-white-s79299016/
Armchairs,https://www.ikea.com/nl/en/cat/armchairs-fu006/,https://www.ikea.com/nl/en/p/tornsborg-armchair-bed-naggen-beige-pine-50582411/
Armchairs,https://www.ikea.com/nl/en/cat/armchairs-fu006/,https://www.ikea.com/nl/en/p/poang-armchair-black-brown-knisa-black-s59240828/
Armchairs,https://www.ikea.com/nl/en/cat/armchairs-fu006/,https://www.ikea.com/nl/en/p/froset-easy-chair-black-stained-oak-veneer-40423559/
Chaise longues,https://www.ikea.com/nl/en/cat/chaise-longues-57527/,https://www.ikea.com/nl/en/p/soderhamn-chaise-longue-gunnared-beige-s39305420/
Chaise longues,https://www.ikea.com/nl/en/cat/chaise-longues-57527/,https://www.ikea.com/nl/en/p/kivik-chaise-longue-kelinge-grey-turquoise-s59443029/
Chaise longues,https://www.ikea.com/nl/en/cat/chaise-longues-57527/,https://www.ikea.com/nl/en/p/sorvallen-chaise-longue-section-right-lejde-grey-black-20438397/
Chaise longues,https://www.ikea.com/nl/en/cat/chaise-longues-57527/,https://www.ikea.com/nl/en/p/vimle-chaise-longue-with-wide-armrests-gunnared-beige-s59409148/
Chaise longues,https://www.ikea.com/nl/en/cat/chaise-longues-57527/,https://www.ikea.com/nl/en/p/jattebo-chaise-longue-module-right-with-armrest-samsala-dark-yellow-green-s29494586/
Chaise longues,https://www.ikea.com/nl/en/cat/chaise-longues-57527/,https://www.ikea.com/nl/en/p/kivik-chaise-longue-grann-bomstad-black-10519493/
Chaise longues,https://www.ikea.com/nl/en/cat/chaise-longues-57527/,https://www.ikea.com/nl/en/p/jattebo-chaise-longue-module-left-with-armrest-samsala-dark-yellow-green-s69471494/
Chaise longues,https://www.ikea.com/nl/en/cat/chaise-longues-57527/,https://www.ikea.com/nl/en/p/landskrona-chaise-longue-add-on-unit-gunnared-light-green-wood-s49270260/
Chaise longues,https://www.ikea.com/nl/en/cat/chaise-longues-57527/,https://www.ikea.com/nl/en/p/vimle-chaise-longue-hillared-beige-s89434311/
Chaise longues,https://www.ikea.com/nl/en/cat/chaise-longues-57527/,https://www.ikea.com/nl/en/p/jattebo-chaise-longue-modules-samsala-dark-yellow-green-s59511278/
Chaise longues,https://www.ikea.com/nl/en/cat/chaise-longues-57527/,https://www.ikea.com/nl/en/p/sorvallen-chaise-longue-section-left-lejde-grey-black-70438390/
Chaise longues,https://www.ikea.com/nl/en/cat/chaise-longues-57527/,https://www.ikea.com/nl/en/p/landskrona-chaise-longue-add-on-unit-grann-bomstad-black-wood-s49124037/
Chaise longues,https://www.ikea.com/nl/en/cat/chaise-longues-57527/,https://www.ikea.com/nl/en/p/sorvallen-corner-section-right-lejde-grey-black-30438392/
Chaise longues,https://www.ikea.com/nl/en/cat/chaise-longues-57527/,https://www.ikea.com/nl/en/p/vimle-chaise-longue-section-grann-bomstad-black-20465376/
Chaise longues,https://www.ikea.com/nl/en/cat/chaise-longues-57527/,https://www.ikea.com/nl/en/p/vimle-chaise-longue-grann-bomstad-black-s49306792/
Chaise longues,https://www.ikea.com/nl/en/cat/chaise-longues-57527/,https://www.ikea.com/nl/en/p/sorvallen-corner-section-left-lejde-grey-black-50438391/
"Ottomans, footstools & pouffes",https://www.ikea.com/nl/en/cat/footstools-pouffes-20926/,https://www.ikea.com/nl/en/p/sandared-pouffe-beige-00385314/
"Ottomans, footstools & pouffes",https://www.ikea.com/nl/en/cat/footstools-pouffes-20926/,https://www.ikea.com/nl/en/p/strandmon-footstool-with-storage-tibbleby-yellow-40613187/
"Ottomans, footstools & pouffes",https://www.ikea.com/nl/en/cat/footstools-pouffes-20926/,https://www.ikea.com/nl/en/p/jarrestad-pouffe-with-storage-tonerud-dark-beige-80562341/
"Ottomans, footstools & pouffes",https://www.ikea.com/nl/en/cat/footstools-pouffes-20926/,https://www.ikea.com/nl/en/p/vimle-footstool-with-storage-gunnared-beige-s09392584/
"Ottomans, footstools & pouffes",https://www.ikea.com/nl/en/cat/footstools-pouffes-20926/,https://www.ikea.com/nl/en/p/emmislov-pouffe-vissle-dark-grey-90525961/
"Ottomans, footstools & pouffes",https://www.ikea.com/nl/en/cat/footstools-pouffes-20926/,https://www.ikea.com/nl/en/p/alseda-stool-banana-fibre-20033919/
"Ottomans, footstools & pouffes",https://www.ikea.com/nl/en/cat/footstools-pouffes-20926/,https://www.ikea.com/nl/en/p/saltsjobaden-cover-for-footstool-gunnared-medium-grey-30617181/
"Ottomans, footstools & pouffes",https://www.ikea.com/nl/en/cat/footstools-pouffes-20926/,https://www.ikea.com/nl/en/p/tolkning-pouffe-with-storage-handmade-rattan-90512666/
"Ottomans, footstools & pouffes",https://www.ikea.com/nl/en/cat/footstools-pouffes-20926/,https://www.ikea.com/nl/en/p/kjuge-pouffe-with-storage-knisa-dark-grey-90531900/
"Ottomans, footstools & pouffes",https://www.ikea.com/nl/en/cat/footstools-pouffes-20926/,https://www.ikea.com/nl/en/p/kivik-footstool-with-storage-tibbleby-beige-grey-s99440496/
"Ottomans, footstools & pouffes",https://www.ikea.com/nl/en/cat/footstools-pouffes-20926/,https://www.ikea.com/nl/en/p/stockholm-2025-pouffe-djurmo-grey-white-60586140/
"Ottomans, footstools & pouffes",https://www.ikea.com/nl/en/cat/footstools-pouffes-20926/,https://www.ikea.com/nl/en/p/oskarshamn-footstool-with-storage-tibbleby-beige-grey-90523617/
"Ottomans, footstools & pouffes",https://www.ikea.com/nl/en/cat/footstools-pouffes-20926/,https://www.ikea.com/nl/en/p/sandared-pouffe-dark-blue-50363970/
"Ottomans, footstools & pouffes",https://www.ikea.com/nl/en/cat/footstools-pouffes-20926/,https://www.ikea.com/nl/en/p/forlunda-pouffe-with-storage-vissle-beige-30552764/
"Ottomans, footstools & pouffes",https://www.ikea.com/nl/en/cat/footstools-pouffes-20926/,https://www.ikea.com/nl/en/p/soderhamn-footstool-gunnared-beige-s99305422/
"Ottomans, footstools & pouffes",https://www.ikea.com/nl/en/cat/footstools-pouffes-20926/,https://www.ikea.com/nl/en/p/glostad-footstool-knisa-dark-grey-20573286/
"Ottomans, footstools & pouffes",https://www.ikea.com/nl/en/cat/footstools-pouffes-20926/,https://www.ikea.com/nl/en/p/brannboll-inflatable-gaming-lounge-chair-bright-green-20584746/
"Ottomans, footstools & pouffes",https://www.ikea.com/nl/en/cat/footstools-pouffes-20926/,https://www.ikea.com/nl/en/p/mortfors-pouffe-diserod-grey-90533466/
"Ottomans, footstools & pouffes",https://www.ikea.com/nl/en/cat/footstools-pouffes-20926/,https://www.ikea.com/nl/en/p/landskrona-footstool-gunnared-light-green-wood-s19269748/
"Ottomans, footstools & pouffes",https://www.ikea.com/nl/en/cat/footstools-pouffes-20926/,https://www.ikea.com/nl/en/p/uppakra-footstool-johanneshov-brown-beige-s69612272/
"Ottomans, footstools & pouffes",https://www.ikea.com/nl/en/cat/footstools-pouffes-20926/,https://www.ikea.com/nl/en/p/strandmon-footstool-vibberbo-black-beige-90456967/
"Ottomans, footstools & pouffes",https://www.ikea.com/nl/en/cat/footstools-pouffes-20926/,https://www.ikea.com/nl/en/p/ektorp-footstool-with-storage-kilanda-light-beige-s09552134/
"Ottomans, footstools & pouffes",https://www.ikea.com/nl/en/cat/footstools-pouffes-20926/,https://www.ikea.com/nl/en/p/lillesater-pouffe-axvall-off-white-40619066/
"Ottomans, footstools & pouffes",https://www.ikea.com/nl/en/cat/footstools-pouffes-20926/,https://www.ikea.com/nl/en/p/gronlid-cover-for-footstool-with-storage-hillared-beige-50517473/
Sofa & armchairs covers,https://www.ikea.com/nl/en/cat/sofa-armchairs-covers-10664/,https://www.ikea.com/nl/en/p/klippan-cover-for-2-seat-sofa-vissle-grey-20278855/
Sofa & armchairs covers,https://www.ikea.com/nl/en/cat/sofa-armchairs-covers-10664/,https://www.ikea.com/nl/en/p/strandmon-slipcover-for-wing-chair-naggen-beige-30597908/
Sofa & armchairs covers,https://www.ikea.com/nl/en/cat/sofa-armchairs-covers-10664/,https://www.ikea.com/nl/en/p/ektorp-cover-for-3-seat-sofa-with-chaise-longue-tallmyra-dark-green-50517109/
Sofa & armchairs covers,https://www.ikea.com/nl/en/cat/sofa-armchairs-covers-10664/,https://www.ikea.com/nl/en/p/ektorp-cover-for-2-seat-sofa-kilanda-light-beige-10565357/
Sofa & armchairs covers,https://www.ikea.com/nl/en/cat/sofa-armchairs-covers-10664/,https://www.ikea.com/nl/en/p/soderhamn-cover-for-3-seat-sofa-bed-section-viarp-beige-brown-70596860/
Sofa & armchairs covers,https://www.ikea.com/nl/en/cat/sofa-armchairs-covers-10664/,https://www.ikea.com/nl/en/p/kivik-cover-for-2-seat-sofa-gunnared-beige-00517140/
Sofa & armchairs covers,https://www.ikea.com/nl/en/cat/sofa-armchairs-covers-10664/,https://www.ikea.com/nl/en/p/kivik-cover-for-3-seat-sofa-gunnared-beige-20517144/
Sofa & armchairs covers,https://www.ikea.com/nl/en/cat/sofa-armchairs-covers-10664/,https://www.ikea.com/nl/en/p/rocksjon-cover-for-armchair-kilanda-light-beige-80557194/
Sofa & armchairs covers,https://www.ikea.com/nl/en/cat/sofa-armchairs-covers-10664/,https://www.ikea.com/nl/en/p/saltsjobaden-cover-for-armchair-tonerud-red-brown-70607571/
Sofa & armchairs covers,https://www.ikea.com/nl/en/cat/sofa-armchairs-covers-10664/,https://www.ikea.com/nl/en/p/jattebo-cover-for-armrest-samsala-brown-red-40622163/
Sofa & armchairs covers,https://www.ikea.com/nl/en/cat/sofa-armchairs-covers-10664/,https://www.ikea.com/nl/en/p/tullsta-armchair-cover-lofallet-beige-40410335/
Sofa & armchairs covers,https://www.ikea.com/nl/en/cat/sofa-armchairs-covers-10664/,https://www.ikea.com/nl/en/p/hyltarp-cover-for-3-seat-sofa-hemmesta-light-beige-90551002/
Sofa & armchairs covers,https://www.ikea.com/nl/en/cat/sofa-armchairs-covers-10664/,https://www.ikea.com/nl/en/p/nyhamn-cover-for-3-seat-sofa-bed-skartofta-black-light-grey-20546622/
Sofa & armchairs covers,https://www.ikea.com/nl/en/cat/sofa-armchairs-covers-10664/,https://www.ikea.com/nl/en/p/vimle-cover-3-seat-sofa-bed-w-chaise-lng-with-wide-armrests-hallarp-grey-s99401211/
Sofa & armchairs covers,https://www.ikea.com/nl/en/cat/sofa-armchairs-covers-10664/,https://www.ikea.com/nl/en/p/ektorp-cover-for-3-seat-sofa-hakebo-grey-green-00565211/
Sofa & armchairs covers,https://www.ikea.com/nl/en/cat/sofa-armchairs-covers-10664/,https://www.ikea.com/nl/en/p/kivik-cover-for-chaise-longue-gunnared-beige-70517132/
Sofa & armchairs covers,https://www.ikea.com/nl/en/cat/sofa-armchairs-covers-10664/,https://www.ikea.com/nl/en/p/vimle-cover-for-3-seat-sofa-hallarp-grey-s59399347/
Sofa & armchairs covers,https://www.ikea.com/nl/en/cat/sofa-armchairs-covers-10664/,https://www.ikea.com/nl/en/p/lycksele-cover-for-chair-bed-ransta-natural-80483136/
Sofa & armchairs covers,https://www.ikea.com/nl/en/cat/sofa-armchairs-covers-10664/,https://www.ikea.com/nl/en/p/parup-cover-for-2-seat-sofa-vissle-grey-80493791/
Sofa & armchairs covers,https://www.ikea.com/nl/en/cat/sofa-armchairs-covers-10664/,https://www.ikea.com/nl/en/p/ektorp-cover-for-armchair-kilanda-light-beige-30584147/
Sofa & armchairs covers,https://www.ikea.com/nl/en/cat/sofa-armchairs-covers-10664/,https://www.ikea.com/nl/en/p/strandmon-slipcover-for-armchair-footstool-sjolyckan-dark-blue-beige-stripe-pattern-s49582515/
Sofa & armchairs covers,https://www.ikea.com/nl/en/cat/sofa-armchairs-covers-10664/,https://www.ikea.com/nl/en/p/vimle-cover-for-2-seat-sofa-bed-djuparp-dark-grey-s89433566/
Sofa & armchairs covers,https://www.ikea.com/nl/en/cat/sofa-armchairs-covers-10664/,https://www.ikea.com/nl/en/p/hyltarp-cover-for-2-seat-sofa-kilanda-pale-blue-00547298/
Sofa & armchairs covers,https://www.ikea.com/nl/en/cat/sofa-armchairs-covers-10664/,https://www.ikea.com/nl/en/p/vimle-cover-for-3-seat-sofa-bed-s69441143/
Cushions & headrests for sofa & armchair,https://www.ikea.com/nl/en/cat/sofa-cushions-57536/,https://www.ikea.com/nl/en/p/rodeby-armrest-tray-bamboo-40417577/
Cushions & headrests for sofa & armchair,https://www.ikea.com/nl/en/cat/sofa-cushions-57536/,https://www.ikea.com/nl/en/p/poang-armchair-cushion-gunnared-beige-50560517/
Cushions & headrests for sofa & armchair,https://www.ikea.com/nl/en/cat/sofa-cushions-57536/,https://www.ikea.com/nl/en/p/jattebo-headrest-cushion-samsala-dark-yellow-green-s69483595/
Cushions & headrests for sofa & armchair,https://www.ikea.com/nl/en/cat/sofa-cushions-57536/,https://www.ikea.com/nl/en/p/vimle-headrest-gunnared-beige-s99258294/
Cushions & headrests for sofa & armchair,https://www.ikea.com/nl/en/cat/sofa-cushions-57536/,https://www.ikea.com/nl/en/p/froknabo-cushion-set-vissle-beige-40518289/
Cushions & headrests for sofa & armchair,https://www.ikea.com/nl/en/cat/sofa-cushions-57536/,https://www.ikea.com/nl/en/p/klagshamn-back-cushion-faringe-light-grey-s69571380/
Cushions & headrests for sofa & armchair,https://www.ikea.com/nl/en/cat/sofa-cushions-57536/,https://www.ikea.com/nl/en/p/tranered-armrest-tray-dark-brown-10609002/
Cushions & headrests for sofa & armchair,https://www.ikea.com/nl/en/cat/sofa-cushions-57536/,https://www.ikea.com/nl/en/p/soderhamn-inner-seat-cushion-for-replacement-10498023/
Cushions & headrests for sofa & armchair,https://www.ikea.com/nl/en/cat/sofa-cushions-57536/,https://www.ikea.com/nl/en/p/sorvallen-headrest-viarp-beige-brown-40506408/
Cushions & headrests for sofa & armchair,https://www.ikea.com/nl/en/cat/sofa-cushions-57536/,https://www.ikea.com/nl/en/p/onnestad-cushion-set-armchair-beige-katorp-60555600/
Cushions & headrests for sofa & armchair,https://www.ikea.com/nl/en/cat/sofa-cushions-57536/,https://www.ikea.com/nl/en/p/kivik-inner-seat-cushion-for-3-seat-sofa-for-replacement-50498016/
Cushions & headrests for sofa & armchair,https://www.ikea.com/nl/en/cat/sofa-cushions-57536/,https://www.ikea.com/nl/en/p/kivik-inner-back-cushion-for-3-seat-sofa-for-replacement-90498024/
Cushions & headrests for sofa & armchair,https://www.ikea.com/nl/en/cat/sofa-cushions-57536/,https://www.ikea.com/nl/en/p/djupvik-cushion-blekinge-white-30204798/
Cushions & headrests for sofa & armchair,https://www.ikea.com/nl/en/cat/sofa-cushions-57536/,https://www.ikea.com/nl/en/p/ektorp-inner-seat-cushion-for-3-seat-sofa-for-replacement-40498007/
Cushions & headrests for sofa & armchair,https://www.ikea.com/nl/en/cat/sofa-cushions-57536/,https://www.ikea.com/nl/en/p/landskrona-seat-cushion-for-2-seat-sofa-gunnared-dark-grey-for-replacement-00499221/
Cushions & headrests for sofa & armchair,https://www.ikea.com/nl/en/cat/sofa-cushions-57536/,https://www.ikea.com/nl/en/p/ektorp-inner-back-cushion-for-3-seat-sofa-for-replacement-80499222/
Cushions & headrests for sofa & armchair,https://www.ikea.com/nl/en/cat/sofa-cushions-57536/,https://www.ikea.com/nl/en/p/kivik-inner-seat-cushion-for-2-seat-sofa-for-replacement-30498017/
Cushions & headrests for sofa & armchair,https://www.ikea.com/nl/en/cat/sofa-cushions-57536/,https://www.ikea.com/nl/en/p/soderhamn-inner-seat-cushion-for-replacement-50513446/
Cushions & headrests for sofa & armchair,https://www.ikea.com/nl/en/cat/sofa-cushions-57536/,https://www.ikea.com/nl/en/p/soderhamn-inner-seat-cushion-for-3-seat-sofa-for-replacement-90498019/
Cushions & headrests for sofa & armchair,https://www.ikea.com/nl/en/cat/sofa-cushions-57536/,https://www.ikea.com/nl/en/p/norna-chair-pad-laila-natural-20013073/
Cushions & headrests for sofa & armchair,https://www.ikea.com/nl/en/cat/sofa-cushions-57536/,https://www.ikea.com/nl/en/p/landskrona-seat-cushion-for-3-seat-sofa-gunnared-dark-grey-for-replacement-60499195/
Cushions & headrests for sofa & armchair,https://www.ikea.com/nl/en/cat/sofa-cushions-57536/,https://www.ikea.com/nl/en/p/silang-storage-pocket-for-armrest-felt-70578861/
Cushions & headrests for sofa & armchair,https://www.ikea.com/nl/en/cat/sofa-cushions-57536/,https://www.ikea.com/nl/en/p/landskrona-back-cushion-for-3-seat-sofa-gunnared-dark-grey-for-replacement-00498028/
Cushions & headrests for sofa & armchair,https://www.ikea.com/nl/en/cat/sofa-cushions-57536/,https://www.ikea.com/nl/en/p/kivik-inner-back-cushion-for-2-seat-sofa-for-replacement-60498025/
Sofa & armchair legs,https://www.ikea.com/nl/en/cat/extra-legs-31785/,https://www.ikea.com/nl/en/p/strandmon-legs-for-footstool-black-70466137/
Sofa & armchair legs,https://www.ikea.com/nl/en/cat/extra-legs-31785/,https://www.ikea.com/nl/en/p/bankhult-leg-wood-brown-00635964/
Sofa & armchair legs,https://www.ikea.com/nl/en/cat/extra-legs-31785/,https://www.ikea.com/nl/en/p/landskrona-leg-wood-70292397/
Sofa & armchair legs,https://www.ikea.com/nl/en/cat/extra-legs-31785/,https://www.ikea.com/nl/en/p/strandmon-legs-for-armchair-black-90466136/
Sofa & armchair legs,https://www.ikea.com/nl/en/cat/extra-legs-31785/,https://www.ikea.com/nl/en/p/esseboda-legs-for-sofa-birch-20525549/
Sofa & armchair legs,https://www.ikea.com/nl/en/cat/extra-legs-31785/,https://www.ikea.com/nl/en/p/bjurvalla-leg-birch-60623703/
Sofa & armchair legs,https://www.ikea.com/nl/en/cat/extra-legs-31785/,https://www.ikea.com/nl/en/p/viskafors-legs-for-sofa-brown-70525028/
Sofa & armchair legs,https://www.ikea.com/nl/en/cat/extra-legs-31785/,https://www.ikea.com/nl/en/p/bastfallet-leg-wood-00620420/
Sofa & armchair legs,https://www.ikea.com/nl/en/cat/extra-legs-31785/,https://www.ikea.com/nl/en/p/lillehem-leg-wood-40518430/
Sofa & armchair legs,https://www.ikea.com/nl/en/cat/extra-legs-31785/,https://www.ikea.com/nl/en/p/smedstorp-legs-for-sofa-oak-natural-40500369/
Sofa & armchair legs,https://www.ikea.com/nl/en/cat/extra-legs-31785/,https://www.ikea.com/nl/en/p/bastlunda-leg-chrome-plated-20620424/
Sofa & armchair legs,https://www.ikea.com/nl/en/cat/extra-legs-31785/,https://www.ikea.com/nl/en/p/bankaby-leg-metal-black-30624054/
Modular sofas,https://www.ikea.com/nl/en/cat/modular-sofa-31786/,https://www.ikea.com/nl/en/p/soderhamn-3-seat-section-gunnared-beige-s39305415/
Modular sofas,https://www.ikea.com/nl/en/cat/modular-sofa-31786/,https://www.ikea.com/nl/en/p/jattebo-1-5-seat-module-with-storage-samsala-dark-yellow-green-s19471458/
Modular sofas,https://www.ikea.com/nl/en/cat/modular-sofa-31786/,https://www.ikea.com/nl/en/p/jattebo-3-5-seat-mod-sofa-w-chaise-longues-armrests-samsala-dark-yellow-green-s29469493/
Modular sofas,https://www.ikea.com/nl/en/cat/modular-sofa-31786/,https://www.ikea.com/nl/en/p/jattebo-4-seat-mod-sofa-w-chaise-longue-right-samsala-dark-yellow-green-s59485199/
Modular sofas,https://www.ikea.com/nl/en/cat/modular-sofa-31786/,https://www.ikea.com/nl/en/p/soderhamn-1-seat-section-gunnared-beige-s69305414/
Modular sofas,https://www.ikea.com/nl/en/cat/modular-sofa-31786/,https://www.ikea.com/nl/en/p/vimle-corner-section-gunnared-beige-s49392544/
Modular sofas,https://www.ikea.com/nl/en/cat/modular-sofa-31786/,https://www.ikea.com/nl/en/p/soderhamn-corner-section-viarp-beige-brown-s79305625/
Modular sofas,https://www.ikea.com/nl/en/cat/modular-sofa-31786/,https://www.ikea.com/nl/en/p/vimle-3-seat-section-gunnared-beige-s19392456/
Modular sofas,https://www.ikea.com/nl/en/cat/modular-sofa-31786/,https://www.ikea.com/nl/en/p/landskrona-chaise-longue-add-on-unit-gunnared-light-green-wood-s49270260/
Modular sofas,https://www.ikea.com/nl/en/cat/modular-sofa-31786/,https://www.ikea.com/nl/en/p/sorvallen-2-seat-section-lejde-grey-black-40438396/
Modular sofas,https://www.ikea.com/nl/en/cat/modular-sofa-31786/,https://www.ikea.com/nl/en/p/kivik-corner-section-tibbleby-beige-grey-s89440492/
Modular sofas,https://www.ikea.com/nl/en/cat/modular-sofa-31786/,https://www.ikea.com/nl/en/p/vimle-2-seat-section-gunnared-beige-s09392414/
Modular sofas,https://www.ikea.com/nl/en/cat/modular-sofa-31786/,https://www.ikea.com/nl/en/p/sorvallen-chaise-longue-section-left-lejde-grey-black-70438390/
Modular sofas,https://www.ikea.com/nl/en/cat/modular-sofa-31786/,https://www.ikea.com/nl/en/p/vimle-armrest-gunnared-medium-grey-s39392479/
Modular sofas,https://www.ikea.com/nl/en/cat/modular-sofa-31786/,https://www.ikea.com/nl/en/p/vimle-1-seat-section-hallarp-beige-s29392408/
Modular sofas,https://www.ikea.com/nl/en/cat/modular-sofa-31786/,https://www.ikea.com/nl/en/p/uppakra-1-5-seat-module-with-armrest-right-johanneshov-brown-beige-s29614008/
Modular sofas,https://www.ikea.com/nl/en/cat/modular-sofa-31786/,https://www.ikea.com/nl/en/p/jattebo-2-5-seat-mod-sofa-w-chaise-longue-left-samsala-dark-yellow-green-s49469487/
Modular sofas,https://www.ikea.com/nl/en/cat/modular-sofa-31786/,https://www.ikea.com/nl/en/p/stockholm-2025-1-seat-section-djurmo-grey-white-70586125/
Modular sofas,https://www.ikea.com/nl/en/cat/modular-sofa-31786/,https://www.ikea.com/nl/en/p/uppakra-1-5-seat-module-samsala-yellow-brown-s99613996/
Modular sofas,https://www.ikea.com/nl/en/cat/modular-sofa-31786/,https://www.ikea.com/nl/en/p/vimle-chaise-longue-section-gunnared-beige-s19392569/
Modular sofas,https://www.ikea.com/nl/en/cat/modular-sofa-31786/,https://www.ikea.com/nl/en/p/jattebo-3-5-seat-mod-sofa-w-chaise-longues-tonerud-grey-s79485103/
Modular sofas,https://www.ikea.com/nl/en/cat/modular-sofa-31786/,https://www.ikea.com/nl/en/p/uppakra-chaise-longue-module-with-armrest-left-samsala-yellow-brown-s99612987/
Modular sofas,https://www.ikea.com/nl/en/cat/modular-sofa-31786/,https://www.ikea.com/nl/en/p/jattebo-mod-crnr-sofa-2-5-seat-w-chaise-lng-right-samsala-dark-yellow-green-s49485190/
Modular sofas,https://www.ikea.com/nl/en/cat/modular-sofa-31786/,https://www.ikea.com/nl/en/p/uppakra-u-shaped-sofa-4-5-seat-with-chaise-longue-left-samsala-yellow-brown-s89613162/
Tables,https://www.ikea.com/nl/en/cat/tables-700675/,https://www.ikea.com/nl/en/p/vihals-table-white-white-s39578509/
Tables,https://www.ikea.com/nl/en/cat/tables-700675/,https://www.ikea.com/nl/en/p/sandsberg-table-black-s29420393/
Tables,https://www.ikea.com/nl/en/cat/tables-700675/,https://www.ikea.com/nl/en/p/mariedamm-table-black-marble-effect-20576124/
Tables,https://www.ikea.com/nl/en/cat/tables-700675/,https://www.ikea.com/nl/en/p/lack-side-table-white-30449908/
Tables,https://www.ikea.com/nl/en/cat/tables-700675/,https://www.ikea.com/nl/en/p/vihals-table-white-white-s49589970/
Tables,https://www.ikea.com/nl/en/cat/tables-700675/,https://www.ikea.com/nl/en/p/strandtorp-extendable-table-brown-80388587/
Tables,https://www.ikea.com/nl/en/cat/tables-700675/,https://www.ikea.com/nl/en/p/lack-coffee-table-black-brown-40104294/
Tables,https://www.ikea.com/nl/en/cat/tables-700675/,https://www.ikea.com/nl/en/p/lisabo-table-ash-veneer-70294339/
Tables,https://www.ikea.com/nl/en/cat/tables-700675/,https://www.ikea.com/nl/en/p/nissafors-trolley-black-20399777/
Tables,https://www.ikea.com/nl/en/cat/tables-700675/,https://www.ikea.com/nl/en/p/tonstad-extendable-table-oak-veneer-40593882/
Tables,https://www.ikea.com/nl/en/cat/tables-700675/,https://www.ikea.com/nl/en/p/alhult-table-black-brown-80600786/
Tables,https://www.ikea.com/nl/en/cat/tables-700675/,https://www.ikea.com/nl/en/p/docksta-table-white-white-s19324995/
Tables,https://www.ikea.com/nl/en/cat/tables-700675/,https://www.ikea.com/nl/en/p/lisabo-table-black-ash-veneer-50416501/
Tables,https://www.ikea.com/nl/en/cat/tables-700675/,https://www.ikea.com/nl/en/p/knarrevik-bedside-table-black-20569977/
Tables,https://www.ikea.com/nl/en/cat/tables-700675/,https://www.ikea.com/nl/en/p/skalsta-table-walnut-effect-x-shaped-black-grey-s99608264/
Tables,https://www.ikea.com/nl/en/cat/tables-700675/,https://www.ikea.com/nl/en/p/alhult-extendable-table-black-brown-20600789/
Tables,https://www.ikea.com/nl/en/cat/tables-700675/,https://www.ikea.com/nl/en/p/gunde-folding-table-black-00546897/
Tables,https://www.ikea.com/nl/en/cat/tables-700675/,https://www.ikea.com/nl/en/p/skalsta-table-walnut-effect-straight-black-grey-s59608322/
Tables,https://www.ikea.com/nl/en/cat/tables-700675/,https://www.ikea.com/nl/en/p/alhult-table-black-brown-70600796/
Tables,https://www.ikea.com/nl/en/cat/tables-700675/,https://www.ikea.com/nl/en/p/lack-side-table-white-30514791/
Tables,https://www.ikea.com/nl/en/cat/tables-700675/,https://www.ikea.com/nl/en/p/listerby-coffee-table-oak-veneer-30513904/
Tables,https://www.ikea.com/nl/en/cat/tables-700675/,https://www.ikea.com/nl/en/p/vihals-table-white-white-s59578508/
Tables,https://www.ikea.com/nl/en/cat/tables-700675/,https://www.ikea.com/nl/en/p/skalsta-table-walnut-effect-hairpin-black-grey-s69608289/
Tables,https://www.ikea.com/nl/en/cat/tables-700675/,https://www.ikea.com/nl/en/p/jakobsfors-coffee-table-dark-brown-stained-oak-veneer-50515167/
Chairs,https://www.ikea.com/nl/en/cat/chairs-700676/,https://www.ikea.com/nl/en/p/sandsberg-chair-anthracite-remmarn-anthracite-40605253/
Chairs,https://www.ikea.com/nl/en/cat/chairs-700676/,https://www.ikea.com/nl/en/p/vihals-chair-green-tibbleby-grey-green-80592767/
Chairs,https://www.ikea.com/nl/en/cat/chairs-700676/,https://www.ikea.com/nl/en/p/nordmansskar-chair-black-tonerud-grey-s99618215/
Chairs,https://www.ikea.com/nl/en/cat/chairs-700676/,https://www.ikea.com/nl/en/p/krylbo-chair-tonerud-dark-beige-60566745/
Chairs,https://www.ikea.com/nl/en/cat/chairs-700676/,https://www.ikea.com/nl/en/p/ekenaset-armchair-kilanda-light-beige-90533174/
Chairs,https://www.ikea.com/nl/en/cat/chairs-700676/,https://www.ikea.com/nl/en/p/havberg-swivel-easy-chair-and-footstool-grann-bomstad-golden-brown-s39485322/
Chairs,https://www.ikea.com/nl/en/cat/chairs-700676/,https://www.ikea.com/nl/en/p/sandsberg-chair-black-30605423/
Chairs,https://www.ikea.com/nl/en/cat/chairs-700676/,https://www.ikea.com/nl/en/p/dyvlinge-swivel-easy-chair-kelinge-orange-00581918/
Chairs,https://www.ikea.com/nl/en/cat/chairs-700676/,https://www.ikea.com/nl/en/p/vihals-folding-chair-white-30569104/
Chairs,https://www.ikea.com/nl/en/cat/chairs-700676/,https://www.ikea.com/nl/en/p/teodores-chair-black-20530621/
Chairs,https://www.ikea.com/nl/en/cat/chairs-700676/,https://www.ikea.com/nl/en/p/lyckan-chair-yellow-birch-veneer-00569186/
Chairs,https://www.ikea.com/nl/en/cat/chairs-700676/,https://www.ikea.com/nl/en/p/lisabo-chair-ash-00457235/
Chairs,https://www.ikea.com/nl/en/cat/chairs-700676/,https://www.ikea.com/nl/en/p/poang-armchair-birch-veneer-knisa-light-beige-s39240787/
Chairs,https://www.ikea.com/nl/en/cat/chairs-700676/,https://www.ikea.com/nl/en/p/odger-chair-anthracite-50457313/
Chairs,https://www.ikea.com/nl/en/cat/chairs-700676/,https://www.ikea.com/nl/en/p/skalsta-chair-knaback-beige-tubular-metal-light-grey-beige-s89608740/
Chairs,https://www.ikea.com/nl/en/cat/chairs-700676/,https://www.ikea.com/nl/en/p/tonstad-chair-oak-effect-fridtuna-light-beige-00593884/
Chairs,https://www.ikea.com/nl/en/cat/chairs-700676/,https://www.ikea.com/nl/en/p/grotan-chair-tibbleby-dark-beige-10610425/
Chairs,https://www.ikea.com/nl/en/cat/chairs-700676/,https://www.ikea.com/nl/en/p/tossberg-chair-metal-black-gunnared-light-green-00593596/
Chairs,https://www.ikea.com/nl/en/cat/chairs-700676/,https://www.ikea.com/nl/en/p/skalsta-chair-walnut-veneer-tubular-metal-black-grey-s49608756/
Chairs,https://www.ikea.com/nl/en/cat/chairs-700676/,https://www.ikea.com/nl/en/p/skalsta-chair-plastic-beige-tubular-metal-black-grey-s29608427/
Chairs,https://www.ikea.com/nl/en/cat/chairs-700676/,https://www.ikea.com/nl/en/p/madonnalilja-chair-pad-beige-70559725/
Chairs,https://www.ikea.com/nl/en/cat/chairs-700676/,https://www.ikea.com/nl/en/p/gronsta-chair-in-outdoor-white-70519763/
Chairs,https://www.ikea.com/nl/en/cat/chairs-700676/,https://www.ikea.com/nl/en/p/stefan-chair-brown-black-00211088/
Chairs,https://www.ikea.com/nl/en/cat/chairs-700676/,https://www.ikea.com/nl/en/p/frosvi-folding-chair-black-10534318/
Dining furniture,https://www.ikea.com/nl/en/cat/dining-furniture-700417/,https://www.ikea.com/nl/en/p/mariedamm-table-black-marble-effect-20576124/
Dining furniture,https://www.ikea.com/nl/en/cat/dining-furniture-700417/,https://www.ikea.com/nl/en/p/hagernas-table-and-4-chairs-black-stained-pine-20575997/
Dining furniture,https://www.ikea.com/nl/en/cat/dining-furniture-700417/,https://www.ikea.com/nl/en/p/mariedamm-table-black-marble-effect-70492645/
Dining furniture,https://www.ikea.com/nl/en/cat/dining-furniture-700417/,https://www.ikea.com/nl/en/p/sandsberg-table-and-4-chairs-black-black-remmarn-anthracite-anthracite-s29608168/
Dining furniture,https://www.ikea.com/nl/en/cat/dining-furniture-700417/,https://www.ikea.com/nl/en/p/lisabo-lisabo-table-and-4-chairs-black-tallmyra-black-grey-s09554915/
Dining furniture,https://www.ikea.com/nl/en/cat/dining-furniture-700417/,https://www.ikea.com/nl/en/p/alhult-alhult-table-and-4-chairs-black-brown-bomstad-black-black-s39610076/
Dining furniture,https://www.ikea.com/nl/en/cat/dining-furniture-700417/,https://www.ikea.com/nl/en/p/skalsta-table-walnut-effect-x-shaped-black-grey-s99608264/
Dining furniture,https://www.ikea.com/nl/en/cat/dining-furniture-700417/,https://www.ikea.com/nl/en/p/skalsta-table-and-4-chairs-oak-effect-straight-light-grey-beige-plastic-beige-tubular-metal-light-grey-beige-s79608986/
Dining furniture,https://www.ikea.com/nl/en/cat/dining-furniture-700417/,https://www.ikea.com/nl/en/p/mariedamm-odger-table-and-4-chairs-black-marble-effect-anthracite-s69568716/
Dining furniture,https://www.ikea.com/nl/en/cat/dining-furniture-700417/,https://www.ikea.com/nl/en/p/alhult-table-black-brown-80600786/
Dining furniture,https://www.ikea.com/nl/en/cat/dining-furniture-700417/,https://www.ikea.com/nl/en/p/mariedamm-lustebo-table-and-4-chairs-oak-white-viarp-beige-brown-s69568740/
Dining furniture,https://www.ikea.com/nl/en/cat/dining-furniture-700417/,https://www.ikea.com/nl/en/p/bergshyttan-table-dark-brown-ash-veneer-40608242/
Dining furniture,https://www.ikea.com/nl/en/cat/dining-furniture-700417/,https://www.ikea.com/nl/en/p/rosentorp-extendable-table-white-80568239/
Dining furniture,https://www.ikea.com/nl/en/cat/dining-furniture-700417/,https://www.ikea.com/nl/en/p/skogsta-table-acacia-black-00452643/
Dining furniture,https://www.ikea.com/nl/en/cat/dining-furniture-700417/,https://www.ikea.com/nl/en/p/alhult-extendable-table-beige-brown-40597922/
Dining furniture,https://www.ikea.com/nl/en/cat/dining-furniture-700417/,https://www.ikea.com/nl/en/p/skalsta-table-and-4-chairs-oak-effect-straight-light-grey-beige-knaback-beige-tubular-metal-light-grey-beige-s99608985/
Dining furniture,https://www.ikea.com/nl/en/cat/dining-furniture-700417/,https://www.ikea.com/nl/en/p/vihals-table-white-white-s39578509/
Dining furniture,https://www.ikea.com/nl/en/cat/dining-furniture-700417/,https://www.ikea.com/nl/en/p/docksta-krylbo-table-and-4-chairs-white-white-tonerud-dark-beige-s99568121/
Dining furniture,https://www.ikea.com/nl/en/cat/dining-furniture-700417/,https://www.ikea.com/nl/en/p/stockholm-2025-stockholm-2025-table-and-6-chairs-oak-veneer-oak-leather-s29579986/
Dining furniture,https://www.ikea.com/nl/en/cat/dining-furniture-700417/,https://www.ikea.com/nl/en/p/morbylanga-table-oak-veneer-brown-stained-60412885/
Dining furniture,https://www.ikea.com/nl/en/cat/dining-furniture-700417/,https://www.ikea.com/nl/en/p/skalsta-table-walnut-effect-straight-black-grey-s59608322/
Dining furniture,https://www.ikea.com/nl/en/cat/dining-furniture-700417/,https://www.ikea.com/nl/en/p/nasinge-table-dark-brown-stained-beech-veneer-90587529/
Dining furniture,https://www.ikea.com/nl/en/cat/dining-furniture-700417/,https://www.ikea.com/nl/en/p/danderyd-skogsta-table-and-6-chairs-oak-veneer-white-acacia-s69568108/
Dining furniture,https://www.ikea.com/nl/en/cat/dining-furniture-700417/,https://www.ikea.com/nl/en/p/bergshyttan-tossberg-table-with-2-chairs-and-bench-dark-brown-ash-veneer-gunnared-dark-grey-black-s59608416/
Bar furniture,https://www.ikea.com/nl/en/cat/bar-furniture-16244/,https://www.ikea.com/nl/en/p/dalfred-bar-stool-birch-80613091/
Bar furniture,https://www.ikea.com/nl/en/cat/bar-furniture-16244/,https://www.ikea.com/nl/en/p/ravsten-bar-stool-counter-height-black-70602069/
Bar furniture,https://www.ikea.com/nl/en/cat/bar-furniture-16244/,https://www.ikea.com/nl/en/p/skogsta-table-counter-height-acacia-black-00614532/
Bar furniture,https://www.ikea.com/nl/en/cat/bar-furniture-16244/,https://www.ikea.com/nl/en/p/skogsta-bar-stool-with-backrest-counter-height-acacia-50620677/
Bar furniture,https://www.ikea.com/nl/en/cat/bar-furniture-16244/,https://www.ikea.com/nl/en/p/rosentorp-bar-stool-with-backrest-counter-height-black-10619930/
Bar furniture,https://www.ikea.com/nl/en/cat/bar-furniture-16244/,https://www.ikea.com/nl/en/p/skogsta-table-counter-height-acacia-black-90620680/
Bar furniture,https://www.ikea.com/nl/en/cat/bar-furniture-16244/,https://www.ikea.com/nl/en/p/bergmund-bar-stool-with-backrest-counter-height-black-gunnared-medium-grey-s59384690/
Bar furniture,https://www.ikea.com/nl/en/cat/bar-furniture-16244/,https://www.ikea.com/nl/en/p/yngvar-bar-stool-anthracite-60400745/
Bar furniture,https://www.ikea.com/nl/en/cat/bar-furniture-16244/,https://www.ikea.com/nl/en/p/stig-bar-stool-with-backrest-counter-height-black-black-30498418/
Bar furniture,https://www.ikea.com/nl/en/cat/bar-furniture-16244/,https://www.ikea.com/nl/en/p/vihals-bar-table-counter-height-white-white-s89621789/
Bar furniture,https://www.ikea.com/nl/en/cat/bar-furniture-16244/,https://www.ikea.com/nl/en/p/franklin-bar-stool-with-backrest-foldable-counter-height-white-white-70404875/
Bar furniture,https://www.ikea.com/nl/en/cat/bar-furniture-16244/,https://www.ikea.com/nl/en/p/ronninge-bar-table-birch-50511230/
Bar furniture,https://www.ikea.com/nl/en/cat/bar-furniture-16244/,https://www.ikea.com/nl/en/p/lillanas-bar-stool-chrome-plated-gunnared-dark-grey-90534791/
Bar furniture,https://www.ikea.com/nl/en/cat/bar-furniture-16244/,https://www.ikea.com/nl/en/p/norberg-wall-mount-drop-leaf-tbl-w-storage-white-20497928/
Bar furniture,https://www.ikea.com/nl/en/cat/bar-furniture-16244/,https://www.ikea.com/nl/en/p/norberg-wall-mounted-drop-leaf-table-white-30180504/
Bar furniture,https://www.ikea.com/nl/en/cat/bar-furniture-16244/,https://www.ikea.com/nl/en/p/janinge-bar-stool-white-70246089/
Bar furniture,https://www.ikea.com/nl/en/cat/bar-furniture-16244/,https://www.ikea.com/nl/en/p/lillanas-bar-stool-chrome-plated-gunnared-dark-grey-70534792/
Bar furniture,https://www.ikea.com/nl/en/cat/bar-furniture-16244/,https://www.ikea.com/nl/en/p/stensele-bar-table-anthracite-anthracite-s09288224/
Bar furniture,https://www.ikea.com/nl/en/cat/bar-furniture-16244/,https://www.ikea.com/nl/en/p/kullaberg-stool-pine-black-10363651/
Bar furniture,https://www.ikea.com/nl/en/cat/bar-furniture-16244/,https://www.ikea.com/nl/en/p/glenn-bar-stool-counter-height-white-chrome-plated-60131734/
Café furniture,https://www.ikea.com/nl/en/cat/cafe-furniture-19141/,https://www.ikea.com/nl/en/p/yngvar-bar-stool-anthracite-60400745/
Café furniture,https://www.ikea.com/nl/en/cat/cafe-furniture-19141/,https://www.ikea.com/nl/en/p/lisabo-table-black-ash-veneer-60563780/
Café furniture,https://www.ikea.com/nl/en/cat/cafe-furniture-19141/,https://www.ikea.com/nl/en/p/lisabo-table-ash-veneer-40416498/
Café furniture,https://www.ikea.com/nl/en/cat/cafe-furniture-19141/,https://www.ikea.com/nl/en/p/ronninge-chair-birch-10422504/
Café furniture,https://www.ikea.com/nl/en/cat/cafe-furniture-19141/,https://www.ikea.com/nl/en/p/stensele-table-anthracite-anthracite-s79288230/
Café furniture,https://www.ikea.com/nl/en/cat/cafe-furniture-19141/,https://www.ikea.com/nl/en/p/laktare-conference-chair-birch-veneer-black-s99503257/
Café furniture,https://www.ikea.com/nl/en/cat/cafe-furniture-19141/,https://www.ikea.com/nl/en/p/stockholm-2025-chair-dark-brown-20590139/
Café furniture,https://www.ikea.com/nl/en/cat/cafe-furniture-19141/,https://www.ikea.com/nl/en/p/janinge-bar-stool-white-70246089/
Café furniture,https://www.ikea.com/nl/en/cat/cafe-furniture-19141/,https://www.ikea.com/nl/en/p/yngvar-chair-anthracite-80417636/
Café furniture,https://www.ikea.com/nl/en/cat/cafe-furniture-19141/,https://www.ikea.com/nl/en/p/docksta-table-white-white-s19324995/
Benches,https://www.ikea.com/nl/en/cat/benches-700319/,https://www.ikea.com/nl/en/p/perjohan-bench-with-storage-pine-60485339/
Benches,https://www.ikea.com/nl/en/cat/benches-700319/,https://www.ikea.com/nl/en/p/raggberg-bench-with-shoe-storage-pine-20611127/
Benches,https://www.ikea.com/nl/en/cat/benches-700319/,https://www.ikea.com/nl/en/p/valtorp-bench-with-storage-samsala-dark-yellow-green-40570239/
Benches,https://www.ikea.com/nl/en/cat/benches-700319/,https://www.ikea.com/nl/en/p/ragrund-bench-bamboo-60549416/
Benches,https://www.ikea.com/nl/en/cat/benches-700319/,https://www.ikea.com/nl/en/p/trogen-childrens-step-stool-yellow-80371520/
Benches,https://www.ikea.com/nl/en/cat/benches-700319/,https://www.ikea.com/nl/en/p/nammaro-bench-outdoor-light-brown-stained-60510310/
Benches,https://www.ikea.com/nl/en/cat/benches-700319/,https://www.ikea.com/nl/en/p/bergshyttan-bench-dark-brown-ash-veneer-00608239/
Benches,https://www.ikea.com/nl/en/cat/benches-700319/,https://www.ikea.com/nl/en/p/norrmanso-bench-outdoor-acacia-70586696/
Benches,https://www.ikea.com/nl/en/cat/benches-700319/,https://www.ikea.com/nl/en/p/nammaro-bench-with-cushion-light-brown-stained-kuddarna-light-grey-beige-s49575303/
Benches,https://www.ikea.com/nl/en/cat/benches-700319/,https://www.ikea.com/nl/en/p/flisat-childrens-stool-pine-30596536/
Benches,https://www.ikea.com/nl/en/cat/benches-700319/,https://www.ikea.com/nl/en/p/tolkning-bench-with-storage-handmade-rattan-80512657/
Benches,https://www.ikea.com/nl/en/cat/benches-700319/,https://www.ikea.com/nl/en/p/gullaberg-storage-bench-white-80573957/
Benches,https://www.ikea.com/nl/en/cat/benches-700319/,https://www.ikea.com/nl/en/p/stockholm-2025-bench-with-pad-s09563953/
Benches,https://www.ikea.com/nl/en/cat/benches-700319/,https://www.ikea.com/nl/en/p/nordli-chest-of-6-drawers-white-s29239497/
Benches,https://www.ikea.com/nl/en/cat/benches-700319/,https://www.ikea.com/nl/en/p/skogsta-bench-with-storage-acacia-black-10593807/
Benches,https://www.ikea.com/nl/en/cat/benches-700319/,https://www.ikea.com/nl/en/p/smastad-bench-with-toy-storage-white-white-s19389152/
Benches,https://www.ikea.com/nl/en/cat/benches-700319/,https://www.ikea.com/nl/en/p/bankkamrat-bench-pad-blue-green-90561954/
Benches,https://www.ikea.com/nl/en/cat/benches-700319/,https://www.ikea.com/nl/en/p/norrmanso-bench-outdoor-acacia-30586698/
Benches,https://www.ikea.com/nl/en/cat/benches-700319/,https://www.ikea.com/nl/en/p/nordli-chest-of-2-drawers-white-s99239494/
Benches,https://www.ikea.com/nl/en/cat/benches-700319/,https://www.ikea.com/nl/en/p/tjusig-bench-with-shoe-storage-black-50152703/
Benches,https://www.ikea.com/nl/en/cat/benches-700319/,https://www.ikea.com/nl/en/p/bankkamrat-bench-pad-dot-pattern-80461889/
Benches,https://www.ikea.com/nl/en/cat/benches-700319/,https://www.ikea.com/nl/en/p/muskan-bench-white-50345957/
Benches,https://www.ikea.com/nl/en/cat/benches-700319/,https://www.ikea.com/nl/en/p/salno-gryttom-bench-with-pad-armrests-rattan-gransel-natural-s79564609/
Benches,https://www.ikea.com/nl/en/cat/benches-700319/,https://www.ikea.com/nl/en/p/grejsimojs-pouffe-with-storage-yellow-10603180/
Coffee & side tables,https://www.ikea.com/nl/en/cat/coffee-side-tables-10705/,https://www.ikea.com/nl/en/p/stockholm-nest-of-tables-set-of-2-walnut-veneer-10239713/
Coffee & side tables,https://www.ikea.com/nl/en/cat/coffee-side-tables-10705/,https://www.ikea.com/nl/en/p/lack-coffee-table-black-brown-40104294/
Coffee & side tables,https://www.ikea.com/nl/en/cat/coffee-side-tables-10705/,https://www.ikea.com/nl/en/p/baggboda-side-table-white-20556507/
Coffee & side tables,https://www.ikea.com/nl/en/cat/coffee-side-tables-10705/,https://www.ikea.com/nl/en/p/vittsjo-coffee-table-black-brown-glass-80213309/
Coffee & side tables,https://www.ikea.com/nl/en/cat/coffee-side-tables-10705/,https://www.ikea.com/nl/en/p/sonhult-nest-of-tables-set-of-2-grey-walnut-effect-30578556/
Coffee & side tables,https://www.ikea.com/nl/en/cat/coffee-side-tables-10705/,https://www.ikea.com/nl/en/p/frotorp-coffee-table-anthracite-marble-effect-black-glass-70497582/
Coffee & side tables,https://www.ikea.com/nl/en/cat/coffee-side-tables-10705/,https://www.ikea.com/nl/en/p/lack-side-table-white-30449908/
Coffee & side tables,https://www.ikea.com/nl/en/cat/coffee-side-tables-10705/,https://www.ikea.com/nl/en/p/jakobsfors-coffee-table-dark-brown-stained-oak-veneer-50515167/
Coffee & side tables,https://www.ikea.com/nl/en/cat/coffee-side-tables-10705/,https://www.ikea.com/nl/en/p/lack-coffee-table-black-brown-00104291/
Coffee & side tables,https://www.ikea.com/nl/en/cat/coffee-side-tables-10705/,https://www.ikea.com/nl/en/p/stockholm-coffee-table-walnut-veneer-70239710/
Coffee & side tables,https://www.ikea.com/nl/en/cat/coffee-side-tables-10705/,https://www.ikea.com/nl/en/p/gladom-tray-table-light-blue-10534002/
Coffee & side tables,https://www.ikea.com/nl/en/cat/coffee-side-tables-10705/,https://www.ikea.com/nl/en/p/holmerud-side-table-dark-brown-20538721/
Coffee & side tables,https://www.ikea.com/nl/en/cat/coffee-side-tables-10705/,https://www.ikea.com/nl/en/p/holmerud-coffee-table-dark-brown-00541418/
Coffee & side tables,https://www.ikea.com/nl/en/cat/coffee-side-tables-10705/,https://www.ikea.com/nl/en/p/ostavall-adjustable-coffee-table-black-40534152/
Coffee & side tables,https://www.ikea.com/nl/en/cat/coffee-side-tables-10705/,https://www.ikea.com/nl/en/p/listerby-coffee-table-dark-brown-beech-veneer-90562246/
Coffee & side tables,https://www.ikea.com/nl/en/cat/coffee-side-tables-10705/,https://www.ikea.com/nl/en/p/lack-side-table-white-30514791/
Coffee & side tables,https://www.ikea.com/nl/en/cat/coffee-side-tables-10705/,https://www.ikea.com/nl/en/p/tranered-coffee-table-dark-brown-10608998/
Coffee & side tables,https://www.ikea.com/nl/en/cat/coffee-side-tables-10705/,https://www.ikea.com/nl/en/p/borgeby-coffee-table-black-30500355/
Coffee & side tables,https://www.ikea.com/nl/en/cat/coffee-side-tables-10705/,https://www.ikea.com/nl/en/p/guttane-coffee-table-oak-10587712/
Coffee & side tables,https://www.ikea.com/nl/en/cat/coffee-side-tables-10705/,https://www.ikea.com/nl/en/p/hol-storage-table-acacia-50161321/
Coffee & side tables,https://www.ikea.com/nl/en/cat/coffee-side-tables-10705/,https://www.ikea.com/nl/en/p/vittsjo-laptop-stand-black-brown-glass-00250249/
Coffee & side tables,https://www.ikea.com/nl/en/cat/coffee-side-tables-10705/,https://www.ikea.com/nl/en/p/frotorp-coffee-table-side-table-set-of-2-anthracite-marble-effect-black-glass-s59621408/
Coffee & side tables,https://www.ikea.com/nl/en/cat/coffee-side-tables-10705/,https://www.ikea.com/nl/en/p/vittsjo-nest-of-tables-set-of-2-black-brown-glass-80215332/
Coffee & side tables,https://www.ikea.com/nl/en/cat/coffee-side-tables-10705/,https://www.ikea.com/nl/en/p/tanebro-side-table-in-outdoor-light-grey-beige-60554988/
Stools,https://www.ikea.com/nl/en/cat/stools-22659/,https://www.ikea.com/nl/en/p/marius-stool-black-10135659/
Stools,https://www.ikea.com/nl/en/cat/stools-22659/,https://www.ikea.com/nl/en/p/kyrre-stool-birch-60416925/
Stools,https://www.ikea.com/nl/en/cat/stools-22659/,https://www.ikea.com/nl/en/p/kyrre-stool-set-of-2-birch-s59399804/
Stools,https://www.ikea.com/nl/en/cat/stools-22659/,https://www.ikea.com/nl/en/p/bekvam-step-stool-black-40463852/
Stools,https://www.ikea.com/nl/en/cat/stools-22659/,https://www.ikea.com/nl/en/p/nammaro-stool-outdoor-foldable-light-brown-stained-70510300/
Stools,https://www.ikea.com/nl/en/cat/stools-22659/,https://www.ikea.com/nl/en/p/rudstorp-stool-black-60610102/
Stools,https://www.ikea.com/nl/en/cat/stools-22659/,https://www.ikea.com/nl/en/p/hagernas-stool-pine-80607014/
Stools,https://www.ikea.com/nl/en/cat/stools-22659/,https://www.ikea.com/nl/en/p/domsten-stool-lilac-pine-60554380/
Stools,https://www.ikea.com/nl/en/cat/stools-22659/,https://www.ikea.com/nl/en/p/gultarp-stool-anthracite-remmarn-anthracite-10601384/
Stools,https://www.ikea.com/nl/en/cat/stools-22659/,https://www.ikea.com/nl/en/p/perjohan-stool-with-storage-pine-80485338/
Stools,https://www.ikea.com/nl/en/cat/stools-22659/,https://www.ikea.com/nl/en/p/ibbarbo-stool-beige-50570173/
Stools,https://www.ikea.com/nl/en/cat/stools-22659/,https://www.ikea.com/nl/en/p/hauga-stool-white-40582044/
Stools,https://www.ikea.com/nl/en/cat/stools-22659/,https://www.ikea.com/nl/en/p/haddarp-step-stool-4-way-orange-20600708/
Stools,https://www.ikea.com/nl/en/cat/stools-22659/,https://www.ikea.com/nl/en/p/kullaberg-stool-pine-black-10363651/
Stools,https://www.ikea.com/nl/en/cat/stools-22659/,https://www.ikea.com/nl/en/p/holmsjo-stool-beech-jonsbyn-black-20554382/
Stools,https://www.ikea.com/nl/en/cat/stools-22659/,https://www.ikea.com/nl/en/p/mortfors-pouffe-diserod-grey-90533466/
Stools,https://www.ikea.com/nl/en/cat/stools-22659/,https://www.ikea.com/nl/en/p/stackholmen-stool-outdoor-light-brown-stained-20411425/
Stools,https://www.ikea.com/nl/en/cat/stools-22659/,https://www.ikea.com/nl/en/p/forlunda-pouffe-with-storage-vissle-beige-30552764/
Stools,https://www.ikea.com/nl/en/cat/stools-22659/,https://www.ikea.com/nl/en/p/vilto-step-stool-birch-60344453/
Stools,https://www.ikea.com/nl/en/cat/stools-22659/,https://www.ikea.com/nl/en/p/muskan-storage-stool-white-00360587/
Stools,https://www.ikea.com/nl/en/cat/stools-22659/,https://www.ikea.com/nl/en/p/haddarp-step-stool-4-way-black-grey-60581944/
Stools,https://www.ikea.com/nl/en/cat/stools-22659/,https://www.ikea.com/nl/en/p/juteboda-stool-natural-white-30543741/
Stools,https://www.ikea.com/nl/en/cat/stools-22659/,https://www.ikea.com/nl/en/p/gunde-folding-stool-black-40570404/
Stools,https://www.ikea.com/nl/en/cat/stools-22659/,https://www.ikea.com/nl/en/p/ikea-ps-2026-stool-height-adjustable-birch-clear-lacquered-bright-blue-20617916/
Step stools & step ladders,https://www.ikea.com/nl/en/cat/step-stools-step-ladders-20611/,https://www.ikea.com/nl/en/p/bekvam-step-stool-acacia-70569545/
Step stools & step ladders,https://www.ikea.com/nl/en/cat/step-stools-step-ladders-20611/,https://www.ikea.com/nl/en/p/bekvam-step-stool-black-90219829/
Step stools & step ladders,https://www.ikea.com/nl/en/cat/step-stools-step-ladders-20611/,https://www.ikea.com/nl/en/p/haddarp-step-stool-4-way-black-grey-60581944/
Step stools & step ladders,https://www.ikea.com/nl/en/cat/step-stools-step-ladders-20611/,https://www.ikea.com/nl/en/p/basingen-step-stool-with-handrail-2-steps-anthracite-00557367/
Step stools & step ladders,https://www.ikea.com/nl/en/cat/step-stools-step-ladders-20611/,https://www.ikea.com/nl/en/p/haddarp-step-stool-4-way-orange-20600708/
Step stools & step ladders,https://www.ikea.com/nl/en/cat/step-stools-step-ladders-20611/,https://www.ikea.com/nl/en/p/trogen-childrens-step-stool-yellow-80371520/
Step stools & step ladders,https://www.ikea.com/nl/en/cat/step-stools-step-ladders-20611/,https://www.ikea.com/nl/en/p/basingen-step-stool-with-handrail-anthracite-50595748/
Children's tables,https://www.ikea.com/nl/en/cat/childrens-tables-18768/,https://www.ikea.com/nl/en/p/latt-childrens-table-with-2-chairs-white-pine-50178411/
Children's tables,https://www.ikea.com/nl/en/cat/childrens-tables-18768/,https://www.ikea.com/nl/en/p/flisat-childrens-table-50298418/
Children's tables,https://www.ikea.com/nl/en/cat/childrens-tables-18768/,https://www.ikea.com/nl/en/p/mammut-childrens-table-in-outdoor-white-50365177/
Children's tables,https://www.ikea.com/nl/en/cat/childrens-tables-18768/,https://www.ikea.com/nl/en/p/kritter-childrens-table-white-40153859/
Children's tables,https://www.ikea.com/nl/en/cat/childrens-tables-18768/,https://www.ikea.com/nl/en/p/dundra-activity-table-with-storage-white-grey-30472499/
Children's tables,https://www.ikea.com/nl/en/cat/childrens-tables-18768/,https://www.ikea.com/nl/en/p/utter-childrens-table-in-outdoor-white-60357737/
Children's tables,https://www.ikea.com/nl/en/cat/childrens-tables-18768/,https://www.ikea.com/nl/en/p/grejsimojs-childrens-table-wood-orange-70598963/
Children's tables,https://www.ikea.com/nl/en/cat/childrens-tables-18768/,https://www.ikea.com/nl/en/p/sundvik-childrens-table-white-10201673/
Children's tables,https://www.ikea.com/nl/en/cat/childrens-tables-18768/,https://www.ikea.com/nl/en/p/reso-childrens-picnic-table-light-brown-stained-70228325/
Children's tables,https://www.ikea.com/nl/en/cat/childrens-tables-18768/,https://www.ikea.com/nl/en/p/slakt-storage-box-with-castors-white-80362974/
Children's chairs,https://www.ikea.com/nl/en/cat/childrens-chairs-bc004/,https://www.ikea.com/nl/en/p/flisat-childrens-stool-pine-30596536/
Children's chairs,https://www.ikea.com/nl/en/cat/childrens-chairs-bc004/,https://www.ikea.com/nl/en/p/mammut-childrens-chair-in-outdoor-lilac-90581990/
Children's chairs,https://www.ikea.com/nl/en/cat/childrens-chairs-bc004/,https://www.ikea.com/nl/en/p/grejsimojs-pouffe-with-storage-yellow-10603180/
Children's chairs,https://www.ikea.com/nl/en/cat/childrens-chairs-bc004/,https://www.ikea.com/nl/en/p/grejsimojs-childrens-stool-wood-orange-60598973/
Children's chairs,https://www.ikea.com/nl/en/cat/childrens-chairs-bc004/,https://www.ikea.com/nl/en/p/loberget-sibben-children-s-desk-chair-with-pad-white-dark-grey-s89501372/
Children's chairs,https://www.ikea.com/nl/en/cat/childrens-chairs-bc004/,https://www.ikea.com/nl/en/p/smastad-bench-with-toy-storage-white-white-s19389152/
Children's chairs,https://www.ikea.com/nl/en/cat/childrens-chairs-bc004/,https://www.ikea.com/nl/en/p/grejsimojs-cover-for-childrens-chair-faux-fur-pink-70602007/
Children's chairs,https://www.ikea.com/nl/en/cat/childrens-chairs-bc004/,https://www.ikea.com/nl/en/p/ingolf-junior-chair-antique-stain-60353838/
Children's chairs,https://www.ikea.com/nl/en/cat/childrens-chairs-bc004/,https://www.ikea.com/nl/en/p/sandlopare-stool-cover-black-white-zebra-pattern-80603209/
Children's chairs,https://www.ikea.com/nl/en/cat/childrens-chairs-bc004/,https://www.ikea.com/nl/en/p/strandmon-childrens-armchair-vissle-grey-70392542/
Children's chairs,https://www.ikea.com/nl/en/cat/childrens-chairs-bc004/,https://www.ikea.com/nl/en/p/ikea-ps-lomsk-swivel-armchair-white-red-10407136/
Children's chairs,https://www.ikea.com/nl/en/cat/childrens-chairs-bc004/,https://www.ikea.com/nl/en/p/forsiktig-childrens-stool-white-turquoise-10591318/
Children's chairs,https://www.ikea.com/nl/en/cat/childrens-chairs-bc004/,https://www.ikea.com/nl/en/p/sundvik-childrens-chair-white-60196358/
Children's chairs,https://www.ikea.com/nl/en/cat/childrens-chairs-bc004/,https://www.ikea.com/nl/en/p/kritter-childrens-chair-white-40153699/
Children's chairs,https://www.ikea.com/nl/en/cat/childrens-chairs-bc004/,https://www.ikea.com/nl/en/p/agam-junior-chair-black-70253541/
Children's chairs,https://www.ikea.com/nl/en/cat/childrens-chairs-bc004/,https://www.ikea.com/nl/en/p/bolmen-step-stool-black-70602093/
Children's chairs,https://www.ikea.com/nl/en/cat/childrens-chairs-bc004/,https://www.ikea.com/nl/en/p/mammut-childrens-stool-in-outdoor-yellow-20382324/
Children's chairs,https://www.ikea.com/nl/en/cat/childrens-chairs-bc004/,https://www.ikea.com/nl/en/p/loberget-sibben-childrens-desk-chair-white-s59337670/
Children's chairs,https://www.ikea.com/nl/en/cat/childrens-chairs-bc004/,https://www.ikea.com/nl/en/p/vimund-childrens-desk-chair-light-pink-10424353/
Children's chairs,https://www.ikea.com/nl/en/cat/childrens-chairs-bc004/,https://www.ikea.com/nl/en/p/poang-childrens-armchair-birch-veneer-knisa-light-beige-s49412561/
Children's chairs,https://www.ikea.com/nl/en/cat/childrens-chairs-bc004/,https://www.ikea.com/nl/en/p/flisat-childrens-bench-height-adjustable-green-90609178/
Children's chairs,https://www.ikea.com/nl/en/cat/childrens-chairs-bc004/,https://www.ikea.com/nl/en/p/urban-junior-chair-white-00165213/
Children's chairs,https://www.ikea.com/nl/en/cat/childrens-chairs-bc004/,https://www.ikea.com/nl/en/p/utter-childrens-stool-in-outdoor-white-50357785/
Children's chairs,https://www.ikea.com/nl/en/cat/childrens-chairs-bc004/,https://www.ikea.com/nl/en/p/vildgas-junior-chair-white-white-70589384/
Baby chairs & highchairs,https://www.ikea.com/nl/en/cat/baby-chairs-highchairs-45782/,https://www.ikea.com/nl/en/p/antilop-highchair-with-tray-white-white-s79597515/
Baby chairs & highchairs,https://www.ikea.com/nl/en/cat/baby-chairs-highchairs-45782/,https://www.ikea.com/nl/en/p/antilop-highchair-with-safety-belt-grey-blue-white-s09597887/
Baby chairs & highchairs,https://www.ikea.com/nl/en/cat/baby-chairs-highchairs-45782/,https://www.ikea.com/nl/en/p/antilop-supporting-cushion-and-cover-blue-white-striped-10598188/
Baby chairs & highchairs,https://www.ikea.com/nl/en/cat/baby-chairs-highchairs-45782/,https://www.ikea.com/nl/en/p/antilop-supporting-cushion-and-cover-dark-yellow-white-dotted-40573695/
Baby chairs & highchairs,https://www.ikea.com/nl/en/cat/baby-chairs-highchairs-45782/,https://www.ikea.com/nl/en/p/antilop-highchair-tray-white-40076093/
Baby chairs & highchairs,https://www.ikea.com/nl/en/cat/baby-chairs-highchairs-45782/,https://www.ikea.com/nl/en/p/sandkatt-highchair-with-tray-beige-anthracite-60616646/
Baby chairs & highchairs,https://www.ikea.com/nl/en/cat/baby-chairs-highchairs-45782/,https://www.ikea.com/nl/en/p/blames-highchair-with-tray-black-50165079/
Baby chairs & highchairs,https://www.ikea.com/nl/en/cat/baby-chairs-highchairs-45782/,https://www.ikea.com/nl/en/p/antilop-supporting-cushion-and-cover-multicolour-90577709/
Baby chairs & highchairs,https://www.ikea.com/nl/en/cat/baby-chairs-highchairs-45782/,https://www.ikea.com/nl/en/p/antilop-seat-shell-for-highchair-70279942/
Baby chairs & highchairs,https://www.ikea.com/nl/en/cat/baby-chairs-highchairs-45782/,https://www.ikea.com/nl/en/p/antilop-seat-shell-for-highchair-grey-blue-90600818/
Baby chairs & highchairs,https://www.ikea.com/nl/en/cat/baby-chairs-highchairs-45782/,https://www.ikea.com/nl/en/p/antilop-highchair-leg-white-80600814/
Dressing table chairs & stools,https://www.ikea.com/nl/en/cat/dressing-table-chairs-stools-59250/,https://www.ikea.com/nl/en/p/loberget-malskar-swivel-chair-pad-white-dark-grey-s99445451/
Dressing table chairs & stools,https://www.ikea.com/nl/en/cat/dressing-table-chairs-stools-59250/,https://www.ikea.com/nl/en/p/tossberg-malskar-swivel-chair-gunnared-beige-white-s79508232/
Dressing table chairs & stools,https://www.ikea.com/nl/en/cat/dressing-table-chairs-stools-59250/,https://www.ikea.com/nl/en/p/eldberget-malskar-swivel-chair-beige-white-s59444397/
Dressing table chairs & stools,https://www.ikea.com/nl/en/cat/dressing-table-chairs-stools-59250/,https://www.ikea.com/nl/en/p/orfjall-swivel-chair-white-vissle-light-grey-s49416012/
Dressing table chairs & stools,https://www.ikea.com/nl/en/cat/dressing-table-chairs-stools-59250/,https://www.ikea.com/nl/en/p/lidkullen-active-sit-stand-support-gunnared-beige-00418376/
Dressing table chairs & stools,https://www.ikea.com/nl/en/cat/dressing-table-chairs-stools-59250/,https://www.ikea.com/nl/en/p/krylbo-swivel-chair-tonerud-dark-beige-30573587/
Dressing table chairs & stools,https://www.ikea.com/nl/en/cat/dressing-table-chairs-stools-59250/,https://www.ikea.com/nl/en/p/skruvsta-swivel-chair-ysane-white-50402995/
Dressing table chairs & stools,https://www.ikea.com/nl/en/cat/dressing-table-chairs-stools-59250/,https://www.ikea.com/nl/en/p/bleckberget-swivel-chair-klovsta-white-orange-brown-30563871/
Dressing table chairs & stools,https://www.ikea.com/nl/en/cat/dressing-table-chairs-stools-59250/,https://www.ikea.com/nl/en/p/rosentorp-swivel-chair-white-kilanda-light-beige-20576553/
Dressing table chairs & stools,https://www.ikea.com/nl/en/cat/dressing-table-chairs-stools-59250/,https://www.ikea.com/nl/en/p/kullaberg-swivel-chair-pine-black-10320341/
Dressing table chairs & stools,https://www.ikea.com/nl/en/cat/dressing-table-chairs-stools-59250/,https://www.ikea.com/nl/en/p/odger-swivel-chair-white-beige-70308685/
Dressing table chairs & stools,https://www.ikea.com/nl/en/cat/dressing-table-chairs-stools-59250/,https://www.ikea.com/nl/en/p/bjorkberget-swivel-chair-idekulla-beige-20308678/
Dressing table chairs & stools,https://www.ikea.com/nl/en/cat/dressing-table-chairs-stools-59250/,https://www.ikea.com/nl/en/p/stigbygel-swivel-chair-with-armrests-beige-white-50556431/
Dressing table chairs & stools,https://www.ikea.com/nl/en/cat/dressing-table-chairs-stools-59250/,https://www.ikea.com/nl/en/p/janolof-swivel-armchair-gunnared-dark-grey-00481985/
Dressing table chairs & stools,https://www.ikea.com/nl/en/cat/dressing-table-chairs-stools-59250/,https://www.ikea.com/nl/en/p/tossberg-langfjall-conference-chair-gunnared-dark-grey-black-s19513123/
Dressing table chairs & stools,https://www.ikea.com/nl/en/cat/dressing-table-chairs-stools-59250/,https://www.ikea.com/nl/en/p/baltsar-swivel-chair-white-10511538/
Dressing table chairs & stools,https://www.ikea.com/nl/en/cat/dressing-table-chairs-stools-59250/,https://www.ikea.com/nl/en/p/fjallberget-conference-chair-with-castors-white-stained-oak-veneer-gunnared-beige-20485242/
Rugs,https://www.ikea.com/nl/en/cat/rugs-10653/,https://www.ikea.com/nl/en/p/arende-rug-high-pile-off-white-20576435/
Rugs,https://www.ikea.com/nl/en/cat/rugs-10653/,https://www.ikea.com/nl/en/p/tiphede-rug-flatwoven-natural-black-40456757/
Rugs,https://www.ikea.com/nl/en/cat/rugs-10653/,https://www.ikea.com/nl/en/p/lohals-rug-flatwoven-natural-30511288/
Rugs,https://www.ikea.com/nl/en/cat/rugs-10653/,https://www.ikea.com/nl/en/p/jarnvag-rug-low-pile-ornament-pattern-pink-beige-20595698/
Rugs,https://www.ikea.com/nl/en/cat/rugs-10653/,https://www.ikea.com/nl/en/p/morum-rug-flatwoven-in-outdoor-beige-20203563/
Rugs,https://www.ikea.com/nl/en/cat/rugs-10653/,https://www.ikea.com/nl/en/p/stoense-rug-low-pile-off-white-20426808/
Rugs,https://www.ikea.com/nl/en/cat/rugs-10653/,https://www.ikea.com/nl/en/p/onsevig-rug-low-pile-multicolour-10525026/
Rugs,https://www.ikea.com/nl/en/cat/rugs-10653/,https://www.ikea.com/nl/en/p/fullmakt-rug-flatwoven-in-outdoor-beige-melange-80573108/
Rugs,https://www.ikea.com/nl/en/cat/rugs-10653/,https://www.ikea.com/nl/en/p/strog-rug-flatwoven-natural-10527049/
Rugs,https://www.ikea.com/nl/en/cat/rugs-10653/,https://www.ikea.com/nl/en/p/vollerslev-rug-high-pile-white-20492563/
Rugs,https://www.ikea.com/nl/en/cat/rugs-10653/,https://www.ikea.com/nl/en/p/lohals-rug-flatwoven-natural-10504024/
Rugs,https://www.ikea.com/nl/en/cat/rugs-10653/,https://www.ikea.com/nl/en/p/grejsimojs-rug-high-pile-green-00602001/
Rugs,https://www.ikea.com/nl/en/cat/rugs-10653/,https://www.ikea.com/nl/en/p/overlund-rug-low-pile-multicolour-50497074/
Rugs,https://www.ikea.com/nl/en/cat/rugs-10653/,https://www.ikea.com/nl/en/p/morum-rug-flatwoven-in-outdoor-dark-grey-10203573/
Rugs,https://www.ikea.com/nl/en/cat/rugs-10653/,https://www.ikea.com/nl/en/p/arbetstag-door-mat-dog-90608070/
Rugs,https://www.ikea.com/nl/en/cat/rugs-10653/,https://www.ikea.com/nl/en/p/lindknud-rug-high-pile-beige-90415689/
Rugs,https://www.ikea.com/nl/en/cat/rugs-10653/,https://www.ikea.com/nl/en/p/starreklinte-rug-flatwoven-natural-black-20569133/
Rugs,https://www.ikea.com/nl/en/cat/rugs-10653/,https://www.ikea.com/nl/en/p/vollerslev-rug-high-pile-white-60492542/
Rugs,https://www.ikea.com/nl/en/cat/rugs-10653/,https://www.ikea.com/nl/en/p/lohals-door-mat-indoor-natural-00556075/
Rugs,https://www.ikea.com/nl/en/cat/rugs-10653/,https://www.ikea.com/nl/en/p/markblamme-rug-low-pile-multicolour-check-pattern-90625705/
Rugs,https://www.ikea.com/nl/en/cat/rugs-10653/,https://www.ikea.com/nl/en/p/friktion-door-mat-grey-00582852/
Rugs,https://www.ikea.com/nl/en/cat/rugs-10653/,https://www.ikea.com/nl/en/p/jarnvag-rug-low-pile-ornament-pattern-pink-beige-80623066/
Rugs,https://www.ikea.com/nl/en/cat/rugs-10653/,https://www.ikea.com/nl/en/p/raklev-rug-flatwoven-handwoven-natural-multicolour-80610889/
Rugs,https://www.ikea.com/nl/en/cat/rugs-10653/,https://www.ikea.com/nl/en/p/elsystem-rug-low-pile-multicolour-30580922/
Children's textiles,https://www.ikea.com/nl/en/cat/childrens-textiles-18730/,https://www.ikea.com/nl/en/p/barndrom-duvet-cover-and-pillowcase-heart-pattern-white-pink-40623600/
Children's textiles,https://www.ikea.com/nl/en/cat/childrens-textiles-18730/,https://www.ikea.com/nl/en/p/mojlighet-bed-pocket-beige-60600971/
Children's textiles,https://www.ikea.com/nl/en/cat/childrens-textiles-18730/,https://www.ikea.com/nl/en/p/barndrom-rug-pink-80548208/
Children's textiles,https://www.ikea.com/nl/en/cat/childrens-textiles-18730/,https://www.ikea.com/nl/en/p/sandlopare-duvet-cover-and-pillowcase-yellow-savannah-50603239/
Children's textiles,https://www.ikea.com/nl/en/cat/childrens-textiles-18730/,https://www.ikea.com/nl/en/p/smasporre-duvet-warm-90457976/
Children's textiles,https://www.ikea.com/nl/en/cat/childrens-textiles-18730/,https://www.ikea.com/nl/en/p/sandlopare-duvet-cover-and-pillowcase-white-dark-blue-savannah-10603199/
Children's textiles,https://www.ikea.com/nl/en/cat/childrens-textiles-18730/,https://www.ikea.com/nl/en/p/barndrom-duvet-cover-and-pillowcase-pink-red-stripe-pattern-20622668/
Children's textiles,https://www.ikea.com/nl/en/cat/childrens-textiles-18730/,https://www.ikea.com/nl/en/p/barndrom-fitted-sheet-pink-unicorn-pattern-50622723/
Children's textiles,https://www.ikea.com/nl/en/cat/childrens-textiles-18730/,https://www.ikea.com/nl/en/p/barndrom-duvet-cover-and-pillowcase-heart-pattern-white-pink-10504364/
Children's textiles,https://www.ikea.com/nl/en/cat/childrens-textiles-18730/,https://www.ikea.com/nl/en/p/barndrom-duvet-cover-and-pillowcase-white-multicolour-unicorn-pattern-80622707/
Children's textiles,https://www.ikea.com/nl/en/cat/childrens-textiles-18730/,https://www.ikea.com/nl/en/p/jattelik-duvet-cover-and-pillowcase-dinosaurs-white-00464113/
Children's textiles,https://www.ikea.com/nl/en/cat/childrens-textiles-18730/,https://www.ikea.com/nl/en/p/sandlopare-towel-with-hood-light-brown-cheetah-pattern-70603257/
Children's textiles,https://www.ikea.com/nl/en/cat/childrens-textiles-18730/,https://www.ikea.com/nl/en/p/barndrom-duvet-cover-and-pillowcase-white-yellow-dot-pattern-70623533/
Children's textiles,https://www.ikea.com/nl/en/cat/childrens-textiles-18730/,https://www.ikea.com/nl/en/p/skogsduva-duvet-cover-and-pillowcase-white-green-forest-pattern-30576802/
Children's textiles,https://www.ikea.com/nl/en/cat/childrens-textiles-18730/,https://www.ikea.com/nl/en/p/kura-bed-curtain-multicolour-animals-on-the-savannah-90603218/
Children's textiles,https://www.ikea.com/nl/en/cat/childrens-textiles-18730/,https://www.ikea.com/nl/en/p/aftonsparv-duvet-cover-and-pillowcase-space-multicolour-50554045/
Children's textiles,https://www.ikea.com/nl/en/cat/childrens-textiles-18730/,https://www.ikea.com/nl/en/p/skogsduva-cushion-cylinder-shaped-brown-10578289/
Children's textiles,https://www.ikea.com/nl/en/cat/childrens-textiles-18730/,https://www.ikea.com/nl/en/p/sandlopare-fitted-sheet-light-brown-cheetah-pattern-60594630/
Children's textiles,https://www.ikea.com/nl/en/cat/childrens-textiles-18730/,https://www.ikea.com/nl/en/p/barndrom-duvet-cover-and-pillowcase-blue-vehicles-pattern-90622698/
Children's textiles,https://www.ikea.com/nl/en/cat/childrens-textiles-18730/,https://www.ikea.com/nl/en/p/barndrom-fitted-sheet-for-extendable-bed-pink-80622854/
Children's textiles,https://www.ikea.com/nl/en/cat/childrens-textiles-18730/,https://www.ikea.com/nl/en/p/grejsimojs-blanket-patterned-multicolour-60602003/
Children's textiles,https://www.ikea.com/nl/en/cat/childrens-textiles-18730/,https://www.ikea.com/nl/en/p/natthager-duvet-cover-and-pillowcase-multicolour-jungle-60595291/
Children's textiles,https://www.ikea.com/nl/en/cat/childrens-textiles-18730/,https://www.ikea.com/nl/en/p/barndrom-duvet-cover-and-pillowcase-car-pattern-blue-30504377/
Children's textiles,https://www.ikea.com/nl/en/cat/childrens-textiles-18730/,https://www.ikea.com/nl/en/p/stickat-bed-pocket-blue-10622961/
Cushions & cushion covers,https://www.ikea.com/nl/en/cat/cushions-cushion-covers-10659/,https://www.ikea.com/nl/en/p/inner-cushion-pad-white-firm-in-outdoor-50550702/
Cushions & cushion covers,https://www.ikea.com/nl/en/cat/cushions-cushion-covers-10659/,https://www.ikea.com/nl/en/p/dytag-cushion-cover-grey-green-70554129/
Cushions & cushion covers,https://www.ikea.com/nl/en/cat/cushions-cushion-covers-10659/,https://www.ikea.com/nl/en/p/inner-cushion-pad-white-soft-60262193/
Cushions & cushion covers,https://www.ikea.com/nl/en/cat/cushions-cushion-covers-10659/,https://www.ikea.com/nl/en/p/asveig-cushion-cover-light-pink-20619784/
Cushions & cushion covers,https://www.ikea.com/nl/en/cat/cushions-cushion-covers-10659/,https://www.ikea.com/nl/en/p/ekguldmal-cushion-cover-geometric-natural-60565411/
Cushions & cushion covers,https://www.ikea.com/nl/en/cat/cushions-cushion-covers-10659/,https://www.ikea.com/nl/en/p/gurli-cushion-cover-unbleached-80598731/
Cushions & cushion covers,https://www.ikea.com/nl/en/cat/cushions-cushion-covers-10659/,https://www.ikea.com/nl/en/p/asveig-cushion-cover-light-beige-00572419/
Cushions & cushion covers,https://www.ikea.com/nl/en/cat/cushions-cushion-covers-10659/,https://www.ikea.com/nl/en/p/svartpoppel-cushion-cover-off-white-60543004/
Cushions & cushion covers,https://www.ikea.com/nl/en/cat/cushions-cushion-covers-10659/,https://www.ikea.com/nl/en/p/sanela-cushion-cover-dark-blue-30625888/
Cushions & cushion covers,https://www.ikea.com/nl/en/cat/cushions-cushion-covers-10659/,https://www.ikea.com/nl/en/p/lagerpoppel-cushion-cover-light-brown-90561807/
Cushions & cushion covers,https://www.ikea.com/nl/en/cat/cushions-cushion-covers-10659/,https://www.ikea.com/nl/en/p/fjadrar-cushion-pad-off-white-80262187/
Cushions & cushion covers,https://www.ikea.com/nl/en/cat/cushions-cushion-covers-10659/,https://www.ikea.com/nl/en/p/kransborre-cushion-light-pink-70486654/
Cushions & cushion covers,https://www.ikea.com/nl/en/cat/cushions-cushion-covers-10659/,https://www.ikea.com/nl/en/p/drabor-cushion-cover-black-light-beige-60604629/
Cushions & cushion covers,https://www.ikea.com/nl/en/cat/cushions-cushion-covers-10659/,https://www.ikea.com/nl/en/p/gurli-cushion-cover-unbleached-70598779/
Cushions & cushion covers,https://www.ikea.com/nl/en/cat/cushions-cushion-covers-10659/,https://www.ikea.com/nl/en/p/vallkrassing-cushion-cover-off-white-70570959/
Cushions & cushion covers,https://www.ikea.com/nl/en/cat/cushions-cushion-covers-10659/,https://www.ikea.com/nl/en/p/asjordfly-cushion-cover-off-white-40590770/
Cushions & cushion covers,https://www.ikea.com/nl/en/cat/cushions-cushion-covers-10659/,https://www.ikea.com/nl/en/p/barndrom-cushion-white-cloud-shaped-80629209/
Cushions & cushion covers,https://www.ikea.com/nl/en/cat/cushions-cushion-covers-10659/,https://www.ikea.com/nl/en/p/jordkastanj-cushion-grey-80587921/
Cushions & cushion covers,https://www.ikea.com/nl/en/cat/cushions-cushion-covers-10659/,https://www.ikea.com/nl/en/p/facelior-cushion-cover-white-embroidery-dark-orange-50611507/
Cushions & cushion covers,https://www.ikea.com/nl/en/cat/cushions-cushion-covers-10659/,https://www.ikea.com/nl/en/p/profetblomma-cushion-light-beige-10614193/
Cushions & cushion covers,https://www.ikea.com/nl/en/cat/cushions-cushion-covers-10659/,https://www.ikea.com/nl/en/p/morotsmott-cushion-cover-white-light-pink-50571097/
Cushions & cushion covers,https://www.ikea.com/nl/en/cat/cushions-cushion-covers-10659/,https://www.ikea.com/nl/en/p/svartho-cushion-cover-orange-multicolour-20588136/
Cushions & cushion covers,https://www.ikea.com/nl/en/cat/cushions-cushion-covers-10659/,https://www.ikea.com/nl/en/p/grejsimojs-blanket-patterned-multicolour-60602003/
Cushions & cushion covers,https://www.ikea.com/nl/en/cat/cushions-cushion-covers-10659/,https://www.ikea.com/nl/en/p/trattkaktus-cushion-cover-multicolour-90617932/
Blankets & throws,https://www.ikea.com/nl/en/cat/blankets-throws-20528/,https://www.ikea.com/nl/en/p/thorgun-throw-off-white-80512799/
Blankets & throws,https://www.ikea.com/nl/en/cat/blankets-throws-20528/,https://www.ikea.com/nl/en/p/vallkrassing-throw-off-white-20570928/
Blankets & throws,https://www.ikea.com/nl/en/cat/blankets-throws-20528/,https://www.ikea.com/nl/en/p/humlemott-throw-off-white-00549546/
Blankets & throws,https://www.ikea.com/nl/en/cat/blankets-throws-20528/,https://www.ikea.com/nl/en/p/margosatrad-throw-multicolour-20626572/
Blankets & throws,https://www.ikea.com/nl/en/cat/blankets-throws-20528/,https://www.ikea.com/nl/en/p/lapptag-throw-off-white-10572206/
Blankets & throws,https://www.ikea.com/nl/en/cat/blankets-throws-20528/,https://www.ikea.com/nl/en/p/sandbrodd-throw-anthracite-00562038/
Blankets & throws,https://www.ikea.com/nl/en/cat/blankets-throws-20528/,https://www.ikea.com/nl/en/p/vitmossa-throw-grey-90304889/
Blankets & throws,https://www.ikea.com/nl/en/cat/blankets-throws-20528/,https://www.ikea.com/nl/en/p/klippoxel-throw-orange-bright-pink-00591795/
Blankets & throws,https://www.ikea.com/nl/en/cat/blankets-throws-20528/,https://www.ikea.com/nl/en/p/hornmal-throw-off-white-20529095/
Blankets & throws,https://www.ikea.com/nl/en/cat/blankets-throws-20528/,https://www.ikea.com/nl/en/p/slangramal-throw-light-grey-50583463/
Blankets & throws,https://www.ikea.com/nl/en/cat/blankets-throws-20528/,https://www.ikea.com/nl/en/p/daggkapor-throw-dark-grey-70598642/
Blankets & throws,https://www.ikea.com/nl/en/cat/blankets-throws-20528/,https://www.ikea.com/nl/en/p/gunnemor-throw-off-white-grey-beige-10515466/
Blankets & throws,https://www.ikea.com/nl/en/cat/blankets-throws-20528/,https://www.ikea.com/nl/en/p/stockholm-2025-throw-green-50592194/
Blankets & throws,https://www.ikea.com/nl/en/cat/blankets-throws-20528/,https://www.ikea.com/nl/en/p/moalie-throw-grey-50354107/
Blankets & throws,https://www.ikea.com/nl/en/cat/blankets-throws-20528/,https://www.ikea.com/nl/en/p/lappkattfot-throw-bright-orange-pink-40598653/
Blankets & throws,https://www.ikea.com/nl/en/cat/blankets-throws-20528/,https://www.ikea.com/nl/en/p/mavinn-throw-pink-orange-stripe-00600974/
Blankets & throws,https://www.ikea.com/nl/en/cat/blankets-throws-20528/,https://www.ikea.com/nl/en/p/natnava-throw-beige-90617593/
Blankets & throws,https://www.ikea.com/nl/en/cat/blankets-throws-20528/,https://www.ikea.com/nl/en/p/sorbyskogen-throw-off-white-60623208/
Blankets & throws,https://www.ikea.com/nl/en/cat/blankets-throws-20528/,https://www.ikea.com/nl/en/p/holmvi-throw-beige-yellow-50604682/
Blankets & throws,https://www.ikea.com/nl/en/cat/blankets-throws-20528/,https://www.ikea.com/nl/en/p/asjordfly-throw-off-white-00590767/
Blankets & throws,https://www.ikea.com/nl/en/cat/blankets-throws-20528/,https://www.ikea.com/nl/en/p/dytag-throw-grey-green-50554149/
Blankets & throws,https://www.ikea.com/nl/en/cat/blankets-throws-20528/,https://www.ikea.com/nl/en/p/ulltistel-throw-red-brown-white-30502255/
Blankets & throws,https://www.ikea.com/nl/en/cat/blankets-throws-20528/,https://www.ikea.com/nl/en/p/mossmott-throw-black-white-80582117/
Blankets & throws,https://www.ikea.com/nl/en/cat/blankets-throws-20528/,https://www.ikea.com/nl/en/p/soluppgang-picnic-blanket-brown-30619849/
Bath textiles,https://www.ikea.com/nl/en/cat/bath-textiles-tl003/,https://www.ikea.com/nl/en/p/vagsjon-bath-sheet-light-beige-80607368/
Bath textiles,https://www.ikea.com/nl/en/cat/bath-textiles-tl003/,https://www.ikea.com/nl/en/p/toftbo-bath-mat-beige-60610263/
Bath textiles,https://www.ikea.com/nl/en/cat/bath-textiles-tl003/,https://www.ikea.com/nl/en/p/vallasan-guest-towel-light-grey-brown-80502130/
Bath textiles,https://www.ikea.com/nl/en/cat/bath-textiles-tl003/,https://www.ikea.com/nl/en/p/vagsjon-bath-towel-light-beige-10607319/
Bath textiles,https://www.ikea.com/nl/en/cat/bath-textiles-tl003/,https://www.ikea.com/nl/en/p/gulvial-hand-towel-beige-40624497/
Bath textiles,https://www.ikea.com/nl/en/cat/bath-textiles-tl003/,https://www.ikea.com/nl/en/p/brokglim-bath-towel-beige-80612096/
Bath textiles,https://www.ikea.com/nl/en/cat/bath-textiles-tl003/,https://www.ikea.com/nl/en/p/slanhostmal-bath-towel-bright-blue-light-blue-striped-60576037/
Bath textiles,https://www.ikea.com/nl/en/cat/bath-textiles-tl003/,https://www.ikea.com/nl/en/p/gulvial-bath-sheet-turquoise-60624528/
Bath textiles,https://www.ikea.com/nl/en/cat/bath-textiles-tl003/,https://www.ikea.com/nl/en/p/gulvial-guest-towel-black-20624484/
Bath textiles,https://www.ikea.com/nl/en/cat/bath-textiles-tl003/,https://www.ikea.com/nl/en/p/gulvial-bath-towel-dark-grey-blue-90624517/
Bath textiles,https://www.ikea.com/nl/en/cat/bath-textiles-tl003/,https://www.ikea.com/nl/en/p/stjarnbuske-hair-towel-wrap-natural-50540181/
Bath textiles,https://www.ikea.com/nl/en/cat/bath-textiles-tl003/,https://www.ikea.com/nl/en/p/luddvial-bath-towel-white-10579868/
Bath textiles,https://www.ikea.com/nl/en/cat/bath-textiles-tl003/,https://www.ikea.com/nl/en/p/bjalven-bath-robe-beige-20512976/
Bath textiles,https://www.ikea.com/nl/en/cat/bath-textiles-tl003/,https://www.ikea.com/nl/en/p/alstern-bath-mat-dark-grey-60447347/
Bath textiles,https://www.ikea.com/nl/en/cat/bath-textiles-tl003/,https://www.ikea.com/nl/en/p/slanhostmal-bath-sheet-black-light-beige-striped-30576029/
Bath textiles,https://www.ikea.com/nl/en/cat/bath-textiles-tl003/,https://www.ikea.com/nl/en/p/brokglim-bath-sheet-grey-20612018/
Bath textiles,https://www.ikea.com/nl/en/cat/bath-textiles-tl003/,https://www.ikea.com/nl/en/p/luddvial-washcloth-white-30579872/
Bath textiles,https://www.ikea.com/nl/en/cat/bath-textiles-tl003/,https://www.ikea.com/nl/en/p/vagsjon-hand-towel-light-beige-30607375/
Bath textiles,https://www.ikea.com/nl/en/cat/bath-textiles-tl003/,https://www.ikea.com/nl/en/p/vagsjon-guest-towel-light-beige-60607369/
Bath textiles,https://www.ikea.com/nl/en/cat/bath-textiles-tl003/,https://www.ikea.com/nl/en/p/vikarn-shower-curtain-rod-white-50306017/
Bath textiles,https://www.ikea.com/nl/en/cat/bath-textiles-tl003/,https://www.ikea.com/nl/en/p/fjallkattfot-bath-mat-beige-10580027/
Bath textiles,https://www.ikea.com/nl/en/cat/bath-textiles-tl003/,https://www.ikea.com/nl/en/p/almtjarn-bath-mat-dark-grey-00630301/
Bath textiles,https://www.ikea.com/nl/en/cat/bath-textiles-tl003/,https://www.ikea.com/nl/en/p/luddvial-hand-towel-white-70579870/
Bath textiles,https://www.ikea.com/nl/en/cat/bath-textiles-tl003/,https://www.ikea.com/nl/en/p/krama-washcloth-white-40054538/
Fabrics & sewing,https://www.ikea.com/nl/en/cat/fabrics-sewing-10655/,https://www.ikea.com/nl/en/p/sy-iron-on-hemming-strip-50078746/
Fabrics & sewing,https://www.ikea.com/nl/en/cat/fabrics-sewing-10655/,https://www.ikea.com/nl/en/p/kronill-pleating-tape-white-80296955/
Fabrics & sewing,https://www.ikea.com/nl/en/cat/fabrics-sewing-10655/,https://www.ikea.com/nl/en/p/trixig-39-piece-mending-kit-30578250/
Fabrics & sewing,https://www.ikea.com/nl/en/cat/fabrics-sewing-10655/,https://www.ikea.com/nl/en/p/ikea-ps-2026-pre-cut-fabric-white-multicolour-large-pattern-90617507/
Baby textiles,https://www.ikea.com/nl/en/cat/baby-textiles-18690/,https://www.ikea.com/nl/en/p/lenast-mattress-protector-white-70373100/
Baby textiles,https://www.ikea.com/nl/en/cat/baby-textiles-18690/,https://www.ikea.com/nl/en/p/guldvavare-blanket-blue-white-dotted-20530292/
Baby textiles,https://www.ikea.com/nl/en/cat/baby-textiles-18690/,https://www.ikea.com/nl/en/p/alskvard-fitted-sheet-for-bassinet-clouds-dots-off-white-30526402/
Baby textiles,https://www.ikea.com/nl/en/cat/baby-textiles-18690/,https://www.ikea.com/nl/en/p/len-fitted-sheet-for-cot-white-50113938/
Baby textiles,https://www.ikea.com/nl/en/cat/baby-textiles-18690/,https://www.ikea.com/nl/en/p/krama-washcloth-white-40054538/
Baby textiles,https://www.ikea.com/nl/en/cat/baby-textiles-18690/,https://www.ikea.com/nl/en/p/lenast-fitted-sheet-for-cot-dotted-moon-50457600/
Baby textiles,https://www.ikea.com/nl/en/cat/baby-textiles-18690/,https://www.ikea.com/nl/en/p/guldvavare-fitted-sheet-for-cot-dark-yellow-blue-10573649/
Baby textiles,https://www.ikea.com/nl/en/cat/baby-textiles-18690/,https://www.ikea.com/nl/en/p/gronfink-baby-towel-with-hood-yellow-70572369/
Baby textiles,https://www.ikea.com/nl/en/cat/baby-textiles-18690/,https://www.ikea.com/nl/en/p/guldvavare-washing-mitt-00573616/
Baby textiles,https://www.ikea.com/nl/en/cat/baby-textiles-18690/,https://www.ikea.com/nl/en/p/guldvavare-duvet-cover-1-pillowcase-for-cot-white-floral-pattern-90573631/
Baby textiles,https://www.ikea.com/nl/en/cat/baby-textiles-18690/,https://www.ikea.com/nl/en/p/trolldom-quilted-blanket-forest-animal-pattern-green-30515125/
Baby textiles,https://www.ikea.com/nl/en/cat/baby-textiles-18690/,https://www.ikea.com/nl/en/p/guldvavare-sleep-bag-dark-yellow-beige-30588555/
Baby textiles,https://www.ikea.com/nl/en/cat/baby-textiles-18690/,https://www.ikea.com/nl/en/p/rodhake-duvet-cover-1-pillowcase-for-cot-rabbit-pattern-white-beige-30440173/
Baby textiles,https://www.ikea.com/nl/en/cat/baby-textiles-18690/,https://www.ikea.com/nl/en/p/guldvavare-sleep-bag-beige-dark-yellow-90588543/
Baby textiles,https://www.ikea.com/nl/en/cat/baby-textiles-18690/,https://www.ikea.com/nl/en/p/guldvavare-3-piece-bedlinen-set-for-cot-dark-yellow-beige-30530282/
Baby textiles,https://www.ikea.com/nl/en/cat/baby-textiles-18690/,https://www.ikea.com/nl/en/p/len-blanket-60496432/
Baby textiles,https://www.ikea.com/nl/en/cat/baby-textiles-18690/,https://www.ikea.com/nl/en/p/len-pillow-for-cot-white-00262855/
Baby textiles,https://www.ikea.com/nl/en/cat/baby-textiles-18690/,https://www.ikea.com/nl/en/p/gronfink-duvet-cover-1-pillowcase-for-cot-multicolour-00572377/
Baby textiles,https://www.ikea.com/nl/en/cat/baby-textiles-18690/,https://www.ikea.com/nl/en/p/guldvavare-3-piece-bedlinen-set-for-cot-pale-pink-beige-30588584/
Baby textiles,https://www.ikea.com/nl/en/cat/baby-textiles-18690/,https://www.ikea.com/nl/en/p/gronfink-duvet-cover-1-pillowcase-for-cot-multicolour-striped-60572379/
Baby textiles,https://www.ikea.com/nl/en/cat/baby-textiles-18690/,https://www.ikea.com/nl/en/p/len-duvet-for-cot-white-80262856/
Baby textiles,https://www.ikea.com/nl/en/cat/baby-textiles-18690/,https://www.ikea.com/nl/en/p/gronfink-fitted-sheet-for-cot-white-tree-pattern-20572381/
Baby textiles,https://www.ikea.com/nl/en/cat/baby-textiles-18690/,https://www.ikea.com/nl/en/p/lenast-duvet-cover-1-pillowcase-for-cot-white-30492303/
Baby textiles,https://www.ikea.com/nl/en/cat/baby-textiles-18690/,https://www.ikea.com/nl/en/p/len-curtains-with-tie-backs-1-pair-dotted-white-70457637/
Chair pads,https://www.ikea.com/nl/en/cat/chair-pads-20542/,https://www.ikea.com/nl/en/p/malinda-chair-cushion-light-beige-10209202/
Chair pads,https://www.ikea.com/nl/en/cat/chair-pads-20542/,https://www.ikea.com/nl/en/p/alvgrasmal-chair-pad-beige-90538218/
Chair pads,https://www.ikea.com/nl/en/cat/chair-pads-20542/,https://www.ikea.com/nl/en/p/justina-chair-pad-black-50545414/
Chair pads,https://www.ikea.com/nl/en/cat/chair-pads-20542/,https://www.ikea.com/nl/en/p/angsfraken-chair-pad-dark-beige-in-outdoor-80624749/
Chair pads,https://www.ikea.com/nl/en/cat/chair-pads-20542/,https://www.ikea.com/nl/en/p/madonnalilja-chair-pad-beige-70559725/
Chair pads,https://www.ikea.com/nl/en/cat/chair-pads-20542/,https://www.ikea.com/nl/en/p/vippart-chair-pad-beige-10599282/
Chair pads,https://www.ikea.com/nl/en/cat/chair-pads-20542/,https://www.ikea.com/nl/en/p/gryttom-cushion-gransel-natural-80568343/
Chair pads,https://www.ikea.com/nl/en/cat/chair-pads-20542/,https://www.ikea.com/nl/en/p/akervindefly-chair-cushion-beige-20560203/
Chair pads,https://www.ikea.com/nl/en/cat/chair-pads-20542/,https://www.ikea.com/nl/en/p/bramon-chair-pad-grey-beige-in-outdoor-30483209/
Chair pads,https://www.ikea.com/nl/en/cat/chair-pads-20542/,https://www.ikea.com/nl/en/p/vattenmott-chair-cushion-beige-50573015/
Chair pads,https://www.ikea.com/nl/en/cat/chair-pads-20542/,https://www.ikea.com/nl/en/p/justina-chair-pad-natural-s49503212/
Chair pads,https://www.ikea.com/nl/en/cat/chair-pads-20542/,https://www.ikea.com/nl/en/p/malortsmott-chair-pad-white-20563560/
Chair pads,https://www.ikea.com/nl/en/cat/chair-pads-20542/,https://www.ikea.com/nl/en/p/staggstarr-chair-pad-black-80508735/
Chair pads,https://www.ikea.com/nl/en/cat/chair-pads-20542/,https://www.ikea.com/nl/en/p/djupvik-cushion-blekinge-white-30204798/
Chair pads,https://www.ikea.com/nl/en/cat/chair-pads-20542/,https://www.ikea.com/nl/en/p/justina-chair-pad-natural-s99503238/
Chair pads,https://www.ikea.com/nl/en/cat/chair-pads-20542/,https://www.ikea.com/nl/en/p/parleternell-chair-pad-grann-black-00552096/
Chair pads,https://www.ikea.com/nl/en/cat/chair-pads-20542/,https://www.ikea.com/nl/en/p/pynten-seat-pad-dark-grey-30473205/
Chair pads,https://www.ikea.com/nl/en/cat/chair-pads-20542/,https://www.ikea.com/nl/en/p/fryksas-cushion-risane-natural-40574176/
Chair pads,https://www.ikea.com/nl/en/cat/chair-pads-20542/,https://www.ikea.com/nl/en/p/justina-chair-pad-natural-s69503225/
Clothing & accessories,https://www.ikea.com/nl/en/cat/clothing-accessories-42925/,https://www.ikea.com/nl/en/p/bjalven-bath-robe-beige-20512976/
Clothing & accessories,https://www.ikea.com/nl/en/cat/clothing-accessories-42925/,https://www.ikea.com/nl/en/p/tasjon-slippers-grey-00391937/
Clothing & accessories,https://www.ikea.com/nl/en/cat/clothing-accessories-42925/,https://www.ikea.com/nl/en/p/skovelsjon-slippers-beige-80512983/
Clothing & accessories,https://www.ikea.com/nl/en/cat/clothing-accessories-42925/,https://www.ikea.com/nl/en/p/tasjon-slippers-grey-10392026/
Clothing & accessories,https://www.ikea.com/nl/en/cat/clothing-accessories-42925/,https://www.ikea.com/nl/en/p/skovelsjon-slippers-beige-70512988/
Clothing & accessories,https://www.ikea.com/nl/en/cat/clothing-accessories-42925/,https://www.ikea.com/nl/en/p/bjalven-bath-robe-beige-60512979/
Clothing & accessories,https://www.ikea.com/nl/en/cat/clothing-accessories-42925/,https://www.ikea.com/nl/en/p/skogssallat-slippers-red-white-striped-20611392/
Clothing & accessories,https://www.ikea.com/nl/en/cat/clothing-accessories-42925/,https://www.ikea.com/nl/en/p/soluppgang-hat-off-white-80619776/
Clothing & accessories,https://www.ikea.com/nl/en/cat/clothing-accessories-42925/,https://www.ikea.com/nl/en/p/skogssallat-bath-robe-red-pink-striped-10611397/
Clothing & accessories,https://www.ikea.com/nl/en/cat/clothing-accessories-42925/,https://www.ikea.com/nl/en/p/rockan-bath-robe-grey-50392029/
Clothing & accessories,https://www.ikea.com/nl/en/cat/clothing-accessories-42925/,https://www.ikea.com/nl/en/p/skogssallat-bath-robe-red-pink-striped-50611395/
Clothing & accessories,https://www.ikea.com/nl/en/cat/clothing-accessories-42925/,https://www.ikea.com/nl/en/p/skogssallat-slippers-red-white-striped-40611391/
Clothing & accessories,https://www.ikea.com/nl/en/cat/clothing-accessories-42925/,https://www.ikea.com/nl/en/p/rockan-bath-robe-white-00391918/
Outdoor cushions,https://www.ikea.com/nl/en/cat/outdoor-cushions-17893/,https://www.ikea.com/nl/en/p/froson-duvholmen-seat-cushion-outdoor-beige-s39578439/
Outdoor cushions,https://www.ikea.com/nl/en/cat/outdoor-cushions-17893/,https://www.ikea.com/nl/en/p/froson-duvholmen-back-cushion-outdoor-beige-s79253103/
Outdoor cushions,https://www.ikea.com/nl/en/cat/outdoor-cushions-17893/,https://www.ikea.com/nl/en/p/kuddarna-chair-cushion-outdoor-light-grey-beige-00547236/
Outdoor cushions,https://www.ikea.com/nl/en/cat/outdoor-cushions-17893/,https://www.ikea.com/nl/en/p/froson-duvholmen-seat-back-cushion-outdoor-beige-s59253123/
Outdoor cushions,https://www.ikea.com/nl/en/cat/outdoor-cushions-17893/,https://www.ikea.com/nl/en/p/froson-duvholmen-seat-cushion-outdoor-beige-s19444158/
Outdoor cushions,https://www.ikea.com/nl/en/cat/outdoor-cushions-17893/,https://www.ikea.com/nl/en/p/kuddarna-bench-cushion-outdoor-light-grey-beige-70584174/
Outdoor cushions,https://www.ikea.com/nl/en/cat/outdoor-cushions-17893/,https://www.ikea.com/nl/en/p/froson-duvholmen-back-cushion-for-corner-unit-beige-s09580014/
Outdoor cushions,https://www.ikea.com/nl/en/cat/outdoor-cushions-17893/,https://www.ikea.com/nl/en/p/kuddarna-chair-cushion-outdoor-light-grey-beige-00547222/
Outdoor cushions,https://www.ikea.com/nl/en/cat/outdoor-cushions-17893/,https://www.ikea.com/nl/en/p/kuddarna-chair-cushion-outdoor-light-grey-beige-40584175/
Outdoor cushions,https://www.ikea.com/nl/en/cat/outdoor-cushions-17893/,https://www.ikea.com/nl/en/p/tofto-cushion-cover-dark-grey-green-outdoor-indoor-00581310/
Outdoor cushions,https://www.ikea.com/nl/en/cat/outdoor-cushions-17893/,https://www.ikea.com/nl/en/p/gullbergso-hjartero-cushion-set-of-2-bright-yellow-white-bright-pink-bright-orange-out-indoor-s49615605/
Outdoor cushions,https://www.ikea.com/nl/en/cat/outdoor-cushions-17893/,https://www.ikea.com/nl/en/p/duvholmen-inner-cushion-for-sun-lounger-pad-50512277/
Outdoor cushions,https://www.ikea.com/nl/en/cat/outdoor-cushions-17893/,https://www.ikea.com/nl/en/p/klosan-chair-cushion-outdoor-dark-blue-20583822/
Outdoor cushions,https://www.ikea.com/nl/en/cat/outdoor-cushions-17893/,https://www.ikea.com/nl/en/p/froson-cover-for-seat-cushion-outdoor-beige-30587056/
Outdoor cushions,https://www.ikea.com/nl/en/cat/outdoor-cushions-17893/,https://www.ikea.com/nl/en/p/froson-duvholmen-back-cushion-outdoor-beige-s09631184/
Outdoor cushions,https://www.ikea.com/nl/en/cat/outdoor-cushions-17893/,https://www.ikea.com/nl/en/p/froson-cover-for-seat-cushion-outdoor-beige-30592393/
Outdoor cushions,https://www.ikea.com/nl/en/cat/outdoor-cushions-17893/,https://www.ikea.com/nl/en/p/kuddarna-chair-cushion-outdoor-light-grey-beige-30547230/
Outdoor cushions,https://www.ikea.com/nl/en/cat/outdoor-cushions-17893/,https://www.ikea.com/nl/en/p/inner-cushion-pad-white-soft-60262193/
Outdoor cushions,https://www.ikea.com/nl/en/cat/outdoor-cushions-17893/,https://www.ikea.com/nl/en/p/froson-duvholmen-seat-cushion-outdoor-beige-s09631179/
Outdoor cushions,https://www.ikea.com/nl/en/cat/outdoor-cushions-17893/,https://www.ikea.com/nl/en/p/hjartero-cushion-cover-bright-pink-outdoor-indoor-40599964/
Outdoor cushions,https://www.ikea.com/nl/en/cat/outdoor-cushions-17893/,https://www.ikea.com/nl/en/p/froson-cover-for-back-cushion-outdoor-beige-70391712/
Outdoor cushions,https://www.ikea.com/nl/en/cat/outdoor-cushions-17893/,https://www.ikea.com/nl/en/p/froson-cover-for-seat-cushion-dark-grey-outdoor-20526879/
Outdoor cushions,https://www.ikea.com/nl/en/cat/outdoor-cushions-17893/,https://www.ikea.com/nl/en/p/havsten-seat-back-cushion-outdoor-beige-90542499/
Outdoor cushions,https://www.ikea.com/nl/en/cat/outdoor-cushions-17893/,https://www.ikea.com/nl/en/p/gullbergso-cushion-cover-bright-yellow-white-outdoor-indoor-50598582/
Lumbar support,https://www.ikea.com/nl/en/cat/lumbar-support-700528/,https://www.ikea.com/nl/en/p/bortberg-lumbar-cushion-black-10461010/
Lumbar support,https://www.ikea.com/nl/en/cat/lumbar-support-700528/,https://www.ikea.com/nl/en/p/raggarv-neck-lumbar-pillow-60530351/
Desks & computer desks,https://www.ikea.com/nl/en/cat/desks-computer-desks-20649/,https://www.ikea.com/nl/en/p/lagkapten-alex-desk-white-s99431982/
Desks & computer desks,https://www.ikea.com/nl/en/cat/desks-computer-desks-20649/,https://www.ikea.com/nl/en/p/lagkapten-alex-desk-white-stained-oak-effect-white-s09432014/
Desks & computer desks,https://www.ikea.com/nl/en/cat/desks-computer-desks-20649/,https://www.ikea.com/nl/en/p/micke-desk-white-30213076/
Desks & computer desks,https://www.ikea.com/nl/en/cat/desks-computer-desks-20649/,https://www.ikea.com/nl/en/p/micke-desk-white-80213074/
Desks & computer desks,https://www.ikea.com/nl/en/cat/desks-computer-desks-20649/,https://www.ikea.com/nl/en/p/malm-desk-white-60214159/
Desks & computer desks,https://www.ikea.com/nl/en/cat/desks-computer-desks-20649/,https://www.ikea.com/nl/en/p/mittzon-desk-walnut-veneer-black-s89528140/
Desks & computer desks,https://www.ikea.com/nl/en/cat/desks-computer-desks-20649/,https://www.ikea.com/nl/en/p/mittzon-desk-black-stained-ash-veneer-black-s39529118/
Desks & computer desks,https://www.ikea.com/nl/en/cat/desks-computer-desks-20649/,https://www.ikea.com/nl/en/p/lagkapten-adils-desk-white-s29416758/
Desks & computer desks,https://www.ikea.com/nl/en/cat/desks-computer-desks-20649/,https://www.ikea.com/nl/en/p/tonstad-desk-oak-veneer-30538198/
Desks & computer desks,https://www.ikea.com/nl/en/cat/desks-computer-desks-20649/,https://www.ikea.com/nl/en/p/alex-drawer-unit-white-00473546/
Desks & computer desks,https://www.ikea.com/nl/en/cat/desks-computer-desks-20649/,https://www.ikea.com/nl/en/p/kallax-desk-white-30582445/
Desks & computer desks,https://www.ikea.com/nl/en/cat/desks-computer-desks-20649/,https://www.ikea.com/nl/en/p/malm-dressing-table-white-10203610/
Desks & computer desks,https://www.ikea.com/nl/en/cat/desks-computer-desks-20649/,https://www.ikea.com/nl/en/p/malomrade-gaming-desk-sit-stand-with-monitor-arms-electric-black-50585805/
Desks & computer desks,https://www.ikea.com/nl/en/cat/desks-computer-desks-20649/,https://www.ikea.com/nl/en/p/mittzon-desk-sit-stand-electric-walnut-veneer-black-s19528978/
Desks & computer desks,https://www.ikea.com/nl/en/cat/desks-computer-desks-20649/,https://www.ikea.com/nl/en/p/micke-desk-white-90214308/
Desks & computer desks,https://www.ikea.com/nl/en/cat/desks-computer-desks-20649/,https://www.ikea.com/nl/en/p/trotten-desk-beige-anthracite-s69429565/
Desks & computer desks,https://www.ikea.com/nl/en/cat/desks-computer-desks-20649/,https://www.ikea.com/nl/en/p/lagkapten-alex-desk-white-s69416817/
Desks & computer desks,https://www.ikea.com/nl/en/cat/desks-computer-desks-20649/,https://www.ikea.com/nl/en/p/lagkapten-alex-desk-white-s09521604/
Desks & computer desks,https://www.ikea.com/nl/en/cat/desks-computer-desks-20649/,https://www.ikea.com/nl/en/p/tonstad-desk-oak-veneer-60538205/
Desks & computer desks,https://www.ikea.com/nl/en/cat/desks-computer-desks-20649/,https://www.ikea.com/nl/en/p/relatera-desk-white-s29552864/
Desks & computer desks,https://www.ikea.com/nl/en/cat/desks-computer-desks-20649/,https://www.ikea.com/nl/en/p/micke-desk-white-s09903014/
Desks & computer desks,https://www.ikea.com/nl/en/cat/desks-computer-desks-20649/,https://www.ikea.com/nl/en/p/mittzon-desk-black-stained-ash-veneer-black-s79525854/
Desks & computer desks,https://www.ikea.com/nl/en/cat/desks-computer-desks-20649/,https://www.ikea.com/nl/en/p/fjallbo-desk-black-90587690/
Desks & computer desks,https://www.ikea.com/nl/en/cat/desks-computer-desks-20649/,https://www.ikea.com/nl/en/p/lagkapten-table-top-white-stained-oak-effect-30460830/
Desk chairs,https://www.ikea.com/nl/en/cat/desk-chairs-20652/,https://www.ikea.com/nl/en/p/markus-office-chair-vissle-dark-grey-70261150/
Desk chairs,https://www.ikea.com/nl/en/cat/desk-chairs-20652/,https://www.ikea.com/nl/en/p/flintan-office-chair-with-armrests-black-s89424468/
Desk chairs,https://www.ikea.com/nl/en/cat/desk-chairs-20652/,https://www.ikea.com/nl/en/p/renberget-swivel-chair-bomstad-black-60493546/
Desk chairs,https://www.ikea.com/nl/en/cat/desk-chairs-20652/,https://www.ikea.com/nl/en/p/millberget-swivel-chair-murum-black-70489394/
Desk chairs,https://www.ikea.com/nl/en/cat/desk-chairs-20652/,https://www.ikea.com/nl/en/p/tossberg-malskar-swivel-chair-gunnared-beige-white-s79508232/
Desk chairs,https://www.ikea.com/nl/en/cat/desk-chairs-20652/,https://www.ikea.com/nl/en/p/hattefjall-office-chair-with-armrests-gunnared-beige-white-60538955/
Desk chairs,https://www.ikea.com/nl/en/cat/desk-chairs-20652/,https://www.ikea.com/nl/en/p/langfjall-conference-chair-gunnared-beige-white-s19252366/
Desk chairs,https://www.ikea.com/nl/en/cat/desk-chairs-20652/,https://www.ikea.com/nl/en/p/loberget-malskar-swivel-chair-white-s19445469/
Desk chairs,https://www.ikea.com/nl/en/cat/desk-chairs-20652/,https://www.ikea.com/nl/en/p/flintan-office-chair-black-10489028/
Desk chairs,https://www.ikea.com/nl/en/cat/desk-chairs-20652/,https://www.ikea.com/nl/en/p/eldberget-malskar-swivel-chair-beige-white-s59444397/
Desk chairs,https://www.ikea.com/nl/en/cat/desk-chairs-20652/,https://www.ikea.com/nl/en/p/matchspel-gaming-chair-bomstad-light-grey-90571528/
Desk chairs,https://www.ikea.com/nl/en/cat/desk-chairs-20652/,https://www.ikea.com/nl/en/p/kolon-floor-protector-44881100/
Desk chairs,https://www.ikea.com/nl/en/cat/desk-chairs-20652/,https://www.ikea.com/nl/en/p/krylbo-swivel-chair-tonerud-dark-beige-30573587/
Desk chairs,https://www.ikea.com/nl/en/cat/desk-chairs-20652/,https://www.ikea.com/nl/en/p/langfjall-conference-chair-with-armrests-gunnared-beige-white-s49252765/
Desk chairs,https://www.ikea.com/nl/en/cat/desk-chairs-20652/,https://www.ikea.com/nl/en/p/skruvsta-swivel-chair-ysane-white-50402995/
Desk chairs,https://www.ikea.com/nl/en/cat/desk-chairs-20652/,https://www.ikea.com/nl/en/p/gronfjall-office-chair-with-armrests-letafors-grey-green-white-80532924/
Desk chairs,https://www.ikea.com/nl/en/cat/desk-chairs-20652/,https://www.ikea.com/nl/en/p/alefjall-office-chair-grann-beige-50308686/
Desk chairs,https://www.ikea.com/nl/en/cat/desk-chairs-20652/,https://www.ikea.com/nl/en/p/orfjall-swivel-chair-black-vissle-black-s49303072/
Desk chairs,https://www.ikea.com/nl/en/cat/desk-chairs-20652/,https://www.ikea.com/nl/en/p/loberget-sibben-childrens-desk-chair-white-s59337670/
Desk chairs,https://www.ikea.com/nl/en/cat/desk-chairs-20652/,https://www.ikea.com/nl/en/p/gronfjall-office-chair-with-arm-headrest-letafors-grey-black-s29513919/
Desk chairs,https://www.ikea.com/nl/en/cat/desk-chairs-20652/,https://www.ikea.com/nl/en/p/huvudspelare-gaming-chair-black-90507603/
Desk chairs,https://www.ikea.com/nl/en/cat/desk-chairs-20652/,https://www.ikea.com/nl/en/p/bastboll-gaming-chair-black-mjuk-black-10586251/
Desk chairs,https://www.ikea.com/nl/en/cat/desk-chairs-20652/,https://www.ikea.com/nl/en/p/lidkullen-active-sit-stand-support-gunnared-beige-00418376/
Desk chairs,https://www.ikea.com/nl/en/cat/desk-chairs-20652/,https://www.ikea.com/nl/en/p/smallen-swivel-chair-black-00503435/
Gaming furniture,https://www.ikea.com/nl/en/cat/gaming-furniture-55002/,https://www.ikea.com/nl/en/p/utespelare-gaming-desk-black-80507627/
Gaming furniture,https://www.ikea.com/nl/en/cat/gaming-furniture-55002/,https://www.ikea.com/nl/en/p/stubberget-bracket-for-2-monitors-black-70628210/
Gaming furniture,https://www.ikea.com/nl/en/cat/gaming-furniture-55002/,https://www.ikea.com/nl/en/p/huvudspelare-gaming-desk-and-chair-black-s89490948/
Gaming furniture,https://www.ikea.com/nl/en/cat/gaming-furniture-55002/,https://www.ikea.com/nl/en/p/utvisning-gaming-desk-with-shelf-black-40586400/
Gaming furniture,https://www.ikea.com/nl/en/cat/gaming-furniture-55002/,https://www.ikea.com/nl/en/p/lanespelare-mug-holder-black-90507844/
Gaming furniture,https://www.ikea.com/nl/en/cat/gaming-furniture-55002/,https://www.ikea.com/nl/en/p/trotten-matchspel-desk-and-chair-white-light-grey-s49537698/
Gaming furniture,https://www.ikea.com/nl/en/cat/gaming-furniture-55002/,https://www.ikea.com/nl/en/p/brannboll-gaming-lounge-chair-knisa-bright-blue-70586615/
Gaming furniture,https://www.ikea.com/nl/en/cat/gaming-furniture-55002/,https://www.ikea.com/nl/en/p/malomrade-gaming-desk-sit-stand-with-monitor-arms-electric-black-50585805/
Gaming furniture,https://www.ikea.com/nl/en/cat/gaming-furniture-55002/,https://www.ikea.com/nl/en/p/lanespelare-computer-cart-with-shelf-black-70613063/
Gaming furniture,https://www.ikea.com/nl/en/cat/gaming-furniture-55002/,https://www.ikea.com/nl/en/p/stubberget-laptop-holder-with-arm-black-50628211/
Gaming furniture,https://www.ikea.com/nl/en/cat/gaming-furniture-55002/,https://www.ikea.com/nl/en/p/skaftsarv-led-decoration-lighting-dimmable-40612828/
Gaming furniture,https://www.ikea.com/nl/en/cat/gaming-furniture-55002/,https://www.ikea.com/nl/en/p/lanespelare-monitor-stand-black-00588873/
Gaming furniture,https://www.ikea.com/nl/en/cat/gaming-furniture-55002/,https://www.ikea.com/nl/en/p/lanespelare-headset-stand-ash-veneer-80571524/
Gaming furniture,https://www.ikea.com/nl/en/cat/gaming-furniture-55002/,https://www.ikea.com/nl/en/p/brannboll-gaming-station-light-grey-white-40586462/
Gaming furniture,https://www.ikea.com/nl/en/cat/gaming-furniture-55002/,https://www.ikea.com/nl/en/p/huvudspelare-gaming-desk-beige-70539167/
Gaming furniture,https://www.ikea.com/nl/en/cat/gaming-furniture-55002/,https://www.ikea.com/nl/en/p/stubberget-bracket-for-monitor-black-30628212/
Gaming furniture,https://www.ikea.com/nl/en/cat/gaming-furniture-55002/,https://www.ikea.com/nl/en/p/lanespelare-laptop-support-foldable-blue-20613065/
Gaming furniture,https://www.ikea.com/nl/en/cat/gaming-furniture-55002/,https://www.ikea.com/nl/en/p/fredde-gaming-desk-black-50219044/
Gaming furniture,https://www.ikea.com/nl/en/cat/gaming-furniture-55002/,https://www.ikea.com/nl/en/p/utmaning-gaming-desk-black-s89571732/
Gaming furniture,https://www.ikea.com/nl/en/cat/gaming-furniture-55002/,https://www.ikea.com/nl/en/p/brannboll-shelving-unit-on-castors-white-60586258/
Gaming furniture,https://www.ikea.com/nl/en/cat/gaming-furniture-55002/,https://www.ikea.com/nl/en/p/utmaning-gaming-desk-sit-stand-electric-black-s39571683/
Gaming furniture,https://www.ikea.com/nl/en/cat/gaming-furniture-55002/,https://www.ikea.com/nl/en/p/huvudspelare-matchspel-gaming-desk-and-chair-black-s39490960/
Gaming furniture,https://www.ikea.com/nl/en/cat/gaming-furniture-55002/,https://www.ikea.com/nl/en/p/idasen-gruppspel-desk-and-chair-brown-beige-s89442698/
Gaming furniture,https://www.ikea.com/nl/en/cat/gaming-furniture-55002/,https://www.ikea.com/nl/en/p/utespelare-matchspel-gaming-desk-and-chair-ash-effect-light-grey-s79537381/
Conference tables,https://www.ikea.com/nl/en/cat/conference-tables-54173/,https://www.ikea.com/nl/en/p/mittzon-conference-table-walnut-veneer-black-s39533422/
Conference tables,https://www.ikea.com/nl/en/cat/conference-tables-54173/,https://www.ikea.com/nl/en/p/mittzon-conference-table-round-oak-veneer-white-s59530502/
Conference tables,https://www.ikea.com/nl/en/cat/conference-tables-54173/,https://www.ikea.com/nl/en/p/trotten-table-beige-white-s89436975/
Conference tables,https://www.ikea.com/nl/en/cat/conference-tables-54173/,https://www.ikea.com/nl/en/p/mittzon-conference-table-walnut-veneer-black-s19533003/
Conference tables,https://www.ikea.com/nl/en/cat/conference-tables-54173/,https://www.ikea.com/nl/en/p/mittzon-conference-table-oak-veneer-black-s59533039/
Conference tables,https://www.ikea.com/nl/en/cat/conference-tables-54173/,https://www.ikea.com/nl/en/p/mittzon-conference-table-oak-veneer-black-s19533461/
Conference chairs,https://www.ikea.com/nl/en/cat/conference-chairs-47068/,https://www.ikea.com/nl/en/p/tossberg-langfjall-conference-chair-gunnared-beige-white-s59513102/
Conference chairs,https://www.ikea.com/nl/en/cat/conference-chairs-47068/,https://www.ikea.com/nl/en/p/laktare-conference-chair-light-beige-white-s89503272/
Conference chairs,https://www.ikea.com/nl/en/cat/conference-chairs-47068/,https://www.ikea.com/nl/en/p/langfjall-conference-chair-gunnared-beige-white-s19252366/
Conference chairs,https://www.ikea.com/nl/en/cat/conference-chairs-47068/,https://www.ikea.com/nl/en/p/langfjall-conference-chair-with-armrests-gunnared-beige-white-s09252791/
Conference chairs,https://www.ikea.com/nl/en/cat/conference-chairs-47068/,https://www.ikea.com/nl/en/p/laktare-conference-chair-birch-veneer-black-s99503257/
Conference chairs,https://www.ikea.com/nl/en/cat/conference-chairs-47068/,https://www.ikea.com/nl/en/p/fjallberget-conference-chair-with-castors-white-stained-oak-veneer-gunnared-beige-20485242/
Conference chairs,https://www.ikea.com/nl/en/cat/conference-chairs-47068/,https://www.ikea.com/nl/en/p/langfjall-conference-chair-gunnared-beige-white-s09252480/
Conference chairs,https://www.ikea.com/nl/en/cat/conference-chairs-47068/,https://www.ikea.com/nl/en/p/langfjall-conference-chair-with-armrests-gunnared-beige-white-s49252765/
Conference chairs,https://www.ikea.com/nl/en/cat/conference-chairs-47068/,https://www.ikea.com/nl/en/p/trollberget-active-sit-stand-support-glose-black-80379347/
Conference chairs,https://www.ikea.com/nl/en/cat/conference-chairs-47068/,https://www.ikea.com/nl/en/p/mullfjallet-conference-chair-with-castors-naggen-dark-grey-80472492/
Conference chairs,https://www.ikea.com/nl/en/cat/conference-chairs-47068/,https://www.ikea.com/nl/en/p/laktare-chair-cover-gunnared-light-green-80527994/
Conference chairs,https://www.ikea.com/nl/en/cat/conference-chairs-47068/,https://www.ikea.com/nl/en/p/langfjall-pair-of-armrests-white-70320569/
Desk & chair sets,https://www.ikea.com/nl/en/cat/desk-chair-sets-53249/,https://www.ikea.com/nl/en/p/torald-smallen-desk-and-chair-white-black-s69488574/
Desk & chair sets,https://www.ikea.com/nl/en/cat/desk-chair-sets-53249/,https://www.ikea.com/nl/en/p/micke-orfjall-desk-and-chair-white-light-green-s19553454/
Desk & chair sets,https://www.ikea.com/nl/en/cat/desk-chair-sets-53249/,https://www.ikea.com/nl/en/p/kallax-loberget-desk-and-chair-white-s49555003/
Desk & chair sets,https://www.ikea.com/nl/en/cat/desk-chair-sets-53249/,https://www.ikea.com/nl/en/p/kallax-eldberget-desk-and-chair-black-brown-dark-grey-black-s49555017/
Desk & chair sets,https://www.ikea.com/nl/en/cat/desk-chair-sets-53249/,https://www.ikea.com/nl/en/p/langdhopp-krylbo-desk-and-chair-white-dark-beige-s59617331/
Desk & chair sets,https://www.ikea.com/nl/en/cat/desk-chair-sets-53249/,https://www.ikea.com/nl/en/p/mullsjo-smorkull-desk-and-chair-oak-veneer-dark-grey-s49603155/
Desk & chair sets,https://www.ikea.com/nl/en/cat/desk-chair-sets-53249/,https://www.ikea.com/nl/en/p/ridspo-fjallberget-desk-and-chair-oak-beige-s59502783/
Desk & chair sets,https://www.ikea.com/nl/en/cat/desk-chair-sets-53249/,https://www.ikea.com/nl/en/p/trotten-nilserik-desk-sit-stand-support-white-dark-blue-s99501423/
Desk & chair sets,https://www.ikea.com/nl/en/cat/desk-chair-sets-53249/,https://www.ikea.com/nl/en/p/utespelare-matchspel-gaming-desk-and-chair-black-s39440772/
Desk & chair sets,https://www.ikea.com/nl/en/cat/desk-chair-sets-53249/,https://www.ikea.com/nl/en/p/lisabo-stigbygel-desk-and-chair-ash-veneer-beige-white-s09617668/
Desk & chair sets,https://www.ikea.com/nl/en/cat/desk-chair-sets-53249/,https://www.ikea.com/nl/en/p/trotten-matchspel-desk-and-chair-beige-white-light-grey-s59537768/
Desk & chair sets,https://www.ikea.com/nl/en/cat/desk-chair-sets-53249/,https://www.ikea.com/nl/en/p/malm-millberget-billy-oxberg-desk-and-storage-combination-and-swivel-chair-white-beige-s79436377/
Desk & chair sets,https://www.ikea.com/nl/en/cat/desk-chair-sets-53249/,https://www.ikea.com/nl/en/p/mullsjo-desk-and-chair-oak-veneer-dark-grey-s49603141/
Desk & chair sets,https://www.ikea.com/nl/en/cat/desk-chair-sets-53249/,https://www.ikea.com/nl/en/p/trotten-lidkullen-besta-lappviken-desk-and-storage-combination-and-swivel-chair-beige-white-s89436598/
Desk & chair sets,https://www.ikea.com/nl/en/cat/desk-chair-sets-53249/,https://www.ikea.com/nl/en/p/trotten-matchspel-desk-and-chair-beige-white-light-grey-s69537697/
Desk & chair sets,https://www.ikea.com/nl/en/cat/desk-chair-sets-53249/,https://www.ikea.com/nl/en/p/bollpojke-bleckberget-desk-and-chair-white-orange-brown-s89622133/
Desk & chair sets,https://www.ikea.com/nl/en/cat/desk-chair-sets-53249/,https://www.ikea.com/nl/en/p/utespelare-matchspel-gaming-desk-chair-and-drawer-unit-black-s09443003/
Desk & chair sets,https://www.ikea.com/nl/en/cat/desk-chair-sets-53249/,https://www.ikea.com/nl/en/p/trotten-matchspel-desk-and-chair-white-light-grey-s79537786/
Desk & chair sets,https://www.ikea.com/nl/en/cat/desk-chair-sets-53249/,https://www.ikea.com/nl/en/p/micke-gunrik-desk-and-chair-white-turquoise-s99506604/
Desk & chair sets,https://www.ikea.com/nl/en/cat/desk-chair-sets-53249/,https://www.ikea.com/nl/en/p/lisabo-stigbygel-desk-and-chair-ash-veneer-beige-white-s19617899/
Desk & chair sets,https://www.ikea.com/nl/en/cat/desk-chair-sets-53249/,https://www.ikea.com/nl/en/p/vittsjo-krylbo-desk-and-chair-black-brown-dark-beige-s89617301/
Desk & chair sets,https://www.ikea.com/nl/en/cat/desk-chair-sets-53249/,https://www.ikea.com/nl/en/p/trotten-langfjall-besta-lappviken-desk-and-storage-combination-and-swivel-chair-white-grey-s99436588/
Desk & chair sets,https://www.ikea.com/nl/en/cat/desk-chair-sets-53249/,https://www.ikea.com/nl/en/p/vittsjo-eldberget-desk-and-chair-black-brown-dark-grey-black-s69617298/
Desk & chair sets,https://www.ikea.com/nl/en/cat/desk-chair-sets-53249/,https://www.ikea.com/nl/en/p/trotten-flintan-desk-and-storage-combination-and-swivel-chair-white-beige-s59424945/
Conference table & chair sets,https://www.ikea.com/nl/en/cat/conference-table-chair-sets-700424/,https://www.ikea.com/nl/en/p/trotten-tossberg-conference-table-and-chairs-beige-white-s99552672/
Conference table & chair sets,https://www.ikea.com/nl/en/cat/conference-table-chair-sets-700424/,https://www.ikea.com/nl/en/p/trotten-laktare-conference-table-and-chairs-white-light-green-s69552541/
Conference table & chair sets,https://www.ikea.com/nl/en/cat/conference-table-chair-sets-700424/,https://www.ikea.com/nl/en/p/trotten-langfjall-conference-table-and-chairs-white-green-grey-s99552648/
Bathroom systems,https://www.ikea.com/nl/en/cat/bathroom-systems-700450/,https://www.ikea.com/nl/en/p/enhet-hi-cb-w-4-shlvs-door-white-s19322492/
Bathroom systems,https://www.ikea.com/nl/en/cat/bathroom-systems-700450/,https://www.ikea.com/nl/en/p/nysjon-high-cabinet-white-20470815/
Bathroom systems,https://www.ikea.com/nl/en/cat/bathroom-systems-700450/,https://www.ikea.com/nl/en/p/havback-orrsjon-wash-stnd-w-drawers-wash-basin-tap-dark-grey-black-marble-effect-s39590568/
Bathroom systems,https://www.ikea.com/nl/en/cat/bathroom-systems-700450/,https://www.ikea.com/nl/en/p/faxalven-mirror-cabinet-w-built-in-lighting-oak-effect-s09516711/
Bathroom systems,https://www.ikea.com/nl/en/cat/bathroom-systems-700450/,https://www.ikea.com/nl/en/p/angsjon-orrsjon-wash-stnd-w-drawers-wash-basin-tap-brown-oak-effect-s49521329/
Bathroom systems,https://www.ikea.com/nl/en/cat/bathroom-systems-700450/,https://www.ikea.com/nl/en/p/havback-wash-stand-with-drawers-beige-00535064/
Bathroom systems,https://www.ikea.com/nl/en/cat/bathroom-systems-700450/,https://www.ikea.com/nl/en/p/angsjon-high-cabinet-with-door-oak-effect-80535079/
Bathroom systems,https://www.ikea.com/nl/en/cat/bathroom-systems-700450/,https://www.ikea.com/nl/en/p/angsjon-backsjon-wash-stnd-w-drawers-wash-basin-tap-oak-effect-s09514038/
Bathroom systems,https://www.ikea.com/nl/en/cat/bathroom-systems-700450/,https://www.ikea.com/nl/en/p/angsjon-backsjon-wash-stand-wash-basin-taps-brown-oak-effect-s59528537/
Bathroom systems,https://www.ikea.com/nl/en/cat/bathroom-systems-700450/,https://www.ikea.com/nl/en/p/angsjon-wall-cabinet-with-door-brown-oak-effect-40535076/
Bathroom systems,https://www.ikea.com/nl/en/cat/bathroom-systems-700450/,https://www.ikea.com/nl/en/p/enhet-base-cb-f-washbasin-w-2-drawers-white-s09322341/
Bathroom systems,https://www.ikea.com/nl/en/cat/bathroom-systems-700450/,https://www.ikea.com/nl/en/p/angsjon-oxmyren-wash-stnd-w-drawers-wash-basin-tap-brown-oak-effect-black-marble-effect-s79521417/
Bathroom systems,https://www.ikea.com/nl/en/cat/bathroom-systems-700450/,https://www.ikea.com/nl/en/p/enhet-storage-combination-white-s09613359/
Bathroom systems,https://www.ikea.com/nl/en/cat/bathroom-systems-700450/,https://www.ikea.com/nl/en/p/havback-wall-cabinet-with-door-beige-60535056/
Bathroom systems,https://www.ikea.com/nl/en/cat/bathroom-systems-700450/,https://www.ikea.com/nl/en/p/angsjon-high-cabinet-with-doors-drawers-brown-oak-effect-40553169/
Bathroom systems,https://www.ikea.com/nl/en/cat/bathroom-systems-700450/,https://www.ikea.com/nl/en/p/enhet-wall-cb-w-2-shlvs-door-white-s19320997/
Bathroom systems,https://www.ikea.com/nl/en/cat/bathroom-systems-700450/,https://www.ikea.com/nl/en/p/havback-orrsjon-wash-stnd-w-drawers-wash-basin-tap-beige-s39513990/
Bathroom systems,https://www.ikea.com/nl/en/cat/bathroom-systems-700450/,https://www.ikea.com/nl/en/p/angsjon-wash-stand-with-drawers-brown-oak-effect-30535091/
Bathroom systems,https://www.ikea.com/nl/en/cat/bathroom-systems-700450/,https://www.ikea.com/nl/en/p/angsjon-lersjon-wash-stnd-w-drawers-wash-basin-tap-brown-oak-effect-white-marble-effect-s59571286/
Bathroom systems,https://www.ikea.com/nl/en/cat/bathroom-systems-700450/,https://www.ikea.com/nl/en/p/nysjon-laundry-cabinet-white-40496471/
Bathroom systems,https://www.ikea.com/nl/en/cat/bathroom-systems-700450/,https://www.ikea.com/nl/en/p/angsjon-backsjon-wash-stnd-w-drawers-wash-basin-taps-brown-oak-effect-s69514016/
Bathroom systems,https://www.ikea.com/nl/en/cat/bathroom-systems-700450/,https://www.ikea.com/nl/en/p/angsjon-backsjon-wash-stand-wash-basin-tap-oak-effect-white-marble-effect-s49528444/
Bathroom systems,https://www.ikea.com/nl/en/cat/bathroom-systems-700450/,https://www.ikea.com/nl/en/p/glypen-mixer-tap-stainless-steel-effect-30442365/
Bathroom systems,https://www.ikea.com/nl/en/cat/bathroom-systems-700450/,https://www.ikea.com/nl/en/p/backsjon-wash-basin-with-water-trap-white-s59516761/
Bathroom vanities,https://www.ikea.com/nl/en/cat/bathroom-vanities-20719/,https://www.ikea.com/nl/en/p/angsjon-wash-stand-with-drawers-brown-oak-effect-30535091/
Bathroom vanities,https://www.ikea.com/nl/en/cat/bathroom-vanities-20719/,https://www.ikea.com/nl/en/p/enhet-bs-cb-f-wb-w-shlf-doors-white-s19322430/
Bathroom vanities,https://www.ikea.com/nl/en/cat/bathroom-vanities-20719/,https://www.ikea.com/nl/en/p/nysjon-wash-basin-base-cabinet-w-2-doors-white-50470814/
Bathroom vanities,https://www.ikea.com/nl/en/cat/bathroom-vanities-20719/,https://www.ikea.com/nl/en/p/angsjon-backsjon-wash-stnd-w-drawers-wash-basin-tap-oak-effect-s09514038/
Bathroom vanities,https://www.ikea.com/nl/en/cat/bathroom-vanities-20719/,https://www.ikea.com/nl/en/p/angsjon-orrsjon-wash-stnd-w-drawers-wash-basin-tap-oak-effect-s09521265/
Bathroom vanities,https://www.ikea.com/nl/en/cat/bathroom-vanities-20719/,https://www.ikea.com/nl/en/p/byasjon-wash-basin-base-cabinet-with-doors-oak-effect-80595412/
Bathroom vanities,https://www.ikea.com/nl/en/cat/bathroom-vanities-20719/,https://www.ikea.com/nl/en/p/angsjon-backsjon-wash-stand-wash-basin-taps-brown-oak-effect-s59528537/
Bathroom vanities,https://www.ikea.com/nl/en/cat/bathroom-vanities-20719/,https://www.ikea.com/nl/en/p/fullen-wash-basin-base-cabinet-w-2-doors-white-70189022/
Bathroom vanities,https://www.ikea.com/nl/en/cat/bathroom-vanities-20719/,https://www.ikea.com/nl/en/p/angsjon-oxmyren-wash-stnd-w-drawers-wash-basin-tap-brown-oak-effect-black-marble-effect-s39514107/
Bathroom vanities,https://www.ikea.com/nl/en/cat/bathroom-vanities-20719/,https://www.ikea.com/nl/en/p/angsjon-backsjon-wash-stnd-w-drawers-wash-basin-taps-oak-effect-s59514012/
Bathroom vanities,https://www.ikea.com/nl/en/cat/bathroom-vanities-20719/,https://www.ikea.com/nl/en/p/havback-orrsjon-wash-stnd-w-drawers-wash-basin-tap-beige-s39513990/
Bathroom vanities,https://www.ikea.com/nl/en/cat/bathroom-vanities-20719/,https://www.ikea.com/nl/en/p/enhet-tvallen-wash-stnd-w-drawers-wash-basin-tap-white-s29557772/
Bathroom vanities,https://www.ikea.com/nl/en/cat/bathroom-vanities-20719/,https://www.ikea.com/nl/en/p/angsjon-backsjon-wash-stand-wash-basin-tap-oak-effect-white-marble-effect-s49528444/
Bathroom vanities,https://www.ikea.com/nl/en/cat/bathroom-vanities-20719/,https://www.ikea.com/nl/en/p/havback-orrsjon-wash-stnd-w-drawers-wash-basin-tap-dark-grey-black-marble-effect-s39590568/
Bathroom vanities,https://www.ikea.com/nl/en/cat/bathroom-vanities-20719/,https://www.ikea.com/nl/en/p/vesken-corner-shelf-unit-white-70471092/
Bathroom vanities,https://www.ikea.com/nl/en/cat/bathroom-vanities-20719/,https://www.ikea.com/nl/en/p/nysjon-bjorkan-wash-basin-base-cabinet-w-2-doors-white-s59546678/
Bathroom vanities,https://www.ikea.com/nl/en/cat/bathroom-vanities-20719/,https://www.ikea.com/nl/en/p/angsjon-backsjon-wash-stnd-w-drawers-wash-basin-taps-brown-oak-effect-s29521311/
Bathroom vanities,https://www.ikea.com/nl/en/cat/bathroom-vanities-20719/,https://www.ikea.com/nl/en/p/ivosjon-wash-basin-base-cabinet-with-sliding-doors-green-20597292/
Bathroom vanities,https://www.ikea.com/nl/en/cat/bathroom-vanities-20719/,https://www.ikea.com/nl/en/p/angsjon-backsjon-wash-stnd-w-drawers-wash-basin-tap-oak-effect-white-marble-effect-s49521391/
Bathroom vanities,https://www.ikea.com/nl/en/cat/bathroom-vanities-20719/,https://www.ikea.com/nl/en/p/havback-wash-stand-with-drawers-beige-00535064/
Bathroom vanities,https://www.ikea.com/nl/en/cat/bathroom-vanities-20719/,https://www.ikea.com/nl/en/p/enhet-base-cb-f-washbasin-w-2-drawers-white-s09322341/
Bathroom vanities,https://www.ikea.com/nl/en/cat/bathroom-vanities-20719/,https://www.ikea.com/nl/en/p/angsjon-orrsjon-wash-stnd-w-drawers-wash-basin-taps-oak-effect-s99514005/
Bathroom vanities,https://www.ikea.com/nl/en/cat/bathroom-vanities-20719/,https://www.ikea.com/nl/en/p/havback-orrsjon-wash-stand-wash-basin-taps-beige-s29528534/
Bathroom vanities,https://www.ikea.com/nl/en/cat/bathroom-vanities-20719/,https://www.ikea.com/nl/en/p/angsjon-oxmyren-wash-stand-wash-basin-tap-brown-oak-effect-black-marble-effect-s39528623/
Bathroom wall cabinets,https://www.ikea.com/nl/en/cat/bathroom-wall-cabinets-20808/,https://www.ikea.com/nl/en/p/angsjon-high-cabinet-with-door-oak-effect-80535079/
Bathroom wall cabinets,https://www.ikea.com/nl/en/cat/bathroom-wall-cabinets-20808/,https://www.ikea.com/nl/en/p/enhet-high-cabinet-with-door-white-10623036/
Bathroom wall cabinets,https://www.ikea.com/nl/en/cat/bathroom-wall-cabinets-20808/,https://www.ikea.com/nl/en/p/angsjon-wall-cabinet-with-door-oak-effect-20535077/
Bathroom wall cabinets,https://www.ikea.com/nl/en/cat/bathroom-wall-cabinets-20808/,https://www.ikea.com/nl/en/p/tannforsen-high-cabinet-with-doors-drawers-white-80553172/
Bathroom wall cabinets,https://www.ikea.com/nl/en/cat/bathroom-wall-cabinets-20808/,https://www.ikea.com/nl/en/p/mossjon-wall-cabinet-w-shelves-glass-door-anthracite-60567778/
Bathroom wall cabinets,https://www.ikea.com/nl/en/cat/bathroom-wall-cabinets-20808/,https://www.ikea.com/nl/en/p/mossjon-wall-cabinet-with-glass-door-anthracite-20621640/
Bathroom wall cabinets,https://www.ikea.com/nl/en/cat/bathroom-wall-cabinets-20808/,https://www.ikea.com/nl/en/p/angsjon-high-cabinet-with-doors-drawers-brown-oak-effect-40553169/
Bathroom wall cabinets,https://www.ikea.com/nl/en/cat/bathroom-wall-cabinets-20808/,https://www.ikea.com/nl/en/p/havback-high-cabinet-with-door-white-40535000/
Bathroom wall cabinets,https://www.ikea.com/nl/en/cat/bathroom-wall-cabinets-20808/,https://www.ikea.com/nl/en/p/hagaan-open-cabinet-oak-effect-70534909/
Bathroom wall cabinets,https://www.ikea.com/nl/en/cat/bathroom-wall-cabinets-20808/,https://www.ikea.com/nl/en/p/havback-wall-cabinet-with-door-beige-60535056/
Bathroom wall cabinets,https://www.ikea.com/nl/en/cat/bathroom-wall-cabinets-20808/,https://www.ikea.com/nl/en/p/hagaan-wall-open-cabinet-brown-oak-effect-70535536/
Bathroom wall cabinets,https://www.ikea.com/nl/en/cat/bathroom-wall-cabinets-20808/,https://www.ikea.com/nl/en/p/enhet-high-fr-w-shelves-anthracite-20448947/
Bathroom wall cabinets,https://www.ikea.com/nl/en/cat/bathroom-wall-cabinets-20808/,https://www.ikea.com/nl/en/p/treasjon-mirror-cab-2-door-built-in-lighting-50573906/
Bathroom wall cabinets,https://www.ikea.com/nl/en/cat/bathroom-wall-cabinets-20808/,https://www.ikea.com/nl/en/p/enhet-wall-cabinet-with-door-white-40623025/
Bathroom wall cabinets,https://www.ikea.com/nl/en/cat/bathroom-wall-cabinets-20808/,https://www.ikea.com/nl/en/p/tannforsen-wall-cabinet-with-door-white-50535108/
Bathroom wall cabinets,https://www.ikea.com/nl/en/cat/bathroom-wall-cabinets-20808/,https://www.ikea.com/nl/en/p/tannforsen-high-cabinet-with-door-white-90535111/
Bathroom shelving units,https://www.ikea.com/nl/en/cat/bathroom-shelving-units-20804/,https://www.ikea.com/nl/en/p/vesken-shelf-unit-black-30450807/
Bathroom shelving units,https://www.ikea.com/nl/en/cat/bathroom-shelving-units-20804/,https://www.ikea.com/nl/en/p/frosjon-shelving-unit-black-30574902/
Bathroom shelving units,https://www.ikea.com/nl/en/cat/bathroom-shelving-units-20804/,https://www.ikea.com/nl/en/p/ragrund-shelving-unit-bamboo-30253067/
Bathroom shelving units,https://www.ikea.com/nl/en/cat/bathroom-shelving-units-20804/,https://www.ikea.com/nl/en/p/mossjon-glass-door-cabinet-with-2-doors-anthracite-30564333/
Bathroom shelving units,https://www.ikea.com/nl/en/cat/bathroom-shelving-units-20804/,https://www.ikea.com/nl/en/p/ragrund-wash-basin-corner-shelf-bamboo-40253076/
Bathroom shelving units,https://www.ikea.com/nl/en/cat/bathroom-shelving-units-20804/,https://www.ikea.com/nl/en/p/nysjon-high-cabinet-white-20470815/
Bathroom shelving units,https://www.ikea.com/nl/en/cat/bathroom-shelving-units-20804/,https://www.ikea.com/nl/en/p/vilto-shelving-unit-birch-90344456/
Bathroom shelving units,https://www.ikea.com/nl/en/cat/bathroom-shelving-units-20804/,https://www.ikea.com/nl/en/p/ragrund-shelving-unit-bamboo-80549420/
Bathroom shelving units,https://www.ikea.com/nl/en/cat/bathroom-shelving-units-20804/,https://www.ikea.com/nl/en/p/ivosjon-cabinet-with-doors-green-30569095/
Bathroom shelving units,https://www.ikea.com/nl/en/cat/bathroom-shelving-units-20804/,https://www.ikea.com/nl/en/p/nysjon-cabinet-for-washing-machine-white-10496477/
Bathroom shelving units,https://www.ikea.com/nl/en/cat/bathroom-shelving-units-20804/,https://www.ikea.com/nl/en/p/muskan-shelving-unit-white-50424327/
Bathroom shelving units,https://www.ikea.com/nl/en/cat/bathroom-shelving-units-20804/,https://www.ikea.com/nl/en/p/storedamm-shelving-unit-acacia-10576167/
Bathroom shelving units,https://www.ikea.com/nl/en/cat/bathroom-shelving-units-20804/,https://www.ikea.com/nl/en/p/jonaxel-storage-combination-white-s89297130/
Bathroom shelving units,https://www.ikea.com/nl/en/cat/bathroom-shelving-units-20804/,https://www.ikea.com/nl/en/p/storedamm-shelving-unit-acacia-30576166/
Bathroom shelving units,https://www.ikea.com/nl/en/cat/bathroom-shelving-units-20804/,https://www.ikea.com/nl/en/p/enhet-high-fr-w-shelves-anthracite-20448947/
Bathroom shelving units,https://www.ikea.com/nl/en/cat/bathroom-shelving-units-20804/,https://www.ikea.com/nl/en/p/hyllis-shelving-unit-in-outdoor-30428326/
Bathroom shelving units,https://www.ikea.com/nl/en/cat/bathroom-shelving-units-20804/,https://www.ikea.com/nl/en/p/enhet-high-cabinet-with-door-white-10623036/
Bathroom shelving units,https://www.ikea.com/nl/en/cat/bathroom-shelving-units-20804/,https://www.ikea.com/nl/en/p/vilto-towel-stand-birch-00344451/
Bathroom shelving units,https://www.ikea.com/nl/en/cat/bathroom-shelving-units-20804/,https://www.ikea.com/nl/en/p/ragrund-towel-rack-chair-bamboo-90253074/
Bathroom shelving units,https://www.ikea.com/nl/en/cat/bathroom-shelving-units-20804/,https://www.ikea.com/nl/en/p/jonaxel-storage-combination-white-s59297141/
Bathroom shelving units,https://www.ikea.com/nl/en/cat/bathroom-shelving-units-20804/,https://www.ikea.com/nl/en/p/kolbjorn-shelving-unit-with-cabinet-beige-s19291645/
Bathroom shelving units,https://www.ikea.com/nl/en/cat/bathroom-shelving-units-20804/,https://www.ikea.com/nl/en/p/nysjon-laundry-cabinet-white-40496471/
Bathroom shelving units,https://www.ikea.com/nl/en/cat/bathroom-shelving-units-20804/,https://www.ikea.com/nl/en/p/angsjon-high-cabinet-with-door-brown-oak-effect-60535080/
Bathroom shelving units,https://www.ikea.com/nl/en/cat/bathroom-shelving-units-20804/,https://www.ikea.com/nl/en/p/havback-high-cabinet-with-door-dark-grey-20535063/
Bathroom boxes & make-up organisers,https://www.ikea.com/nl/en/cat/bathroom-boxes-makeup-organizers-16233/,https://www.ikea.com/nl/en/p/visslaan-box-with-lid-set-of-5-grey-90554538/
Bathroom boxes & make-up organisers,https://www.ikea.com/nl/en/cat/bathroom-boxes-makeup-organizers-16233/,https://www.ikea.com/nl/en/p/dragan-4-piece-bathroom-set-bamboo-40222607/
Bathroom boxes & make-up organisers,https://www.ikea.com/nl/en/cat/bathroom-boxes-makeup-organizers-16233/,https://www.ikea.com/nl/en/p/dragan-box-set-of-3-bamboo-50281856/
Bathroom boxes & make-up organisers,https://www.ikea.com/nl/en/cat/bathroom-boxes-makeup-organizers-16233/,https://www.ikea.com/nl/en/p/tavelan-tray-50465756/
Bathroom boxes & make-up organisers,https://www.ikea.com/nl/en/cat/bathroom-boxes-makeup-organizers-16233/,https://www.ikea.com/nl/en/p/visslaan-box-with-compartments-grey-00562104/
Bathroom boxes & make-up organisers,https://www.ikea.com/nl/en/cat/bathroom-boxes-makeup-organizers-16233/,https://www.ikea.com/nl/en/p/nojig-organiser-plastic-beige-20468105/
Bathroom boxes & make-up organisers,https://www.ikea.com/nl/en/cat/bathroom-boxes-makeup-organizers-16233/,https://www.ikea.com/nl/en/p/nojig-organiser-plastic-beige-70457487/
Bathroom boxes & make-up organisers,https://www.ikea.com/nl/en/cat/bathroom-boxes-makeup-organizers-16233/,https://www.ikea.com/nl/en/p/silvtjarn-container-30501920/
Bathroom boxes & make-up organisers,https://www.ikea.com/nl/en/cat/bathroom-boxes-makeup-organizers-16233/,https://www.ikea.com/nl/en/p/visslaan-drawer-organisers-set-of-3-grey-20562117/
Bathroom boxes & make-up organisers,https://www.ikea.com/nl/en/cat/bathroom-boxes-makeup-organizers-16233/,https://www.ikea.com/nl/en/p/nojig-organiser-plastic-beige-50468104/
Bathroom boxes & make-up organisers,https://www.ikea.com/nl/en/cat/bathroom-boxes-makeup-organizers-16233/,https://www.ikea.com/nl/en/p/klippkaktus-storage-turntable-00569426/
Bathroom boxes & make-up organisers,https://www.ikea.com/nl/en/cat/bathroom-boxes-makeup-organizers-16233/,https://www.ikea.com/nl/en/p/skogsviken-tray-black-90473486/
Bathroom boxes & make-up organisers,https://www.ikea.com/nl/en/cat/bathroom-boxes-makeup-organizers-16233/,https://www.ikea.com/nl/en/p/visslaan-hanging-tray-grey-90614542/
Bathroom boxes & make-up organisers,https://www.ikea.com/nl/en/cat/bathroom-boxes-makeup-organizers-16233/,https://www.ikea.com/nl/en/p/nojig-organiser-plastic-beige-60477037/
Bathroom boxes & make-up organisers,https://www.ikea.com/nl/en/cat/bathroom-boxes-makeup-organizers-16233/,https://www.ikea.com/nl/en/p/bondlian-box-for-tissues-bamboo-40344312/
Bathroom boxes & make-up organisers,https://www.ikea.com/nl/en/cat/bathroom-boxes-makeup-organizers-16233/,https://www.ikea.com/nl/en/p/ranen-basket-00527078/
Bathroom boxes & make-up organisers,https://www.ikea.com/nl/en/cat/bathroom-boxes-makeup-organizers-16233/,https://www.ikea.com/nl/en/p/visslaan-drawer-organiser-grey-40562116/
Bathroom boxes & make-up organisers,https://www.ikea.com/nl/en/cat/bathroom-boxes-makeup-organizers-16233/,https://www.ikea.com/nl/en/p/visslaan-hanging-organiser-set-of-2-grey-80614547/
Bathroom stools & benches,https://www.ikea.com/nl/en/cat/bathroom-stools-benches-20859/,https://www.ikea.com/nl/en/p/bolmen-step-stool-black-70602093/
Bathroom stools & benches,https://www.ikea.com/nl/en/cat/bathroom-stools-benches-20859/,https://www.ikea.com/nl/en/p/forsiktig-childrens-stool-white-turquoise-10591318/
Bathroom stools & benches,https://www.ikea.com/nl/en/cat/bathroom-stools-benches-20859/,https://www.ikea.com/nl/en/p/storedamm-bench-acacia-20576162/
Bathroom stools & benches,https://www.ikea.com/nl/en/cat/bathroom-stools-benches-20859/,https://www.ikea.com/nl/en/p/muskan-bench-white-50345957/
Bathroom stools & benches,https://www.ikea.com/nl/en/cat/bathroom-stools-benches-20859/,https://www.ikea.com/nl/en/p/muskan-storage-stool-white-00360587/
Bathroom stools & benches,https://www.ikea.com/nl/en/cat/bathroom-stools-benches-20859/,https://www.ikea.com/nl/en/p/basingen-shower-chair-anthracite-10595967/
Bathroom stools & benches,https://www.ikea.com/nl/en/cat/bathroom-stools-benches-20859/,https://www.ikea.com/nl/en/p/ragrund-bench-bamboo-60549416/
Bathroom stools & benches,https://www.ikea.com/nl/en/cat/bathroom-stools-benches-20859/,https://www.ikea.com/nl/en/p/basingen-step-stool-with-handrail-anthracite-50595748/
Bathroom stools & benches,https://www.ikea.com/nl/en/cat/bathroom-stools-benches-20859/,https://www.ikea.com/nl/en/p/vilto-step-stool-birch-60344453/
Bathroom stools & benches,https://www.ikea.com/nl/en/cat/bathroom-stools-benches-20859/,https://www.ikea.com/nl/en/p/ibbarbo-stool-dark-grey-40571535/
Bathroom accessories & organisers,https://www.ikea.com/nl/en/cat/bathroom-accessories-organisers-10555/,https://www.ikea.com/nl/en/p/florsjon-shower-shelf-beige-70605143/
Bathroom accessories & organisers,https://www.ikea.com/nl/en/cat/bathroom-accessories-organisers-10555/,https://www.ikea.com/nl/en/p/tisken-corner-shelf-unit-with-suction-cup-black-50498530/
Bathroom accessories & organisers,https://www.ikea.com/nl/en/cat/bathroom-accessories-organisers-10555/,https://www.ikea.com/nl/en/p/gansjon-toilet-brush-black-60605488/
Bathroom accessories & organisers,https://www.ikea.com/nl/en/cat/bathroom-accessories-organisers-10555/,https://www.ikea.com/nl/en/p/voxnan-shower-shelf-chrome-plated-70328589/
Bathroom accessories & organisers,https://www.ikea.com/nl/en/cat/bathroom-accessories-organisers-10555/,https://www.ikea.com/nl/en/p/florsjon-hook-beige-30604862/
Bathroom accessories & organisers,https://www.ikea.com/nl/en/cat/bathroom-accessories-organisers-10555/,https://www.ikea.com/nl/en/p/ekoln-waste-bin-beige-10623475/
Bathroom accessories & organisers,https://www.ikea.com/nl/en/cat/bathroom-accessories-organisers-10555/,https://www.ikea.com/nl/en/p/krokfjorden-toilet-roll-stand-zinc-plated-60454026/
Bathroom accessories & organisers,https://www.ikea.com/nl/en/cat/bathroom-accessories-organisers-10555/,https://www.ikea.com/nl/en/p/tisken-basket-with-suction-cup-black-90498528/
Bathroom accessories & organisers,https://www.ikea.com/nl/en/cat/bathroom-accessories-organisers-10555/,https://www.ikea.com/nl/en/p/ekoln-toothbrush-holder-beige-30493010/
Bathroom accessories & organisers,https://www.ikea.com/nl/en/cat/bathroom-accessories-organisers-10555/,https://www.ikea.com/nl/en/p/tvalsjon-3-piece-bathroom-set-80456637/
Bathroom accessories & organisers,https://www.ikea.com/nl/en/cat/bathroom-accessories-organisers-10555/,https://www.ikea.com/nl/en/p/tisken-hook-with-suction-cup-black-20498536/
Bathroom accessories & organisers,https://www.ikea.com/nl/en/cat/bathroom-accessories-organisers-10555/,https://www.ikea.com/nl/en/p/brogrund-touch-top-bin-black-60524656/
Bathroom accessories & organisers,https://www.ikea.com/nl/en/cat/bathroom-accessories-organisers-10555/,https://www.ikea.com/nl/en/p/obonas-wall-shelf-with-suction-cup-grey-beige-40606101/
Bathroom accessories & organisers,https://www.ikea.com/nl/en/cat/bathroom-accessories-organisers-10555/,https://www.ikea.com/nl/en/p/krokfjorden-corner-shelf-unit-with-suction-cup-zinc-plated-30454004/
Bathroom accessories & organisers,https://www.ikea.com/nl/en/cat/bathroom-accessories-organisers-10555/,https://www.ikea.com/nl/en/p/brogrund-corner-wall-shelf-unit-stainless-steel-30408979/
Bathroom accessories & organisers,https://www.ikea.com/nl/en/cat/bathroom-accessories-organisers-10555/,https://www.ikea.com/nl/en/p/gansjon-waste-bin-black-20605471/
Bathroom accessories & organisers,https://www.ikea.com/nl/en/cat/bathroom-accessories-organisers-10555/,https://www.ikea.com/nl/en/p/skogsviken-toilet-roll-holder-black-20423824/
Bathroom accessories & organisers,https://www.ikea.com/nl/en/cat/bathroom-accessories-organisers-10555/,https://www.ikea.com/nl/en/p/ekoln-toilet-brush-beige-90493007/
Bathroom accessories & organisers,https://www.ikea.com/nl/en/cat/bathroom-accessories-organisers-10555/,https://www.ikea.com/nl/en/p/obonas-triple-hook-with-suction-cup-grey-beige-80606095/
Bathroom accessories & organisers,https://www.ikea.com/nl/en/cat/bathroom-accessories-organisers-10555/,https://www.ikea.com/nl/en/p/krokfjorden-basket-with-suction-cup-zinc-plated-90454001/
Bathroom accessories & organisers,https://www.ikea.com/nl/en/cat/bathroom-accessories-organisers-10555/,https://www.ikea.com/nl/en/p/gansjon-3-piece-bathroom-set-black-90587039/
Bathroom accessories & organisers,https://www.ikea.com/nl/en/cat/bathroom-accessories-organisers-10555/,https://www.ikea.com/nl/en/p/florsjon-waste-bin-beige-60604865/
Bathroom accessories & organisers,https://www.ikea.com/nl/en/cat/bathroom-accessories-organisers-10555/,https://www.ikea.com/nl/en/p/bolmen-toilet-brush-holder-black-90574433/
Bathroom accessories & organisers,https://www.ikea.com/nl/en/cat/bathroom-accessories-organisers-10555/,https://www.ikea.com/nl/en/p/havern-bath-rack-bamboo-30323188/
Bathroom trolleys,https://www.ikea.com/nl/en/cat/bathroom-trolleys-20858/,https://www.ikea.com/nl/en/p/vesken-trolley-white-00471222/
Bathroom trolleys,https://www.ikea.com/nl/en/cat/bathroom-trolleys-20858/,https://www.ikea.com/nl/en/p/nissafors-trolley-black-20399777/
Bathroom trolleys,https://www.ikea.com/nl/en/cat/bathroom-trolleys-20858/,https://www.ikea.com/nl/en/p/hornavan-trolley-white-70243873/
Bathroom trolleys,https://www.ikea.com/nl/en/cat/bathroom-trolleys-20858/,https://www.ikea.com/nl/en/p/ragrund-trolley-bamboo-20549418/
Bathroom trolleys,https://www.ikea.com/nl/en/cat/bathroom-trolleys-20858/,https://www.ikea.com/nl/en/p/nissafors-trolley-black-10602982/
Bathroom trolleys,https://www.ikea.com/nl/en/cat/bathroom-trolleys-20858/,https://www.ikea.com/nl/en/p/frosjon-trolley-black-40574906/
Bathroom shelves & towel rails,https://www.ikea.com/nl/en/cat/bathroom-shelves-towelrails-20615/,https://www.ikea.com/nl/en/p/skoghall-towel-rail-self-adhesive-black-30598639/
Bathroom shelves & towel rails,https://www.ikea.com/nl/en/cat/bathroom-shelves-towelrails-20615/,https://www.ikea.com/nl/en/p/vesken-corner-shelf-unit-white-70471092/
Bathroom shelves & towel rails,https://www.ikea.com/nl/en/cat/bathroom-shelves-towelrails-20615/,https://www.ikea.com/nl/en/p/brogrund-hook-stainless-steel-20524677/
Bathroom shelves & towel rails,https://www.ikea.com/nl/en/cat/bathroom-shelves-towelrails-20615/,https://www.ikea.com/nl/en/p/skogsviken-towel-rail-black-60423822/
Bathroom shelves & towel rails,https://www.ikea.com/nl/en/cat/bathroom-shelves-towelrails-20615/,https://www.ikea.com/nl/en/p/skoghall-hook-self-adhesive-black-60579229/
Bathroom shelves & towel rails,https://www.ikea.com/nl/en/cat/bathroom-shelves-towelrails-20615/,https://www.ikea.com/nl/en/p/enudden-hanger-for-door-white-60251665/
Bathroom shelves & towel rails,https://www.ikea.com/nl/en/cat/bathroom-shelves-towelrails-20615/,https://www.ikea.com/nl/en/p/brogrund-wall-shelf-with-towel-rail-stainless-steel-70333982/
Bathroom shelves & towel rails,https://www.ikea.com/nl/en/cat/bathroom-shelves-towelrails-20615/,https://www.ikea.com/nl/en/p/brogrund-towel-rail-stainless-steel-30328534/
Bathroom shelves & towel rails,https://www.ikea.com/nl/en/cat/bathroom-shelves-towelrails-20615/,https://www.ikea.com/nl/en/p/tjusig-hanger-for-door-wall-white-70242656/
Bathroom shelves & towel rails,https://www.ikea.com/nl/en/cat/bathroom-shelves-towelrails-20615/,https://www.ikea.com/nl/en/p/tisken-towel-rack-with-suction-cup-black-00498542/
Bathroom shelves & towel rails,https://www.ikea.com/nl/en/cat/bathroom-shelves-towelrails-20615/,https://www.ikea.com/nl/en/p/brofjarden-wall-shelf-chrome-effect-60582236/
Bathroom shelves & towel rails,https://www.ikea.com/nl/en/cat/bathroom-shelves-towelrails-20615/,https://www.ikea.com/nl/en/p/florsjon-wall-shelf-with-3-hooks-beige-10605141/
Bathroom shelves & towel rails,https://www.ikea.com/nl/en/cat/bathroom-shelves-towelrails-20615/,https://www.ikea.com/nl/en/p/sekiner-hook-for-door-white-60498110/
Bathroom shelves & towel rails,https://www.ikea.com/nl/en/cat/bathroom-shelves-towelrails-20615/,https://www.ikea.com/nl/en/p/brofjarden-wall-shelf-with-towel-rail-chrome-effect-20582238/
Bathroom shelves & towel rails,https://www.ikea.com/nl/en/cat/bathroom-shelves-towelrails-20615/,https://www.ikea.com/nl/en/p/brogrund-towel-holder-3-bars-stainless-steel-60426707/
Bathroom shelves & towel rails,https://www.ikea.com/nl/en/cat/bathroom-shelves-towelrails-20615/,https://www.ikea.com/nl/en/p/ragrund-towel-rack-chair-bamboo-90253074/
Bathroom shelves & towel rails,https://www.ikea.com/nl/en/cat/bathroom-shelves-towelrails-20615/,https://www.ikea.com/nl/en/p/tjusig-hanger-black-80291707/
Bathroom shelves & towel rails,https://www.ikea.com/nl/en/cat/bathroom-shelves-towelrails-20615/,https://www.ikea.com/nl/en/p/valasjon-towel-rail-self-adhesive-20619944/
Bathroom shelves & towel rails,https://www.ikea.com/nl/en/cat/bathroom-shelves-towelrails-20615/,https://www.ikea.com/nl/en/p/florsjon-towel-rail-beige-20605145/
Bathroom shelves & towel rails,https://www.ikea.com/nl/en/cat/bathroom-shelves-towelrails-20615/,https://www.ikea.com/nl/en/p/skogsviken-hook-for-door-black-20423819/
Bathroom shelves & towel rails,https://www.ikea.com/nl/en/cat/bathroom-shelves-towelrails-20615/,https://www.ikea.com/nl/en/p/krokfjorden-hook-with-suction-cup-zinc-plated-70453998/
Bathroom shelves & towel rails,https://www.ikea.com/nl/en/cat/bathroom-shelves-towelrails-20615/,https://www.ikea.com/nl/en/p/storedamm-hook-rack-acacia-rattan-50576170/
Bathroom shelves & towel rails,https://www.ikea.com/nl/en/cat/bathroom-shelves-towelrails-20615/,https://www.ikea.com/nl/en/p/valasjon-hook-self-adhesive-20591860/
Bathroom shelves & towel rails,https://www.ikea.com/nl/en/cat/bathroom-shelves-towelrails-20615/,https://www.ikea.com/nl/en/p/brofjarden-double-hook-chrome-effect-50582227/
Bathroom mirrors,https://www.ikea.com/nl/en/cat/bathroom-mirrors-20490/,https://www.ikea.com/nl/en/p/lindbyn-mirror-black-30458610/
Bathroom mirrors,https://www.ikea.com/nl/en/cat/bathroom-mirrors-20490/,https://www.ikea.com/nl/en/p/lettan-mirror-80556401/
Bathroom mirrors,https://www.ikea.com/nl/en/cat/bathroom-mirrors-20490/,https://www.ikea.com/nl/en/p/nysjon-mirror-cabinet-white-10470830/
Bathroom mirrors,https://www.ikea.com/nl/en/cat/bathroom-mirrors-20490/,https://www.ikea.com/nl/en/p/treasjon-mirror-cab-2-door-built-in-lighting-50573906/
Bathroom mirrors,https://www.ikea.com/nl/en/cat/bathroom-mirrors-20490/,https://www.ikea.com/nl/en/p/lettan-mirror-cabinet-with-door-mirror-effect-mirror-glass-40534920/
Bathroom mirrors,https://www.ikea.com/nl/en/cat/bathroom-mirrors-20490/,https://www.ikea.com/nl/en/p/ekfann-mirror-with-integrated-lighting-dimmable-wall-mounted-black-90594006/
Bathroom mirrors,https://www.ikea.com/nl/en/cat/bathroom-mirrors-20490/,https://www.ikea.com/nl/en/p/nissedal-mirror-white-20320312/
Bathroom mirrors,https://www.ikea.com/nl/en/cat/bathroom-mirrors-20490/,https://www.ikea.com/nl/en/p/nysjon-mirror-with-shelf-white-60470837/
Bathroom mirrors,https://www.ikea.com/nl/en/cat/bathroom-mirrors-20490/,https://www.ikea.com/nl/en/p/frack-mirror-stainless-steel-38006200/
Bathroom mirrors,https://www.ikea.com/nl/en/cat/bathroom-mirrors-20490/,https://www.ikea.com/nl/en/p/faxalven-mirror-cabinet-w-built-in-lighting-oak-effect-s09516711/
Bathroom mirrors,https://www.ikea.com/nl/en/cat/bathroom-mirrors-20490/,https://www.ikea.com/nl/en/p/lindbyn-mirror-black-50458614/
Bathroom mirrors,https://www.ikea.com/nl/en/cat/bathroom-mirrors-20490/,https://www.ikea.com/nl/en/p/faxalven-mirror-with-built-in-lighting-s29516705/
Bathroom mirrors,https://www.ikea.com/nl/en/cat/bathroom-mirrors-20490/,https://www.ikea.com/nl/en/p/lettan-mirror-cabinet-with-doors-mirror-effect-mirror-glass-00534922/
Bathroom mirrors,https://www.ikea.com/nl/en/cat/bathroom-mirrors-20490/,https://www.ikea.com/nl/en/p/enhet-mirror-cabinet-with-2-doors-white-s39323669/
Bathroom mirrors,https://www.ikea.com/nl/en/cat/bathroom-mirrors-20490/,https://www.ikea.com/nl/en/p/blaser-mirror-10534337/
Bathroom mirrors,https://www.ikea.com/nl/en/cat/bathroom-mirrors-20490/,https://www.ikea.com/nl/en/p/lindbyn-mirror-black-70590448/
Bathroom mirrors,https://www.ikea.com/nl/en/cat/bathroom-mirrors-20490/,https://www.ikea.com/nl/en/p/faxalven-mirror-with-built-in-lighting-s79516703/
Bathroom mirrors,https://www.ikea.com/nl/en/cat/bathroom-mirrors-20490/,https://www.ikea.com/nl/en/p/nissedal-mirror-walnut-effect-20501869/
Bathroom mirrors,https://www.ikea.com/nl/en/cat/bathroom-mirrors-20490/,https://www.ikea.com/nl/en/p/enhet-mirror-cabinet-with-1-door-white-s49323701/
Bathroom mirrors,https://www.ikea.com/nl/en/cat/bathroom-mirrors-20490/,https://www.ikea.com/nl/en/p/lindbyn-mirror-black-30590445/
Bathroom mirrors,https://www.ikea.com/nl/en/cat/bathroom-mirrors-20490/,https://www.ikea.com/nl/en/p/lindbyn-mirror-black-90439218/
Bathroom mirrors,https://www.ikea.com/nl/en/cat/bathroom-mirrors-20490/,https://www.ikea.com/nl/en/p/storjorm-mirror-with-integrated-lighting-white-70248125/
Bathroom mirrors,https://www.ikea.com/nl/en/cat/bathroom-mirrors-20490/,https://www.ikea.com/nl/en/p/ivosjon-mirror-cabinet-with-1-door-green-10569096/
Bathroom mirrors,https://www.ikea.com/nl/en/cat/bathroom-mirrors-20490/,https://www.ikea.com/nl/en/p/lindbyn-mirror-gold-colour-60597959/
Bathroom laundry,https://www.ikea.com/nl/en/cat/bathroom-laundry-ba003/,https://www.ikea.com/nl/en/p/nattgibba-laundry-basket-willow-handmade-30531936/
Bathroom laundry,https://www.ikea.com/nl/en/cat/bathroom-laundry-ba003/,https://www.ikea.com/nl/en/p/purrpingla-laundry-bag-beige-00493832/
Bathroom laundry,https://www.ikea.com/nl/en/cat/bathroom-laundry-ba003/,https://www.ikea.com/nl/en/p/purrpingla-laundry-bag-with-stand-beige-40609406/
Bathroom laundry,https://www.ikea.com/nl/en/cat/bathroom-laundry-ba003/,https://www.ikea.com/nl/en/p/enhet-laundry-bag-with-castors-anthracite-70613906/
Bathroom laundry,https://www.ikea.com/nl/en/cat/bathroom-laundry-ba003/,https://www.ikea.com/nl/en/p/jall-laundry-bag-with-stand-white-30553607/
Bathroom laundry,https://www.ikea.com/nl/en/cat/bathroom-laundry-ba003/,https://www.ikea.com/nl/en/p/jonaxel-storage-combination-white-s89297130/
Bathroom laundry,https://www.ikea.com/nl/en/cat/bathroom-laundry-ba003/,https://www.ikea.com/nl/en/p/slibb-laundry-basket-white-70612723/
Bathroom laundry,https://www.ikea.com/nl/en/cat/bathroom-laundry-ba003/,https://www.ikea.com/nl/en/p/nysjon-laundry-cabinet-white-40496471/
Bathroom laundry,https://www.ikea.com/nl/en/cat/bathroom-laundry-ba003/,https://www.ikea.com/nl/en/p/nysjon-high-cabinet-white-20470815/
Bathroom laundry,https://www.ikea.com/nl/en/cat/bathroom-laundry-ba003/,https://www.ikea.com/nl/en/p/torkis-flexi-laundry-basket-in-outdoor-green-20579165/
Bathroom laundry,https://www.ikea.com/nl/en/cat/bathroom-laundry-ba003/,https://www.ikea.com/nl/en/p/slibb-washing-bag-white-grey-60567735/
Bathroom laundry,https://www.ikea.com/nl/en/cat/bathroom-laundry-ba003/,https://www.ikea.com/nl/en/p/klunka-laundry-bag-white-black-50364371/
Bathroom laundry,https://www.ikea.com/nl/en/cat/bathroom-laundry-ba003/,https://www.ikea.com/nl/en/p/enhet-storage-combination-white-s89547940/
Bathroom laundry,https://www.ikea.com/nl/en/cat/bathroom-laundry-ba003/,https://www.ikea.com/nl/en/p/nysjon-cabinet-for-washing-machine-white-10496477/
Bathroom laundry,https://www.ikea.com/nl/en/cat/bathroom-laundry-ba003/,https://www.ikea.com/nl/en/p/ljungan-laundry-bag-90527880/
Bathroom laundry,https://www.ikea.com/nl/en/cat/bathroom-laundry-ba003/,https://www.ikea.com/nl/en/p/danka-ironing-board-20471612/
Bathroom laundry,https://www.ikea.com/nl/en/cat/bathroom-laundry-ba003/,https://www.ikea.com/nl/en/p/frost-drying-rack-in-outdoor-white-40244831/
Bathroom laundry,https://www.ikea.com/nl/en/cat/bathroom-laundry-ba003/,https://www.ikea.com/nl/en/p/pressa-hanging-dryer-16-clothes-pegs-green-90579157/
Bathroom laundry,https://www.ikea.com/nl/en/cat/bathroom-laundry-ba003/,https://www.ikea.com/nl/en/p/slibb-washing-bag-set-of-2-white-grey-60569857/
Bathroom laundry,https://www.ikea.com/nl/en/cat/bathroom-laundry-ba003/,https://www.ikea.com/nl/en/p/antonius-drying-rack-white-70176086/
Bathroom laundry,https://www.ikea.com/nl/en/cat/bathroom-laundry-ba003/,https://www.ikea.com/nl/en/p/slibb-flexible-laundry-basket-green-20567723/
Bathroom laundry,https://www.ikea.com/nl/en/cat/bathroom-laundry-ba003/,https://www.ikea.com/nl/en/p/slibb-clothes-peg-green-90567748/
Bathroom laundry,https://www.ikea.com/nl/en/cat/bathroom-laundry-ba003/,https://www.ikea.com/nl/en/p/jall-ironingboard-table-20242890/
Bathroom laundry,https://www.ikea.com/nl/en/cat/bathroom-laundry-ba003/,https://www.ikea.com/nl/en/p/jonaxel-storage-combination-white-s59297141/
Bathroom lighting,https://www.ikea.com/nl/en/cat/bathroom-lighting-10736/,https://www.ikea.com/nl/en/p/barlast-led-ceiling-wall-lamp-white-00525908/
Bathroom lighting,https://www.ikea.com/nl/en/cat/bathroom-lighting-10736/,https://www.ikea.com/nl/en/p/ledsjo-led-wall-lamp-stainless-steel-00529794/
Bathroom lighting,https://www.ikea.com/nl/en/cat/bathroom-lighting-10736/,https://www.ikea.com/nl/en/p/vathult-led-cab-mirror-light-aluminium-colour-40467548/
Bathroom lighting,https://www.ikea.com/nl/en/cat/bathroom-lighting-10736/,https://www.ikea.com/nl/en/p/kabomba-led-ceiling-lamp-matt-black-60485278/
Bathroom lighting,https://www.ikea.com/nl/en/cat/bathroom-lighting-10736/,https://www.ikea.com/nl/en/p/flaskpost-led-cabinet-wall-lighting-chrome-plated-20591087/
Bathroom lighting,https://www.ikea.com/nl/en/cat/bathroom-lighting-10736/,https://www.ikea.com/nl/en/p/kabomba-led-wall-lamp-dimmable-matt-black-80485282/
Bathroom lighting,https://www.ikea.com/nl/en/cat/bathroom-lighting-10736/,https://www.ikea.com/nl/en/p/treasjon-mirror-cab-2-door-built-in-lighting-50573906/
Bathroom lighting,https://www.ikea.com/nl/en/cat/bathroom-lighting-10736/,https://www.ikea.com/nl/en/p/havsdun-led-wall-lamp-dimmable-white-frosted-glass-white-30499253/
Bathroom lighting,https://www.ikea.com/nl/en/cat/bathroom-lighting-10736/,https://www.ikea.com/nl/en/p/frihult-wall-lamp-stainless-steel-colour-40431601/
Bathroom lighting,https://www.ikea.com/nl/en/cat/bathroom-lighting-10736/,https://www.ikea.com/nl/en/p/frihult-ceiling-wall-lamp-stainless-steel-colour-20431560/
Bathroom lighting,https://www.ikea.com/nl/en/cat/bathroom-lighting-10736/,https://www.ikea.com/nl/en/p/silverglans-led-bathroom-lighting-strip-dimmable-white-10529227/
Bathroom lighting,https://www.ikea.com/nl/en/cat/bathroom-lighting-10736/,https://www.ikea.com/nl/en/p/kolvatten-led-lighting-with-sensor-white-battery-operated-20568987/
Bathroom lighting,https://www.ikea.com/nl/en/cat/bathroom-lighting-10736/,https://www.ikea.com/nl/en/p/storjorm-mirror-with-integrated-lighting-white-70248125/
Bathroom lighting,https://www.ikea.com/nl/en/cat/bathroom-lighting-10736/,https://www.ikea.com/nl/en/p/frihult-ceiling-lamp-black-70431548/
Bathroom lighting,https://www.ikea.com/nl/en/cat/bathroom-lighting-10736/,https://www.ikea.com/nl/en/p/kabomba-led-wall-lamp-with-mirror-dimmable-matt-black-60485283/
Bathroom lighting,https://www.ikea.com/nl/en/cat/bathroom-lighting-10736/,https://www.ikea.com/nl/en/p/bilresa-remote-control-kit-scroll-wheel-mixed-colours-50604173/
Bathroom lighting,https://www.ikea.com/nl/en/cat/bathroom-lighting-10736/,https://www.ikea.com/nl/en/p/faxalven-mirror-cabinet-w-built-in-lighting-oak-effect-s09516711/
Bathroom lighting,https://www.ikea.com/nl/en/cat/bathroom-lighting-10736/,https://www.ikea.com/nl/en/p/ekfann-mirror-with-integrated-lighting-dimmable-wall-mounted-black-90594006/
Bathroom lighting,https://www.ikea.com/nl/en/cat/bathroom-lighting-10736/,https://www.ikea.com/nl/en/p/treasjon-mirror-cab-1-door-built-in-lighting-50564445/
Bathroom lighting,https://www.ikea.com/nl/en/cat/bathroom-lighting-10736/,https://www.ikea.com/nl/en/p/faxalven-mirror-with-built-in-lighting-s29516705/
Bathroom lighting,https://www.ikea.com/nl/en/cat/bathroom-lighting-10736/,https://www.ikea.com/nl/en/p/ekfann-table-mirror-w-integrated-lighting-dimmable-black-90591852/
Bathroom lighting,https://www.ikea.com/nl/en/cat/bathroom-lighting-10736/,https://www.ikea.com/nl/en/p/bilresa-remote-control-white-smart-scroll-wheel-70604172/
Bathroom lighting,https://www.ikea.com/nl/en/cat/bathroom-lighting-10736/,https://www.ikea.com/nl/en/p/silverglans-driver-for-wireless-control-smart-white-10474772/
Bathroom lighting,https://www.ikea.com/nl/en/cat/bathroom-lighting-10736/,https://www.ikea.com/nl/en/p/bilresa-remote-control-white-smart-dual-button-10604165/
Bathroom countertops,https://www.ikea.com/nl/en/cat/bathroom-countertops-30565/,https://www.ikea.com/nl/en/p/tolken-countertop-white-marble-effect-foliated-board-50354701/
Bathroom countertops,https://www.ikea.com/nl/en/cat/bathroom-countertops-30565/,https://www.ikea.com/nl/en/p/alsken-countertop-bamboo-veneer-50555115/
Bathroom countertops,https://www.ikea.com/nl/en/cat/bathroom-countertops-30565/,https://www.ikea.com/nl/en/p/hemtrask-countertop-white-laminate-20516111/
Bathroom sinks,https://www.ikea.com/nl/en/cat/bathroom-sinks-20723/,https://www.ikea.com/nl/en/p/backsjon-wash-basin-with-water-trap-white-s59516761/
Bathroom sinks,https://www.ikea.com/nl/en/cat/bathroom-sinks-20723/,https://www.ikea.com/nl/en/p/orrsjon-wash-basin-with-water-trap-white-s79516755/
Bathroom sinks,https://www.ikea.com/nl/en/cat/bathroom-sinks-20723/,https://www.ikea.com/nl/en/p/orrsjon-double-wash-basin-with-water-trap-white-s19516758/
Bathroom sinks,https://www.ikea.com/nl/en/cat/bathroom-sinks-20723/,https://www.ikea.com/nl/en/p/backsjon-semi-recessed-wash-basin-w-watr-trp-black-s29575403/
Bathroom sinks,https://www.ikea.com/nl/en/cat/bathroom-sinks-20723/,https://www.ikea.com/nl/en/p/oxmyren-countertop-wash-basin-glass-dark-grey-30494694/
Bathroom sinks,https://www.ikea.com/nl/en/cat/bathroom-sinks-20723/,https://www.ikea.com/nl/en/p/vastersjon-countertop-wash-basin-w-water-trap-white-s49574488/
Bathroom sinks,https://www.ikea.com/nl/en/cat/bathroom-sinks-20723/,https://www.ikea.com/nl/en/p/rannilen-water-trap-w-flexible-pipe-1-bowl-20554532/
Bathroom sinks,https://www.ikea.com/nl/en/cat/bathroom-sinks-20723/,https://www.ikea.com/nl/en/p/backsjon-double-wash-basin-with-water-trap-white-s19516763/
Bathroom sinks,https://www.ikea.com/nl/en/cat/bathroom-sinks-20723/,https://www.ikea.com/nl/en/p/skatsjon-wash-basin-w-water-trap-mixer-tap-white-s39546740/
Bathroom sinks,https://www.ikea.com/nl/en/cat/bathroom-sinks-20723/,https://www.ikea.com/nl/en/p/rutsjon-wash-basin-with-water-trap-white-s69516765/
Bathroom sinks,https://www.ikea.com/nl/en/cat/bathroom-sinks-20723/,https://www.ikea.com/nl/en/p/tvallen-wash-basin-with-water-trap-white-s49546909/
Bathroom sinks,https://www.ikea.com/nl/en/cat/bathroom-sinks-20723/,https://www.ikea.com/nl/en/p/lersjon-countertop-wash-basin-w-water-trap-white-s09574490/
Bathroom sinks,https://www.ikea.com/nl/en/cat/bathroom-sinks-20723/,https://www.ikea.com/nl/en/p/orrsjon-semi-recessed-wash-basin-w-watr-trp-white-s09516914/
Bathroom sinks,https://www.ikea.com/nl/en/cat/bathroom-sinks-20723/,https://www.ikea.com/nl/en/p/skatsjon-wash-basin-with-water-trap-white-s79546738/
Bathroom sinks,https://www.ikea.com/nl/en/cat/bathroom-sinks-20723/,https://www.ikea.com/nl/en/p/rannilen-water-trap-w-flexible-pipe-2-bowls-10562434/
Bathroom sinks,https://www.ikea.com/nl/en/cat/bathroom-sinks-20723/,https://www.ikea.com/nl/en/p/bjorkan-wash-basin-with-water-trap-white-s99546718/
Bathroom sinks,https://www.ikea.com/nl/en/cat/bathroom-sinks-20723/,https://www.ikea.com/nl/en/p/rannilen-wash-basin-plug-pop-up-80567230/
Bathroom sinks,https://www.ikea.com/nl/en/cat/bathroom-sinks-20723/,https://www.ikea.com/nl/en/p/rutsjon-semi-recessed-wash-basin-w-watr-trp-white-s29517026/
Bathroom sinks,https://www.ikea.com/nl/en/cat/bathroom-sinks-20723/,https://www.ikea.com/nl/en/p/bjorkan-wash-basin-w-water-trap-mixer-tap-white-s19546722/
Bathroom taps,https://www.ikea.com/nl/en/cat/bathroom-taps-20724/,https://www.ikea.com/nl/en/p/lundskar-wash-basin-mixer-tap-black-30532554/
Bathroom taps,https://www.ikea.com/nl/en/cat/bathroom-taps-20724/,https://www.ikea.com/nl/en/p/glypen-mixer-tap-stainless-steel-effect-30442365/
Bathroom taps,https://www.ikea.com/nl/en/cat/bathroom-taps-20724/,https://www.ikea.com/nl/en/p/saljen-wash-basin-mixer-tap-black-40385492/
Bathroom taps,https://www.ikea.com/nl/en/cat/bathroom-taps-20724/,https://www.ikea.com/nl/en/p/dalskar-wash-basin-mixer-tap-black-70603498/
Bathroom taps,https://www.ikea.com/nl/en/cat/bathroom-taps-20724/,https://www.ikea.com/nl/en/p/ensen-wash-basin-mixer-tap-chrome-plated-20532540/
Bathroom taps,https://www.ikea.com/nl/en/cat/bathroom-taps-20724/,https://www.ikea.com/nl/en/p/hamnskar-wash-basin-mixer-tap-chrome-plated-40532704/
Bathroom taps,https://www.ikea.com/nl/en/cat/bathroom-taps-20724/,https://www.ikea.com/nl/en/p/brogrund-wash-basin-mixer-tap-chrome-plated-90532099/
Bathroom taps,https://www.ikea.com/nl/en/cat/bathroom-taps-20724/,https://www.ikea.com/nl/en/p/bergvattnet-wash-basin-mixer-tap-80590749/
Bathroom taps,https://www.ikea.com/nl/en/cat/bathroom-taps-20724/,https://www.ikea.com/nl/en/p/runskar-wash-basin-mixer-tap-brass-colour-90532867/
Bathroom taps,https://www.ikea.com/nl/en/cat/bathroom-taps-20724/,https://www.ikea.com/nl/en/p/pilkan-wash-basin-mixer-tap-chrome-plated-50532850/
Bathroom taps,https://www.ikea.com/nl/en/cat/bathroom-taps-20724/,https://www.ikea.com/nl/en/p/voxnan-wash-basin-mixer-tap-tall-chrome-plated-50533166/
Bathroom taps,https://www.ikea.com/nl/en/cat/bathroom-taps-20724/,https://www.ikea.com/nl/en/p/voxnan-wash-basin-mixer-tap-chrome-plated-00533258/
Bathroom taps,https://www.ikea.com/nl/en/cat/bathroom-taps-20724/,https://www.ikea.com/nl/en/p/brogrund-wash-basin-mixer-tap-tall-chrome-plated-10532084/
Bathroom taps,https://www.ikea.com/nl/en/cat/bathroom-taps-20724/,https://www.ikea.com/nl/en/p/brogrund-wash-basin-mixer-tap-with-sensor-chrome-plated-80497063/
Bathroom taps,https://www.ikea.com/nl/en/cat/bathroom-taps-20724/,https://www.ikea.com/nl/en/p/abacken-mist-nozzle-for-mixer-tap-90423825/
Bathroom taps,https://www.ikea.com/nl/en/cat/bathroom-taps-20724/,https://www.ikea.com/nl/en/p/hamnskar-wash-basin-mixer-tap-tall-chrome-plated-10532055/
Showers,https://www.ikea.com/nl/en/cat/showers-40690/,https://www.ikea.com/nl/en/p/brogrund-shower-set-with-thermostatic-mixer-chrome-plated-50608208/
Showers,https://www.ikea.com/nl/en/cat/showers-40690/,https://www.ikea.com/nl/en/p/brogrund-5-spray-handshower-chrome-plated-60342543/
Showers,https://www.ikea.com/nl/en/cat/showers-40690/,https://www.ikea.com/nl/en/p/hornen-shower-curtain-rod-10306024/
Showers,https://www.ikea.com/nl/en/cat/showers-40690/,https://www.ikea.com/nl/en/p/kolsjon-shower-hose-chrome-plated-60342595/
Showers,https://www.ikea.com/nl/en/cat/showers-40690/,https://www.ikea.com/nl/en/p/brogrund-head-handshower-kit-with-diverter-chrome-plated-70608207/
Showers,https://www.ikea.com/nl/en/cat/showers-40690/,https://www.ikea.com/nl/en/p/botaren-shower-curtain-rod-white-10306019/
Showers,https://www.ikea.com/nl/en/cat/showers-40690/,https://www.ikea.com/nl/en/p/vallamosse-riser-rail-with-handshower-kit-chrome-plated-10349660/
Showers,https://www.ikea.com/nl/en/cat/showers-40690/,https://www.ikea.com/nl/en/p/stavbjornbar-shower-curtain-black-white-60623166/
Showers,https://www.ikea.com/nl/en/cat/showers-40690/,https://www.ikea.com/nl/en/p/oppejen-fotingen-corner-shower-with-tray-s19326249/
Showers,https://www.ikea.com/nl/en/cat/showers-40690/,https://www.ikea.com/nl/en/p/oppejen-shower-screen-glass-50410165/
Showers,https://www.ikea.com/nl/en/cat/showers-40690/,https://www.ikea.com/nl/en/p/voxnan-head-handshower-kit-with-diverter-chrome-plated-30608209/
Showers,https://www.ikea.com/nl/en/cat/showers-40690/,https://www.ikea.com/nl/en/p/vallamosse-thermostatic-shower-mixer-chrome-plated-10349655/
Showers,https://www.ikea.com/nl/en/cat/showers-40690/,https://www.ikea.com/nl/en/p/brogrund-corner-wall-shelf-unit-stainless-steel-30408979/
Showers,https://www.ikea.com/nl/en/cat/showers-40690/,https://www.ikea.com/nl/en/p/florsjon-shower-shelf-beige-70605143/
Showers,https://www.ikea.com/nl/en/cat/showers-40690/,https://www.ikea.com/nl/en/p/strandlummer-shower-curtain-multicolour-40591147/
Showers,https://www.ikea.com/nl/en/cat/showers-40690/,https://www.ikea.com/nl/en/p/tisken-hand-shower-park-bracket-w-suc-cup-black-80498538/
Showers,https://www.ikea.com/nl/en/cat/showers-40690/,https://www.ikea.com/nl/en/p/brofjarden-shower-shelf-chrome-effect-10582234/
Showers,https://www.ikea.com/nl/en/cat/showers-40690/,https://www.ikea.com/nl/en/p/bergvattnet-bucket-90590744/
Showers,https://www.ikea.com/nl/en/cat/showers-40690/,https://www.ikea.com/nl/en/p/fotingen-shower-tray-00410200/
Showers,https://www.ikea.com/nl/en/cat/showers-40690/,https://www.ikea.com/nl/en/p/oppejen-fotingen-shower-enclosure-with-2-doors-tray-s59326252/
Showers,https://www.ikea.com/nl/en/cat/showers-40690/,https://www.ikea.com/nl/en/p/havern-bath-rack-bamboo-30323188/
Showers,https://www.ikea.com/nl/en/cat/showers-40690/,https://www.ikea.com/nl/en/p/vallamosse-single-spray-handshower-chrome-plated-20349650/
Showers,https://www.ikea.com/nl/en/cat/showers-40690/,https://www.ikea.com/nl/en/p/borstaloe-shower-curtain-black-50622214/
Showers,https://www.ikea.com/nl/en/cat/showers-40690/,https://www.ikea.com/nl/en/p/luddhagtorn-shower-curtain-grey-30613692/
Plant stands & movers,https://www.ikea.com/nl/en/cat/plant-stands-movers-20494/,https://www.ikea.com/nl/en/p/olivblad-plant-stand-in-outdoor-black-50486650/
Plant stands & movers,https://www.ikea.com/nl/en/cat/plant-stands-movers-20494/,https://www.ikea.com/nl/en/p/olivblad-plant-stand-in-outdoor-black-10486647/
Plant stands & movers,https://www.ikea.com/nl/en/cat/plant-stands-movers-20494/,https://www.ikea.com/nl/en/p/daksjus-plant-stand-bamboo-10567021/
Plant stands & movers,https://www.ikea.com/nl/en/cat/plant-stands-movers-20494/,https://www.ikea.com/nl/en/p/langnabb-plant-stand-in-outdoor-white-10621725/
Plant stands & movers,https://www.ikea.com/nl/en/cat/plant-stands-movers-20494/,https://www.ikea.com/nl/en/p/olivblad-plant-stand-in-outdoor-black-10486652/
Plant stands & movers,https://www.ikea.com/nl/en/cat/plant-stands-movers-20494/,https://www.ikea.com/nl/en/p/satsumas-plant-stand-bamboo-white-40258154/
Plant stands & movers,https://www.ikea.com/nl/en/cat/plant-stands-movers-20494/,https://www.ikea.com/nl/en/p/olivblad-plant-stand-in-outdoor-off-white-90612005/
Plant stands & movers,https://www.ikea.com/nl/en/cat/plant-stands-movers-20494/,https://www.ikea.com/nl/en/p/daksjus-plant-stand-bamboo-70567018/
Plant stands & movers,https://www.ikea.com/nl/en/cat/plant-stands-movers-20494/,https://www.ikea.com/nl/en/p/doftrips-plant-support-set-of-2-in-outdoor-mixed-shapes-40612362/
Plant stands & movers,https://www.ikea.com/nl/en/cat/plant-stands-movers-20494/,https://www.ikea.com/nl/en/p/skuggrona-wall-mounted-plant-stand-black-20562018/
Plant stands & movers,https://www.ikea.com/nl/en/cat/plant-stands-movers-20494/,https://www.ikea.com/nl/en/p/alpvide-plant-stand-white-70546262/
Plant stands & movers,https://www.ikea.com/nl/en/cat/plant-stands-movers-20494/,https://www.ikea.com/nl/en/p/satsumas-plant-stand-bamboo-white-90258156/
Plant stands & movers,https://www.ikea.com/nl/en/cat/plant-stands-movers-20494/,https://www.ikea.com/nl/en/p/skuggrona-wall-mounted-plant-stand-black-70562011/
Plant stands & movers,https://www.ikea.com/nl/en/cat/plant-stands-movers-20494/,https://www.ikea.com/nl/en/p/akerbar-plant-mover-in-outdoor-galvanised-10537166/
Plant stands & movers,https://www.ikea.com/nl/en/cat/plant-stands-movers-20494/,https://www.ikea.com/nl/en/p/vaniljstang-plant-stand-pine-black-40426341/
Plant stands & movers,https://www.ikea.com/nl/en/cat/plant-stands-movers-20494/,https://www.ikea.com/nl/en/p/primarskog-plant-stand-20555094/
Plant stands & movers,https://www.ikea.com/nl/en/cat/plant-stands-movers-20494/,https://www.ikea.com/nl/en/p/mittzon-frame-w-cstrs-disp-shlf-cable-box-white-s59514677/
Plant stands & movers,https://www.ikea.com/nl/en/cat/plant-stands-movers-20494/,https://www.ikea.com/nl/en/p/mittzon-frame-w-castors-container-cable-box-white-s39514678/
Plant stands & movers,https://www.ikea.com/nl/en/cat/plant-stands-movers-20494/,https://www.ikea.com/nl/en/p/alpvide-plant-stand-white-10546260/
Plant stands & movers,https://www.ikea.com/nl/en/cat/plant-stands-movers-20494/,https://www.ikea.com/nl/en/p/olivblad-plant-mover-in-outdoor-dark-grey-00585577/
Plant stands & movers,https://www.ikea.com/nl/en/cat/plant-stands-movers-20494/,https://www.ikea.com/nl/en/p/olivblad-plant-mover-in-outdoor-off-white-30612008/
Growing accessories,https://www.ikea.com/nl/en/cat/growing-accessories-24887/,https://www.ikea.com/nl/en/p/akerbar-greenhouse-in-outdoor-white-30537170/
Growing accessories,https://www.ikea.com/nl/en/cat/growing-accessories-24887/,https://www.ikea.com/nl/en/p/doftrips-self-watering-insert-glass-pink-green-40611937/
Growing accessories,https://www.ikea.com/nl/en/cat/growing-accessories-24887/,https://www.ikea.com/nl/en/p/doftrips-growing-set-transparent-off-white-60612337/
Growing accessories,https://www.ikea.com/nl/en/cat/growing-accessories-24887/,https://www.ikea.com/nl/en/p/asparen-greenhouse-transparent-white-20585623/
Growing accessories,https://www.ikea.com/nl/en/cat/growing-accessories-24887/,https://www.ikea.com/nl/en/p/hyllis-shelving-unit-with-cover-transparent-s99291745/
Growing accessories,https://www.ikea.com/nl/en/cat/growing-accessories-24887/,https://www.ikea.com/nl/en/p/asparen-greenhouse-transparent-white-60585621/
Growing accessories,https://www.ikea.com/nl/en/cat/growing-accessories-24887/,https://www.ikea.com/nl/en/p/doftrips-potting-mat-striped-pink-bright-red-50611951/
Growing accessories,https://www.ikea.com/nl/en/cat/growing-accessories-24887/,https://www.ikea.com/nl/en/p/tomat-spray-bottle-bright-red-10611991/
Growing accessories,https://www.ikea.com/nl/en/cat/growing-accessories-24887/,https://www.ikea.com/nl/en/p/doftrips-soil-scoop-green-20612339/
Growing accessories,https://www.ikea.com/nl/en/cat/growing-accessories-24887/,https://www.ikea.com/nl/en/p/doftrips-plant-support-set-of-2-in-outdoor-mixed-shapes-40612362/
Growing accessories,https://www.ikea.com/nl/en/cat/growing-accessories-24887/,https://www.ikea.com/nl/en/p/larkar-2-piece-gardening-set-birch-stainless-steel-large-30612485/
Growing accessories,https://www.ikea.com/nl/en/cat/growing-accessories-24887/,https://www.ikea.com/nl/en/p/brytbona-scissors-stainless-steel-80611935/
Growing accessories,https://www.ikea.com/nl/en/cat/growing-accessories-24887/,https://www.ikea.com/nl/en/p/brytbona-herb-scissors-orange-00585191/
Growing accessories,https://www.ikea.com/nl/en/cat/growing-accessories-24887/,https://www.ikea.com/nl/en/p/grasmaro-3-piece-gardening-set-in-outdoor-orange-00584813/
Growing accessories,https://www.ikea.com/nl/en/cat/growing-accessories-24887/,https://www.ikea.com/nl/en/p/brytbona-secateurs-bright-red-90612010/
Growing accessories,https://www.ikea.com/nl/en/cat/growing-accessories-24887/,https://www.ikea.com/nl/en/p/larkar-2-piece-gardening-set-birch-small-light-green-80612483/
Watering cans,https://www.ikea.com/nl/en/cat/watering-cans-20493/,https://www.ikea.com/nl/en/p/svamskog-self-watering-insert-terracotta-transparent-40570871/
Watering cans,https://www.ikea.com/nl/en/cat/watering-cans-20493/,https://www.ikea.com/nl/en/p/ikea-ps-2002-watering-can-white-60289946/
Watering cans,https://www.ikea.com/nl/en/cat/watering-cans-20493/,https://www.ikea.com/nl/en/p/vattenkrasse-watering-can-ivory-gold-colour-40394118/
Watering cans,https://www.ikea.com/nl/en/cat/watering-cans-20493/,https://www.ikea.com/nl/en/p/doftrips-watering-can-green-00612316/
Watering cans,https://www.ikea.com/nl/en/cat/watering-cans-20493/,https://www.ikea.com/nl/en/p/akerbar-watering-can-in-outdoor-galvanised-90505487/
Watering cans,https://www.ikea.com/nl/en/cat/watering-cans-20493/,https://www.ikea.com/nl/en/p/vattenkrasse-watering-can-black-gold-colour-20626751/
Watering cans,https://www.ikea.com/nl/en/cat/watering-cans-20493/,https://www.ikea.com/nl/en/p/doftrips-watering-can-stainless-steel-40612319/
Watering cans,https://www.ikea.com/nl/en/cat/watering-cans-20493/,https://www.ikea.com/nl/en/p/tomat-spray-bottle-white-40371254/
Watering cans,https://www.ikea.com/nl/en/cat/watering-cans-20493/,https://www.ikea.com/nl/en/p/ikea-ps-2002-watering-can-bright-red-80611978/
Watering cans,https://www.ikea.com/nl/en/cat/watering-cans-20493/,https://www.ikea.com/nl/en/p/korkgran-watering-can-in-outdoor-galvanised-60611984/
Watering cans,https://www.ikea.com/nl/en/cat/watering-cans-20493/,https://www.ikea.com/nl/en/p/doftrips-self-watering-insert-glass-pink-green-40611937/
Watering cans,https://www.ikea.com/nl/en/cat/watering-cans-20493/,https://www.ikea.com/nl/en/p/sesamfron-plant-mister-clear-glass-20488189/
Watering cans,https://www.ikea.com/nl/en/cat/watering-cans-20493/,https://www.ikea.com/nl/en/p/bittergurka-watering-can-white-30368068/
Watering cans,https://www.ikea.com/nl/en/cat/watering-cans-20493/,https://www.ikea.com/nl/en/p/artbuske-vase-watering-can-bright-green-60537654/
Watering cans,https://www.ikea.com/nl/en/cat/watering-cans-20493/,https://www.ikea.com/nl/en/p/chilifrukt-vase-watering-can-bright-blue-10597792/
Watering cans,https://www.ikea.com/nl/en/cat/watering-cans-20493/,https://www.ikea.com/nl/en/p/tomat-spray-bottle-bright-red-10611991/
Watering cans,https://www.ikea.com/nl/en/cat/watering-cans-20493/,https://www.ikea.com/nl/en/p/salladskal-watering-can-in-outdoor-yellow-50611989/
Watering cans,https://www.ikea.com/nl/en/cat/watering-cans-20493/,https://www.ikea.com/nl/en/p/korkgran-watering-can-in-outdoor-galvanised-10611986/
Spray bottles & misters,https://www.ikea.com/nl/en/cat/spray-bottles-misters-700778/,https://www.ikea.com/nl/en/p/tomat-spray-bottle-white-40371254/
Spray bottles & misters,https://www.ikea.com/nl/en/cat/spray-bottles-misters-700778/,https://www.ikea.com/nl/en/p/pepprig-spray-bottle-30499535/
Spray bottles & misters,https://www.ikea.com/nl/en/cat/spray-bottles-misters-700778/,https://www.ikea.com/nl/en/p/tomat-spray-bottle-bright-red-10611991/
Spray bottles & misters,https://www.ikea.com/nl/en/cat/spray-bottles-misters-700778/,https://www.ikea.com/nl/en/p/svamskog-self-watering-insert-terracotta-transparent-40570871/
Spray bottles & misters,https://www.ikea.com/nl/en/cat/spray-bottles-misters-700778/,https://www.ikea.com/nl/en/p/vattenkrasse-plant-mister-ivory-gold-colour-10561986/
Spray bottles & misters,https://www.ikea.com/nl/en/cat/spray-bottles-misters-700778/,https://www.ikea.com/nl/en/p/sesamfron-plant-mister-clear-glass-20488189/
Spray bottles & misters,https://www.ikea.com/nl/en/cat/spray-bottles-misters-700778/,https://www.ikea.com/nl/en/p/doftrips-self-watering-insert-glass-pink-green-40611937/
Curtains,https://www.ikea.com/nl/en/cat/curtains-10700/,https://www.ikea.com/nl/en/p/bengta-block-out-curtain-1-piece-beige-with-heading-tape-30602090/
Curtains,https://www.ikea.com/nl/en/cat/curtains-10700/,https://www.ikea.com/nl/en/p/ginstmott-curtains-1-pair-beige-with-heading-tape-40597173/
Curtains,https://www.ikea.com/nl/en/cat/curtains-10700/,https://www.ikea.com/nl/en/p/korgmott-block-out-curtains-1-pair-beige-with-heading-tape-50597158/
Curtains,https://www.ikea.com/nl/en/cat/curtains-10700/,https://www.ikea.com/nl/en/p/annakajsa-room-darkening-curtains-1-pair-beige-with-heading-tape-30462792/
Curtains,https://www.ikea.com/nl/en/cat/curtains-10700/,https://www.ikea.com/nl/en/p/dytag-curtains-1-pair-beige-with-heading-tape-80607820/
Curtains,https://www.ikea.com/nl/en/cat/curtains-10700/,https://www.ikea.com/nl/en/p/vilborg-room-darkening-curtains-1-pair-beige-with-heading-tape-50297555/
Curtains,https://www.ikea.com/nl/en/cat/curtains-10700/,https://www.ikea.com/nl/en/p/stenfro-sheer-curtains-1-pair-white-with-heading-tape-50562125/
Curtains,https://www.ikea.com/nl/en/cat/curtains-10700/,https://www.ikea.com/nl/en/p/tibast-room-darkening-curtains-1-pair-dark-red-with-heading-tape-50466666/
Curtains,https://www.ikea.com/nl/en/cat/curtains-10700/,https://www.ikea.com/nl/en/p/rosenmandel-block-out-curtains-1-pair-dark-green-with-heading-tape-70539068/
Curtains,https://www.ikea.com/nl/en/cat/curtains-10700/,https://www.ikea.com/nl/en/p/lill-net-curtains-1-pair-white-with-rod-pocket-10070262/
Curtains,https://www.ikea.com/nl/en/cat/curtains-10700/,https://www.ikea.com/nl/en/p/hallebracka-sheer-curtains-1-pair-light-beige-with-heading-tape-00556848/
Curtains,https://www.ikea.com/nl/en/cat/curtains-10700/,https://www.ikea.com/nl/en/p/tibast-curtains-1-pair-white-with-heading-tape-10396760/
Curtains,https://www.ikea.com/nl/en/cat/curtains-10700/,https://www.ikea.com/nl/en/p/sanela-curtains-1-pair-beige-yellow-with-heading-tape-60589884/
Curtains,https://www.ikea.com/nl/en/cat/curtains-10700/,https://www.ikea.com/nl/en/p/stenfro-sheer-curtain-1-piece-white-with-heading-tape-10597706/
Curtains,https://www.ikea.com/nl/en/cat/curtains-10700/,https://www.ikea.com/nl/en/p/stockholm-2025-sheer-curtain-1-piece-off-white-with-heading-tape-90601002/
Curtains,https://www.ikea.com/nl/en/cat/curtains-10700/,https://www.ikea.com/nl/en/p/majgull-block-out-curtains-1-pair-black-with-heading-tape-60570974/
Curtains,https://www.ikea.com/nl/en/cat/curtains-10700/,https://www.ikea.com/nl/en/p/lenda-curtains-with-tie-backs-1-pair-off-white-with-heading-tape-50552881/
Curtains,https://www.ikea.com/nl/en/cat/curtains-10700/,https://www.ikea.com/nl/en/p/angsfryle-sheer-curtain-1-piece-beige-with-heading-tape-50569221/
Curtains,https://www.ikea.com/nl/en/cat/curtains-10700/,https://www.ikea.com/nl/en/p/silverlonn-sheer-curtains-1-pair-white-with-heading-tape-20491040/
Curtains,https://www.ikea.com/nl/en/cat/curtains-10700/,https://www.ikea.com/nl/en/p/majgull-room-darkening-curtains-1-pair-beige-yellow-with-heading-tape-70586026/
Curtains,https://www.ikea.com/nl/en/cat/curtains-10700/,https://www.ikea.com/nl/en/p/alvine-spets-net-curtains-1-pair-off-white-with-rod-pocket-80070763/
Curtains,https://www.ikea.com/nl/en/cat/curtains-10700/,https://www.ikea.com/nl/en/p/rosenrobinia-sheer-curtains-1-pair-beige-with-heading-tape-30564856/
Curtains,https://www.ikea.com/nl/en/cat/curtains-10700/,https://www.ikea.com/nl/en/p/teresia-sheer-curtains-1-pair-white-with-rod-pocket-50232333/
Curtains,https://www.ikea.com/nl/en/cat/curtains-10700/,https://www.ikea.com/nl/en/p/bymott-curtains-1-pair-white-beige-striped-with-heading-tape-80509971/
Blinds,https://www.ikea.com/nl/en/cat/blinds-10701/,https://www.ikea.com/nl/en/p/schottis-block-out-pleated-blind-dark-grey-90369507/
Blinds,https://www.ikea.com/nl/en/cat/blinds-10701/,https://www.ikea.com/nl/en/p/hornvallmo-block-out-pleated-blind-white-top-down-bottom-up-70541622/
Blinds,https://www.ikea.com/nl/en/cat/blinds-10701/,https://www.ikea.com/nl/en/p/schottis-pleated-blind-white-20242282/
Blinds,https://www.ikea.com/nl/en/cat/blinds-10701/,https://www.ikea.com/nl/en/p/hornvallmo-pleated-blind-white-top-down-bottom-up-40541614/
Blinds,https://www.ikea.com/nl/en/cat/blinds-10701/,https://www.ikea.com/nl/en/p/fridans-block-out-roller-blind-white-10396864/
Blinds,https://www.ikea.com/nl/en/cat/blinds-10701/,https://www.ikea.com/nl/en/p/sandvedel-roller-blind-beige-20467200/
Blinds,https://www.ikea.com/nl/en/cat/blinds-10701/,https://www.ikea.com/nl/en/p/fridans-block-out-roller-blind-white-30396863/
Blinds,https://www.ikea.com/nl/en/cat/blinds-10701/,https://www.ikea.com/nl/en/p/hoppvals-cellular-blind-grey-30376718/
Blinds,https://www.ikea.com/nl/en/cat/blinds-10701/,https://www.ikea.com/nl/en/p/langdans-roller-blind-grey-30467214/
Blinds,https://www.ikea.com/nl/en/cat/blinds-10701/,https://www.ikea.com/nl/en/p/fridans-block-out-roller-blind-grey-50396923/
Blinds,https://www.ikea.com/nl/en/cat/blinds-10701/,https://www.ikea.com/nl/en/p/fonsterblad-block-out-roller-blind-beige-20538453/
Blinds,https://www.ikea.com/nl/en/cat/blinds-10701/,https://www.ikea.com/nl/en/p/vecklarfly-venetian-blind-bamboo-40616299/
Blinds,https://www.ikea.com/nl/en/cat/blinds-10701/,https://www.ikea.com/nl/en/p/fridans-block-out-roller-blind-black-00396992/
Blinds,https://www.ikea.com/nl/en/cat/blinds-10701/,https://www.ikea.com/nl/en/p/vecklarfly-venetian-blind-bamboo-20616295/
Blinds,https://www.ikea.com/nl/en/cat/blinds-10701/,https://www.ikea.com/nl/en/p/fonsterblad-block-out-roller-blind-beige-80538450/
Blinds,https://www.ikea.com/nl/en/cat/blinds-10701/,https://www.ikea.com/nl/en/p/fonsterblad-block-out-roller-blind-beige-10538444/
Blinds,https://www.ikea.com/nl/en/cat/blinds-10701/,https://www.ikea.com/nl/en/p/sandvedel-roller-blind-beige-00467201/
Blinds,https://www.ikea.com/nl/en/cat/blinds-10701/,https://www.ikea.com/nl/en/p/hornvallmo-block-out-pleated-blind-white-top-down-bottom-up-40619820/
Blinds,https://www.ikea.com/nl/en/cat/blinds-10701/,https://www.ikea.com/nl/en/p/tandlundfly-double-roller-blind-20633959/
Blinds,https://www.ikea.com/nl/en/cat/blinds-10701/,https://www.ikea.com/nl/en/p/ringblomma-roman-blind-beige-00583535/
Blinds,https://www.ikea.com/nl/en/cat/blinds-10701/,https://www.ikea.com/nl/en/p/vecklarfly-venetian-blind-bamboo-60616316/
Blinds,https://www.ikea.com/nl/en/cat/blinds-10701/,https://www.ikea.com/nl/en/p/trippevals-block-out-cellular-blind-white-30506545/
Blinds,https://www.ikea.com/nl/en/cat/blinds-10701/,https://www.ikea.com/nl/en/p/fridans-block-out-roller-blind-white-10396859/
Blinds,https://www.ikea.com/nl/en/cat/blinds-10701/,https://www.ikea.com/nl/en/p/hoppvals-room-darkening-cellular-blind-grey-90386427/
Curtain rods & rails,https://www.ikea.com/nl/en/cat/curtain-rods-rails-18891/,https://www.ikea.com/nl/en/p/vidga-single-track-rail-included-ceiling-fittings-white-20492916/
Curtain rods & rails,https://www.ikea.com/nl/en/cat/curtain-rods-rails-18891/,https://www.ikea.com/nl/en/p/bekrafta-curtain-rod-set-black-30489683/
Curtain rods & rails,https://www.ikea.com/nl/en/cat/curtain-rods-rails-18891/,https://www.ikea.com/nl/en/p/betydlig-wall-ceiling-bracket-black-60217228/
Curtain rods & rails,https://www.ikea.com/nl/en/cat/curtain-rods-rails-18891/,https://www.ikea.com/nl/en/p/dignitet-curtain-wire-stainless-steel-60075295/
Curtain rods & rails,https://www.ikea.com/nl/en/cat/curtain-rods-rails-18891/,https://www.ikea.com/nl/en/p/riktig-curtain-hook-pleating-hooks-40212203/
Curtain rods & rails,https://www.ikea.com/nl/en/cat/curtain-rods-rails-18891/,https://www.ikea.com/nl/en/p/betydlig-curtain-rod-holder-black-50219893/
Curtain rods & rails,https://www.ikea.com/nl/en/cat/curtain-rods-rails-18891/,https://www.ikea.com/nl/en/p/hugad-curtain-rod-black-50217139/
Curtain rods & rails,https://www.ikea.com/nl/en/cat/curtain-rods-rails-18891/,https://www.ikea.com/nl/en/p/hugad-wall-fitting-for-curtain-rod-black-00269135/
Curtain rods & rails,https://www.ikea.com/nl/en/cat/curtain-rods-rails-18891/,https://www.ikea.com/nl/en/p/vidga-single-track-set-white-s49428232/
Curtain rods & rails,https://www.ikea.com/nl/en/cat/curtain-rods-rails-18891/,https://www.ikea.com/nl/en/p/bekrafta-double-curtain-rod-set-black-70489695/
Curtain rods & rails,https://www.ikea.com/nl/en/cat/curtain-rods-rails-18891/,https://www.ikea.com/nl/en/p/hugad-racka-double-curtain-rod-combination-with-wall-ceiling-brackets-with-finials-black-s19634115/
Curtain rods & rails,https://www.ikea.com/nl/en/cat/curtain-rods-rails-18891/,https://www.ikea.com/nl/en/p/heltuss-finials-1-pair-black-40624044/
Curtain rods & rails,https://www.ikea.com/nl/en/cat/curtain-rods-rails-18891/,https://www.ikea.com/nl/en/p/vidga-curtain-track-set-f-ceiling-2-trck-white-s49571507/
Curtain rods & rails,https://www.ikea.com/nl/en/cat/curtain-rods-rails-18891/,https://www.ikea.com/nl/en/p/irja-curtain-rod-set-white-70117172/
Curtain rods & rails,https://www.ikea.com/nl/en/cat/curtain-rods-rails-18891/,https://www.ikea.com/nl/en/p/hugad-curtain-rod-combination-with-wall-ceiling-brackets-with-finials-black-s89634089/
Curtain rods & rails,https://www.ikea.com/nl/en/cat/curtain-rods-rails-18891/,https://www.ikea.com/nl/en/p/vidga-glider-and-hook-white-20483002/
Curtain rods & rails,https://www.ikea.com/nl/en/cat/curtain-rods-rails-18891/,https://www.ikea.com/nl/en/p/vidga-corner-piece-single-track-included-ceiling-fitting-white-30498381/
Curtain rods & rails,https://www.ikea.com/nl/en/cat/curtain-rods-rails-18891/,https://www.ikea.com/nl/en/p/vidga-two-track-wall-set-white-s29428266/
Curtain rods & rails,https://www.ikea.com/nl/en/cat/curtain-rods-rails-18891/,https://www.ikea.com/nl/en/p/hugad-racka-double-curtain-rod-combination-with-wall-ceiling-brackets-with-finials-white-s59634123/
Curtain rods & rails,https://www.ikea.com/nl/en/cat/curtain-rods-rails-18891/,https://www.ikea.com/nl/en/p/vidga-wall-fitting-white-70299148/
Curtain rods & rails,https://www.ikea.com/nl/en/cat/curtain-rods-rails-18891/,https://www.ikea.com/nl/en/p/racka-curtain-rod-black-70217157/
Curtain rods & rails,https://www.ikea.com/nl/en/cat/curtain-rods-rails-18891/,https://www.ikea.com/nl/en/p/bekrafta-curtain-rod-set-white-30489536/
Curtain rods & rails,https://www.ikea.com/nl/en/cat/curtain-rods-rails-18891/,https://www.ikea.com/nl/en/p/blast-finials-1-pair-black-40217248/
Curtain rods & rails,https://www.ikea.com/nl/en/cat/curtain-rods-rails-18891/,https://www.ikea.com/nl/en/p/racka-curtain-rod-combination-with-wall-to-wall-side-brackets-black-s59633958/
Sewing accessories,https://www.ikea.com/nl/en/cat/sewing-accessories-14350/,https://www.ikea.com/nl/en/p/sy-iron-on-hemming-strip-50078746/
Sewing accessories,https://www.ikea.com/nl/en/cat/sewing-accessories-14350/,https://www.ikea.com/nl/en/p/trixig-39-piece-mending-kit-30578250/
Sewing accessories,https://www.ikea.com/nl/en/cat/sewing-accessories-14350/,https://www.ikea.com/nl/en/p/kronill-pleating-tape-white-80296955/
Window films & blind accessories,https://www.ikea.com/nl/en/cat/window-films-blind-accessories-700628/,https://www.ikea.com/nl/en/p/puckelfly-window-film-transparent-20583619/
Window films & blind accessories,https://www.ikea.com/nl/en/cat/window-films-blind-accessories-700628/,https://www.ikea.com/nl/en/p/klamby-fittings-for-blinds-white-90149761/
Window films & blind accessories,https://www.ikea.com/nl/en/cat/window-films-blind-accessories-700628/,https://www.ikea.com/nl/en/p/fridans-fittings-for-blinds-white-90499014/
Window films & blind accessories,https://www.ikea.com/nl/en/cat/window-films-blind-accessories-700628/,https://www.ikea.com/nl/en/p/riktig-draw-rod-extendable-30316296/
Lamps,https://www.ikea.com/nl/en/cat/lamps-li002/,https://www.ikea.com/nl/en/p/varmblixt-led-table-wall-lamp-orange-glass-round-80499199/
Lamps,https://www.ikea.com/nl/en/cat/lamps-li002/,https://www.ikea.com/nl/en/p/fado-table-lamp-white-80096372/
Lamps,https://www.ikea.com/nl/en/cat/lamps-li002/,https://www.ikea.com/nl/en/p/stockholm-2025-pendant-lamp-glass-brass-plated-90585950/
Lamps,https://www.ikea.com/nl/en/cat/lamps-li002/,https://www.ikea.com/nl/en/p/strandad-floor-lamp-white-black-30566737/
Lamps,https://www.ikea.com/nl/en/cat/lamps-li002/,https://www.ikea.com/nl/en/p/stockholm-2025-floor-lamp-white-textile-brass-plated-50585914/
Lamps,https://www.ikea.com/nl/en/cat/lamps-li002/,https://www.ikea.com/nl/en/p/varmblixt-led-table-wall-lamp-dimmable-smart-white-glass-colour-and-white-spectrum-70612940/
Lamps,https://www.ikea.com/nl/en/cat/lamps-li002/,https://www.ikea.com/nl/en/p/karrnocka-ceiling-lamp-white-50599402/
Lamps,https://www.ikea.com/nl/en/cat/lamps-li002/,https://www.ikea.com/nl/en/p/forsa-work-lamp-black-00146776/
Lamps,https://www.ikea.com/nl/en/cat/lamps-li002/,https://www.ikea.com/nl/en/p/gullsudare-havsdjup-pendant-lamp-white-s29613301/
Lamps,https://www.ikea.com/nl/en/cat/lamps-li002/,https://www.ikea.com/nl/en/p/havsris-cord-set-with-switch-textile-black-10511109/
Lamps,https://www.ikea.com/nl/en/cat/lamps-li002/,https://www.ikea.com/nl/en/p/barlast-floor-lamp-black-white-10430368/
Lamps,https://www.ikea.com/nl/en/cat/lamps-li002/,https://www.ikea.com/nl/en/p/solklint-ceiling-lamp-brass-grey-clear-glass-40472031/
Lamps,https://www.ikea.com/nl/en/cat/lamps-li002/,https://www.ikea.com/nl/en/p/stockholm-2025-table-lamp-white-textile-brass-plated-90585926/
Lamps,https://www.ikea.com/nl/en/cat/lamps-li002/,https://www.ikea.com/nl/en/p/blastang-pendant-lamp-shade-80580731/
Lamps,https://www.ikea.com/nl/en/cat/lamps-li002/,https://www.ikea.com/nl/en/p/kajplats-starter-kit-smart-colour-and-white-spectrum-30608577/
Lamps,https://www.ikea.com/nl/en/cat/lamps-li002/,https://www.ikea.com/nl/en/p/sinnerlig-pendant-lamp-bamboo-handmade-00508536/
Lamps,https://www.ikea.com/nl/en/cat/lamps-li002/,https://www.ikea.com/nl/en/p/krusning-pendant-lamp-shade-white-50259921/
Lamps,https://www.ikea.com/nl/en/cat/lamps-li002/,https://www.ikea.com/nl/en/p/arstid-floor-lamp-brass-white-00321317/
Lamps,https://www.ikea.com/nl/en/cat/lamps-li002/,https://www.ikea.com/nl/en/p/vindkast-pendant-lamp-white-20450520/
Lamps,https://www.ikea.com/nl/en/cat/lamps-li002/,https://www.ikea.com/nl/en/p/storsegel-table-lamp-ash-white-60573538/
Lamps,https://www.ikea.com/nl/en/cat/lamps-li002/,https://www.ikea.com/nl/en/p/molnart-led-bulb-e27-150-lumen-globe-orange-pink-10621202/
Lamps,https://www.ikea.com/nl/en/cat/lamps-li002/,https://www.ikea.com/nl/en/p/blidvader-table-lamp-off-white-ceramic-beige-80501258/
Lamps,https://www.ikea.com/nl/en/cat/lamps-li002/,https://www.ikea.com/nl/en/p/blasverk-table-lamp-beige-70520926/
Lamps,https://www.ikea.com/nl/en/cat/lamps-li002/,https://www.ikea.com/nl/en/p/sandkorn-havsdjup-pendant-lamp-handmade-rattan-black-s59612786/
LED bulbs,https://www.ikea.com/nl/en/cat/led-lamps-led-bulbs-20514/,https://www.ikea.com/nl/en/p/solhetta-led-bulb-e27-470-lumen-globe-clear-80591447/
LED bulbs,https://www.ikea.com/nl/en/cat/led-lamps-led-bulbs-20514/,https://www.ikea.com/nl/en/p/kajplats-led-bulb-e27-1055-lumen-smart-colour-and-white-spectrum-globe-opal-white-70608575/
LED bulbs,https://www.ikea.com/nl/en/cat/led-lamps-led-bulbs-20514/,https://www.ikea.com/nl/en/p/lunnom-led-bulb-e27-150-lumen-globe-clear-70614779/
LED bulbs,https://www.ikea.com/nl/en/cat/led-lamps-led-bulbs-20514/,https://www.ikea.com/nl/en/p/kajplats-led-bulb-e14-470-lumen-smart-white-spectrum-clear-glass-60611494/
LED bulbs,https://www.ikea.com/nl/en/cat/led-lamps-led-bulbs-20514/,https://www.ikea.com/nl/en/p/molnart-led-bulb-e27-150-lumen-globe-brown-clear-glass-10584978/
LED bulbs,https://www.ikea.com/nl/en/cat/led-lamps-led-bulbs-20514/,https://www.ikea.com/nl/en/p/solhetta-led-bulb-e27-806-lumen-globe-opal-white-10591511/
LED bulbs,https://www.ikea.com/nl/en/cat/led-lamps-led-bulbs-20514/,https://www.ikea.com/nl/en/p/solhetta-led-bulb-g9-470-lumen-dimmable-opal-white-80622651/
LED bulbs,https://www.ikea.com/nl/en/cat/led-lamps-led-bulbs-20514/,https://www.ikea.com/nl/en/p/molnart-led-bulb-e27-150-lumen-globe-orange-pink-10621202/
LED bulbs,https://www.ikea.com/nl/en/cat/led-lamps-led-bulbs-20514/,https://www.ikea.com/nl/en/p/solhetta-led-bulb-e27-470-lumen-globe-opal-white-50591482/
LED bulbs,https://www.ikea.com/nl/en/cat/led-lamps-led-bulbs-20514/,https://www.ikea.com/nl/en/p/lunnom-led-bulb-e27-806-lumen-dimmable-globe-clear-glass-20614847/
LED bulbs,https://www.ikea.com/nl/en/cat/led-lamps-led-bulbs-20514/,https://www.ikea.com/nl/en/p/solhetta-led-bulb-gu10-345-lumen-50591528/
LED bulbs,https://www.ikea.com/nl/en/cat/led-lamps-led-bulbs-20514/,https://www.ikea.com/nl/en/p/solhetta-led-bulb-gu10-345-lumen-dimmable-20584096/
LED bulbs,https://www.ikea.com/nl/en/cat/led-lamps-led-bulbs-20514/,https://www.ikea.com/nl/en/p/molnart-led-bulb-e27-140-lumen-globe-grey-clear-glass-20513481/
LED bulbs,https://www.ikea.com/nl/en/cat/led-lamps-led-bulbs-20514/,https://www.ikea.com/nl/en/p/lunnom-led-sign-bulb-e14-100-lumen-clear-60539323/
LED bulbs,https://www.ikea.com/nl/en/cat/led-lamps-led-bulbs-20514/,https://www.ikea.com/nl/en/p/lunnom-led-bulb-e14-210-lumen-dimmable-chandelier-brown-clear-glass-60539238/
LED bulbs,https://www.ikea.com/nl/en/cat/led-lamps-led-bulbs-20514/,https://www.ikea.com/nl/en/p/lunnom-led-bulb-e27-470-lumen-dimmable-globe-clear-glass-40614827/
LED bulbs,https://www.ikea.com/nl/en/cat/led-lamps-led-bulbs-20514/,https://www.ikea.com/nl/en/p/lunnom-led-bulb-e27-250-lumen-dimmable-tube-shaped-clear-glass-50614799/
LED bulbs,https://www.ikea.com/nl/en/cat/led-lamps-led-bulbs-20514/,https://www.ikea.com/nl/en/p/kajplats-led-bulb-e27-470-lumen-smart-white-spectrum-globe-opal-white-00611307/
LED bulbs,https://www.ikea.com/nl/en/cat/led-lamps-led-bulbs-20514/,https://www.ikea.com/nl/en/p/kajplats-starter-kit-smart-colour-and-white-spectrum-30608577/
LED bulbs,https://www.ikea.com/nl/en/cat/led-lamps-led-bulbs-20514/,https://www.ikea.com/nl/en/p/molnart-led-bulb-e27-120-lumen-donut-shaped-opal-white-80585045/
LED bulbs,https://www.ikea.com/nl/en/cat/led-lamps-led-bulbs-20514/,https://www.ikea.com/nl/en/p/solhetta-led-bulb-e14-reflector-r50-600-lm-dimmable-30549333/
LED bulbs,https://www.ikea.com/nl/en/cat/led-lamps-led-bulbs-20514/,https://www.ikea.com/nl/en/p/molnart-led-bulb-e27-180-lumen-globe-frosted-brown-70621204/
LED bulbs,https://www.ikea.com/nl/en/cat/led-lamps-led-bulbs-20514/,https://www.ikea.com/nl/en/p/solhetta-led-bulb-e14-470-lumen-globe-opal-white-70583966/
LED bulbs,https://www.ikea.com/nl/en/cat/led-lamps-led-bulbs-20514/,https://www.ikea.com/nl/en/p/lunnom-led-bulb-e27-150-lumen-drop-shaped-clear-90614797/
Cabinet and drawer lighting,https://www.ikea.com/nl/en/cat/integrated-lighting-16280/,https://www.ikea.com/nl/en/p/mittled-led-spotlight-dimmable-black-40528660/
Cabinet and drawer lighting,https://www.ikea.com/nl/en/cat/integrated-lighting-16280/,https://www.ikea.com/nl/en/p/oversidan-led-wardrobe-lighting-strp-w-sensor-dimmable-white-50589549/
Cabinet and drawer lighting,https://www.ikea.com/nl/en/cat/integrated-lighting-16280/,https://www.ikea.com/nl/en/p/tvardrag-cabinet-lighting-black-dimmable-60516821/
Cabinet and drawer lighting,https://www.ikea.com/nl/en/cat/integrated-lighting-16280/,https://www.ikea.com/nl/en/p/kabbleka-led-lighting-strip-with-usb-dimmable-70594601/
Cabinet and drawer lighting,https://www.ikea.com/nl/en/cat/integrated-lighting-16280/,https://www.ikea.com/nl/en/p/kolvatten-led-spotlight-white-battery-operated-80568989/
Cabinet and drawer lighting,https://www.ikea.com/nl/en/cat/integrated-lighting-16280/,https://www.ikea.com/nl/en/p/kolvatten-led-lighting-with-sensor-white-battery-operated-20568987/
Cabinet and drawer lighting,https://www.ikea.com/nl/en/cat/integrated-lighting-16280/,https://www.ikea.com/nl/en/p/fornimma-power-supply-cord-50446881/
Cabinet and drawer lighting,https://www.ikea.com/nl/en/cat/integrated-lighting-16280/,https://www.ikea.com/nl/en/p/ytberg-cabinet-lighting-black-dimmable-60527891/
Cabinet and drawer lighting,https://www.ikea.com/nl/en/cat/integrated-lighting-16280/,https://www.ikea.com/nl/en/p/tradfri-driver-for-wireless-control-smart-grey-60342656/
Cabinet and drawer lighting,https://www.ikea.com/nl/en/cat/integrated-lighting-16280/,https://www.ikea.com/nl/en/p/mittled-led-kitchen-worktop-lighting-strip-dimmable-white-60528584/
Cabinet and drawer lighting,https://www.ikea.com/nl/en/cat/integrated-lighting-16280/,https://www.ikea.com/nl/en/p/rolfstorp-led-lighting-dimmable-white-90519917/
Cabinet and drawer lighting,https://www.ikea.com/nl/en/cat/integrated-lighting-16280/,https://www.ikea.com/nl/en/p/strimsav-led-spotlight-black-70522478/
Cabinet and drawer lighting,https://www.ikea.com/nl/en/cat/integrated-lighting-16280/,https://www.ikea.com/nl/en/p/ormanas-led-lighting-strip-smart-wireless-dimmable-colour-and-white-spectrum-40497395/
Cabinet and drawer lighting,https://www.ikea.com/nl/en/cat/integrated-lighting-16280/,https://www.ikea.com/nl/en/p/irsta-led-worktop-lighting-opal-white-20406947/
Cabinet and drawer lighting,https://www.ikea.com/nl/en/cat/integrated-lighting-16280/,https://www.ikea.com/nl/en/p/skydrag-led-wrktp-ward-lghtng-strp-w-sensor-dimmable-white-10529374/
Cabinet and drawer lighting,https://www.ikea.com/nl/en/cat/integrated-lighting-16280/,https://www.ikea.com/nl/en/p/ansluta-led-driver-with-cord-white-30593934/
Cabinet and drawer lighting,https://www.ikea.com/nl/en/cat/integrated-lighting-16280/,https://www.ikea.com/nl/en/p/silverglans-led-bathroom-lighting-strip-dimmable-white-70529366/
Cabinet and drawer lighting,https://www.ikea.com/nl/en/cat/integrated-lighting-16280/,https://www.ikea.com/nl/en/p/mittled-led-ktchn-drawer-lighting-w-sensor-dimmable-white-80463548/
Cabinet and drawer lighting,https://www.ikea.com/nl/en/cat/integrated-lighting-16280/,https://www.ikea.com/nl/en/p/gompyssling-led-lighting-with-sensor-white-battery-operated-80602375/
Cabinet and drawer lighting,https://www.ikea.com/nl/en/cat/integrated-lighting-16280/,https://www.ikea.com/nl/en/p/vathult-led-cab-mirror-light-aluminium-colour-40467548/
Cabinet and drawer lighting,https://www.ikea.com/nl/en/cat/integrated-lighting-16280/,https://www.ikea.com/nl/en/p/kapplake-led-spotlight-white-20543157/
Cabinet and drawer lighting,https://www.ikea.com/nl/en/cat/integrated-lighting-16280/,https://www.ikea.com/nl/en/p/tradfri-driver-for-wireless-control-smart-grey-50356187/
Cabinet and drawer lighting,https://www.ikea.com/nl/en/cat/integrated-lighting-16280/,https://www.ikea.com/nl/en/p/styrbar-remote-control-smart-white-30488363/
Cabinet and drawer lighting,https://www.ikea.com/nl/en/cat/integrated-lighting-16280/,https://www.ikea.com/nl/en/p/bilresa-remote-control-kit-scroll-wheel-mixed-colours-50604173/
Smart lighting,https://www.ikea.com/nl/en/cat/smart-lighting-36812/,https://www.ikea.com/nl/en/p/dirigera-hub-for-smart-products-white-smart-10503406/
Smart lighting,https://www.ikea.com/nl/en/cat/smart-lighting-36812/,https://www.ikea.com/nl/en/p/kajplats-led-bulb-e27-1055-lumen-smart-colour-and-white-spectrum-globe-opal-white-70608575/
Smart lighting,https://www.ikea.com/nl/en/cat/smart-lighting-36812/,https://www.ikea.com/nl/en/p/kajplats-led-bulb-gu10-470-lm-smart-colour-and-white-spectrum-10608578/
Smart lighting,https://www.ikea.com/nl/en/cat/smart-lighting-36812/,https://www.ikea.com/nl/en/p/kajplats-led-bulb-gu10-575-lumen-smart-white-spectrum-50611442/
Smart lighting,https://www.ikea.com/nl/en/cat/smart-lighting-36812/,https://www.ikea.com/nl/en/p/tretakt-plug-smart-80540349/
Smart lighting,https://www.ikea.com/nl/en/cat/smart-lighting-36812/,https://www.ikea.com/nl/en/p/grillplats-plug-smart-60604238/
Smart lighting,https://www.ikea.com/nl/en/cat/smart-lighting-36812/,https://www.ikea.com/nl/en/p/ormanas-led-lighting-strip-smart-wireless-dimmable-colour-and-white-spectrum-40497395/
Smart lighting,https://www.ikea.com/nl/en/cat/smart-lighting-36812/,https://www.ikea.com/nl/en/p/stoftmoln-led-ceiling-wall-lamp-smart-wireless-dimmable-warm-white-white-20510779/
Smart lighting,https://www.ikea.com/nl/en/cat/smart-lighting-36812/,https://www.ikea.com/nl/en/p/bilresa-remote-control-white-smart-scroll-wheel-70604172/
Smart lighting,https://www.ikea.com/nl/en/cat/smart-lighting-36812/,https://www.ikea.com/nl/en/p/bilresa-remote-control-white-smart-dual-button-10604165/
Smart lighting,https://www.ikea.com/nl/en/cat/smart-lighting-36812/,https://www.ikea.com/nl/en/p/kajplats-starter-kit-smart-colour-and-white-spectrum-30608577/
Smart lighting,https://www.ikea.com/nl/en/cat/smart-lighting-36812/,https://www.ikea.com/nl/en/p/ankarlagg-led-nightlight-with-sensor-battery-operated-60612827/
Smart lighting,https://www.ikea.com/nl/en/cat/smart-lighting-36812/,https://www.ikea.com/nl/en/p/varmblixt-led-table-wall-lamp-dimmable-smart-white-glass-colour-and-white-spectrum-70612940/
Smart lighting,https://www.ikea.com/nl/en/cat/smart-lighting-36812/,https://www.ikea.com/nl/en/p/kajplats-led-bulb-e27-470-lumen-smart-white-spectrum-clear-globe-80611488/
Smart lighting,https://www.ikea.com/nl/en/cat/smart-lighting-36812/,https://www.ikea.com/nl/en/p/myggbett-door-window-sensor-smart-00603864/
Smart lighting,https://www.ikea.com/nl/en/cat/smart-lighting-36812/,https://www.ikea.com/nl/en/p/kajplats-led-bulb-e27-1055-lumen-smart-white-spectrum-globe-opal-white-20608592/
Smart lighting,https://www.ikea.com/nl/en/cat/smart-lighting-36812/,https://www.ikea.com/nl/en/p/kajplats-led-bulb-e14-806-lumen-smart-colour-and-white-spectrum-globe-opal-white-40608572/
Smart lighting,https://www.ikea.com/nl/en/cat/smart-lighting-36812/,https://www.ikea.com/nl/en/p/mittled-led-kitchen-worktop-lighting-strip-dimmable-white-60528584/
Smart lighting,https://www.ikea.com/nl/en/cat/smart-lighting-36812/,https://www.ikea.com/nl/en/p/kajplats-starter-kit-smart-white-spectrum-00611454/
Smart lighting,https://www.ikea.com/nl/en/cat/smart-lighting-36812/,https://www.ikea.com/nl/en/p/grillplats-plug-with-remote-control-smart-80620020/
Smart lighting,https://www.ikea.com/nl/en/cat/smart-lighting-36812/,https://www.ikea.com/nl/en/p/myggspray-wireless-motion-sensor-smart-70604186/
Smart lighting,https://www.ikea.com/nl/en/cat/smart-lighting-36812/,https://www.ikea.com/nl/en/p/tradfri-driver-for-wireless-control-smart-grey-60342656/
Smart lighting,https://www.ikea.com/nl/en/cat/smart-lighting-36812/,https://www.ikea.com/nl/en/p/styrbar-remote-control-smart-white-30488363/
Smart lighting,https://www.ikea.com/nl/en/cat/smart-lighting-36812/,https://www.ikea.com/nl/en/p/kajplats-led-bulb-e27-470-lumen-smart-white-spectrum-globe-opal-white-00611307/
Decorative lighting,https://www.ikea.com/nl/en/cat/decorative-lighting-14971/,https://www.ikea.com/nl/en/p/skaftsarv-led-decoration-lighting-dimmable-40612828/
Decorative lighting,https://www.ikea.com/nl/en/cat/decorative-lighting-14971/,https://www.ikea.com/nl/en/p/solvinden-led-decoration-lighting-solar-powered-globe-red-10619322/
Decorative lighting,https://www.ikea.com/nl/en/cat/decorative-lighting-14971/,https://www.ikea.com/nl/en/p/solvinden-led-lighting-chain-with-12-lights-battery-operated-pink-80615486/
Decorative lighting,https://www.ikea.com/nl/en/cat/decorative-lighting-14971/,https://www.ikea.com/nl/en/p/utsund-led-lighting-chain-with-12-bulbs-outdoor-battery-operated-black-50610584/
Decorative lighting,https://www.ikea.com/nl/en/cat/decorative-lighting-14971/,https://www.ikea.com/nl/en/p/ormanas-led-lighting-strip-smart-wireless-dimmable-colour-and-white-spectrum-40497395/
Decorative lighting,https://www.ikea.com/nl/en/cat/decorative-lighting-14971/,https://www.ikea.com/nl/en/p/solarvet-led-lighting-chain-with-24-lights-outdoor-solar-powered-ball-white-80573896/
Decorative lighting,https://www.ikea.com/nl/en/cat/decorative-lighting-14971/,https://www.ikea.com/nl/en/p/solvinden-led-decoration-lighting-table-outdoor-battery-operated-white-70615038/
Decorative lighting,https://www.ikea.com/nl/en/cat/decorative-lighting-14971/,https://www.ikea.com/nl/en/p/utsund-led-lighting-chain-with-24-bulbs-outdoor-black-80610587/
Decorative lighting,https://www.ikea.com/nl/en/cat/decorative-lighting-14971/,https://www.ikea.com/nl/en/p/solvinden-led-lighting-chain-with-24-lights-solar-powered-globe-yellow-pink-40615172/
Decorative lighting,https://www.ikea.com/nl/en/cat/decorative-lighting-14971/,https://www.ikea.com/nl/en/p/kabbleka-led-lighting-strip-with-usb-dimmable-70594601/
Decorative lighting,https://www.ikea.com/nl/en/cat/decorative-lighting-14971/,https://www.ikea.com/nl/en/p/solvinden-led-decoration-lighting-battery-operated-globe-red-light-pink-40619325/
Decorative lighting,https://www.ikea.com/nl/en/cat/decorative-lighting-14971/,https://www.ikea.com/nl/en/p/solvinden-led-solar-powered-pendant-lamp-outdoor-globe-yellow-70614703/
Decorative lighting,https://www.ikea.com/nl/en/cat/decorative-lighting-14971/,https://www.ikea.com/nl/en/p/solvinden-led-solar-powered-pendant-lamp-solar-powered-outdoor-beige-40614653/
Decorative lighting,https://www.ikea.com/nl/en/cat/decorative-lighting-14971/,https://www.ikea.com/nl/en/p/solvinden-led-decorative-table-lamp-mesh-battery-operated-outdoor-light-green-20619326/
Decorative lighting,https://www.ikea.com/nl/en/cat/decorative-lighting-14971/,https://www.ikea.com/nl/en/p/gokvalla-led-decoration-lighting-moon-shaped-white-00613151/
Decorative lighting,https://www.ikea.com/nl/en/cat/decorative-lighting-14971/,https://www.ikea.com/nl/en/p/praktspirea-4-piece-led-decoration-lighting-set-with-charging-tray-80538855/
Decorative lighting,https://www.ikea.com/nl/en/cat/decorative-lighting-14971/,https://www.ikea.com/nl/en/p/smalom-led-taper-candle-battery-operated-white-10611590/
Decorative lighting,https://www.ikea.com/nl/en/cat/decorative-lighting-14971/,https://www.ikea.com/nl/en/p/bjorkspirea-led-decoration-lighting-brass-colour-diamond-shaped-70530100/
Decorative lighting,https://www.ikea.com/nl/en/cat/decorative-lighting-14971/,https://www.ikea.com/nl/en/p/skatgas-led-tealight-kit-with-charging-tray-white-80611596/
Decorative lighting,https://www.ikea.com/nl/en/cat/decorative-lighting-14971/,https://www.ikea.com/nl/en/p/skatgas-led-tealight-white-90620109/
Decorative lighting,https://www.ikea.com/nl/en/cat/decorative-lighting-14971/,https://www.ikea.com/nl/en/p/solvinden-led-lighting-chain-with-12-bulbs-outdoor-multicolour-80615504/
Decorative lighting,https://www.ikea.com/nl/en/cat/decorative-lighting-14971/,https://www.ikea.com/nl/en/p/gardjarn-led-lighting-chain-with-24-lights-black-outdoor-20552571/
Decorative lighting,https://www.ikea.com/nl/en/cat/decorative-lighting-14971/,https://www.ikea.com/nl/en/p/smalom-led-pillar-candle-battery-operated-white-90611591/
Decorative lighting,https://www.ikea.com/nl/en/cat/decorative-lighting-14971/,https://www.ikea.com/nl/en/p/solvinden-lamp-stand-beige-40619387/
Cables & chargers,https://www.ikea.com/nl/en/cat/cables-chargers-40845/,https://www.ikea.com/nl/en/p/koppla-3-way-socket-earthed-white-80412016/
Cables & chargers,https://www.ikea.com/nl/en/cat/cables-chargers-40845/,https://www.ikea.com/nl/en/p/koppla-4-way-socket-with-2-usb-ports-black-40409577/
Cables & chargers,https://www.ikea.com/nl/en/cat/cables-chargers-40845/,https://www.ikea.com/nl/en/p/skotat-extension-cord-green-40591661/
Cables & chargers,https://www.ikea.com/nl/en/cat/cables-chargers-40845/,https://www.ikea.com/nl/en/p/koppla-3-way-socket-with-switch-earthed-white-50322017/
Cables & chargers,https://www.ikea.com/nl/en/cat/cables-chargers-40845/,https://www.ikea.com/nl/en/p/sjoss-45w-2-port-usb-charger-fast-charging-80574438/
Cables & chargers,https://www.ikea.com/nl/en/cat/cables-chargers-40845/,https://www.ikea.com/nl/en/p/koppla-6-way-socket-with-switch-white-00412015/
Cables & chargers,https://www.ikea.com/nl/en/cat/cables-chargers-40845/,https://www.ikea.com/nl/en/p/kalkstuff-cable-holder-set-of-3-dark-grey-30555705/
Cables & chargers,https://www.ikea.com/nl/en/cat/cables-chargers-40845/,https://www.ikea.com/nl/en/p/rundhult-usb-c-to-usb-c-black-white-60620926/
Cables & chargers,https://www.ikea.com/nl/en/cat/cables-chargers-40845/,https://www.ikea.com/nl/en/p/hornfels-extension-cord-yellow-60591660/
Cables & chargers,https://www.ikea.com/nl/en/cat/cables-chargers-40845/,https://www.ikea.com/nl/en/p/lillhult-usb-a-to-lightning-dark-red-brown-00617696/
Cables & chargers,https://www.ikea.com/nl/en/cat/cables-chargers-40845/,https://www.ikea.com/nl/en/p/satting-cable-management-box-with-lid-90534625/
Cables & chargers,https://www.ikea.com/nl/en/cat/cables-chargers-40845/,https://www.ikea.com/nl/en/p/smahagel-3-port-usb-charger-white-60539177/
Cables & chargers,https://www.ikea.com/nl/en/cat/cables-chargers-40845/,https://www.ikea.com/nl/en/p/koppla-extension-cord-earthed-white-10412005/
Cables & chargers,https://www.ikea.com/nl/en/cat/cables-chargers-40845/,https://www.ikea.com/nl/en/p/varmfront-power-bank-dark-blue-10555645/
Cables & chargers,https://www.ikea.com/nl/en/cat/cables-chargers-40845/,https://www.ikea.com/nl/en/p/sjoss-65w-1-port-usb-charger-00609743/
Cables & chargers,https://www.ikea.com/nl/en/cat/cables-chargers-40845/,https://www.ikea.com/nl/en/p/livboj-wireless-charger-black-40447051/
Cables & chargers,https://www.ikea.com/nl/en/cat/cables-chargers-40845/,https://www.ikea.com/nl/en/p/sittbrunn-usb-a-to-usb-c-lilac-60595984/
Cables & chargers,https://www.ikea.com/nl/en/cat/cables-chargers-40845/,https://www.ikea.com/nl/en/p/sjoss-20w-1-port-usb-charger-60609740/
Cables & chargers,https://www.ikea.com/nl/en/cat/cables-chargers-40845/,https://www.ikea.com/nl/en/p/forsasong-cable-management-tray-white-00573188/
Cables & chargers,https://www.ikea.com/nl/en/cat/cables-chargers-40845/,https://www.ikea.com/nl/en/p/montera-cable-trunking-white-30147425/
Cables & chargers,https://www.ikea.com/nl/en/cat/cables-chargers-40845/,https://www.ikea.com/nl/en/p/litosfar-battery-charger-with-storage-dark-blue-10492484/
Cables & chargers,https://www.ikea.com/nl/en/cat/cables-chargers-40845/,https://www.ikea.com/nl/en/p/ladda-rechargeable-battery-hr06-aa-1-2v-50504692/
Cables & chargers,https://www.ikea.com/nl/en/cat/cables-chargers-40845/,https://www.ikea.com/nl/en/p/sjoss-30w-1-port-usb-charger-fast-charging-50549412/
Cables & chargers,https://www.ikea.com/nl/en/cat/cables-chargers-40845/,https://www.ikea.com/nl/en/p/ladda-rechargeable-battery-hr03-aaa-1-2v-90509819/
Mobile & tablet accessories,https://www.ikea.com/nl/en/cat/mobile-tablet-accessories-40843/,https://www.ikea.com/nl/en/p/vastmarke-wireless-charger-with-lighting-50598214/
Mobile & tablet accessories,https://www.ikea.com/nl/en/cat/mobile-tablet-accessories-40843/,https://www.ikea.com/nl/en/p/krubbet-holder-for-mobile-phone-black-10531942/
Mobile & tablet accessories,https://www.ikea.com/nl/en/cat/mobile-tablet-accessories-40843/,https://www.ikea.com/nl/en/p/havrehoj-holder-for-tablet-40534576/
Mobile & tablet accessories,https://www.ikea.com/nl/en/cat/mobile-tablet-accessories-40843/,https://www.ikea.com/nl/en/p/sjoss-45w-2-port-usb-charger-fast-charging-80574438/
Mobile & tablet accessories,https://www.ikea.com/nl/en/cat/mobile-tablet-accessories-40843/,https://www.ikea.com/nl/en/p/vastmarke-wireless-charging-stand-10598211/
Mobile & tablet accessories,https://www.ikea.com/nl/en/cat/mobile-tablet-accessories-40843/,https://www.ikea.com/nl/en/p/vivalla-tablet-stand-bamboo-veneer-10401484/
Mobile & tablet accessories,https://www.ikea.com/nl/en/cat/mobile-tablet-accessories-40843/,https://www.ikea.com/nl/en/p/sittbrunn-usb-a-to-usb-c-lilac-60595984/
Mobile & tablet accessories,https://www.ikea.com/nl/en/cat/mobile-tablet-accessories-40843/,https://www.ikea.com/nl/en/p/dronjons-laptop-support-white-30596800/
Mobile & tablet accessories,https://www.ikea.com/nl/en/cat/mobile-tablet-accessories-40843/,https://www.ikea.com/nl/en/p/bergenes-holder-for-mobile-phone-tablet-bamboo-10457999/
Mobile & tablet accessories,https://www.ikea.com/nl/en/cat/mobile-tablet-accessories-40843/,https://www.ikea.com/nl/en/p/yuppienalle-holder-for-mobile-phone-grey-20503887/
Mobile & tablet accessories,https://www.ikea.com/nl/en/cat/mobile-tablet-accessories-40843/,https://www.ikea.com/nl/en/p/mojlighet-headset-tablet-stand-black-00434277/
Mobile & tablet accessories,https://www.ikea.com/nl/en/cat/mobile-tablet-accessories-40843/,https://www.ikea.com/nl/en/p/stenerik-laptop-support-30564012/
Mobile & tablet accessories,https://www.ikea.com/nl/en/cat/mobile-tablet-accessories-40843/,https://www.ikea.com/nl/en/p/vastmarke-wireless-charger-30598210/
Mobile & tablet accessories,https://www.ikea.com/nl/en/cat/mobile-tablet-accessories-40843/,https://www.ikea.com/nl/en/p/varmfront-power-bank-dark-blue-10555645/
Mobile & tablet accessories,https://www.ikea.com/nl/en/cat/mobile-tablet-accessories-40843/,https://www.ikea.com/nl/en/p/lanespelare-ring-light-with-phone-holder-10514358/
Mobile & tablet accessories,https://www.ikea.com/nl/en/cat/mobile-tablet-accessories-40843/,https://www.ikea.com/nl/en/p/sjoss-20w-1-port-usb-charger-60609740/
Mobile & tablet accessories,https://www.ikea.com/nl/en/cat/mobile-tablet-accessories-40843/,https://www.ikea.com/nl/en/p/livboj-wireless-charger-black-40447051/
Mobile & tablet accessories,https://www.ikea.com/nl/en/cat/mobile-tablet-accessories-40843/,https://www.ikea.com/nl/en/p/lanespelare-laptop-support-foldable-blue-20613065/
Mobile & tablet accessories,https://www.ikea.com/nl/en/cat/mobile-tablet-accessories-40843/,https://www.ikea.com/nl/en/p/sjoss-65w-1-port-usb-charger-00609743/
Mobile & tablet accessories,https://www.ikea.com/nl/en/cat/mobile-tablet-accessories-40843/,https://www.ikea.com/nl/en/p/grimar-holder-for-tablet-bamboo-30292083/
Mobile & tablet accessories,https://www.ikea.com/nl/en/cat/mobile-tablet-accessories-40843/,https://www.ikea.com/nl/en/p/varmfront-power-bank-blue-70555647/
Mobile & tablet accessories,https://www.ikea.com/nl/en/cat/mobile-tablet-accessories-40843/,https://www.ikea.com/nl/en/p/nordmarke-wireless-charger-white-cork-80472114/
Mobile & tablet accessories,https://www.ikea.com/nl/en/cat/mobile-tablet-accessories-40843/,https://www.ikea.com/nl/en/p/smahagel-3-port-usb-charger-white-60539177/
Mobile & tablet accessories,https://www.ikea.com/nl/en/cat/mobile-tablet-accessories-40843/,https://www.ikea.com/nl/en/p/havskal-2-piece-usb-anchor-black-yellow-40537283/
Speakers,https://www.ikea.com/nl/en/cat/speakers-40842/,https://www.ikea.com/nl/en/p/kulglass-bluetooth-speaker-lamp-red-brown-pink-80603191/
Speakers,https://www.ikea.com/nl/en/cat/speakers-40842/,https://www.ikea.com/nl/en/p/vappeby-bluetooth-speakers-black-set-of-2-gen-3-s49537839/
Speakers,https://www.ikea.com/nl/en/cat/speakers-40842/,https://www.ikea.com/nl/en/p/nattbad-bluetooth-speaker-pink-90601605/
Speakers,https://www.ikea.com/nl/en/cat/speakers-40842/,https://www.ikea.com/nl/en/p/vappeby-portable-bluetooth-speaker-waterproof-pink-90591814/
Speakers,https://www.ikea.com/nl/en/cat/speakers-40842/,https://www.ikea.com/nl/en/p/solskydd-bluetooth-speaker-white-10598145/
Speakers,https://www.ikea.com/nl/en/cat/speakers-40842/,https://www.ikea.com/nl/en/p/solskydd-bluetooth-speaker-beige-50603102/
Speakers,https://www.ikea.com/nl/en/cat/speakers-40842/,https://www.ikea.com/nl/en/p/vappeby-front-for-bluetooth-speaker-black-40574402/
Speakers,https://www.ikea.com/nl/en/cat/speakers-40842/,https://www.ikea.com/nl/en/p/solskydd-portable-bluetooth-speaker-orange-10605867/
Speakers,https://www.ikea.com/nl/en/cat/speakers-40842/,https://www.ikea.com/nl/en/p/kallsup-portable-bluetooth-speaker-white-60594159/
Speakers,https://www.ikea.com/nl/en/cat/speakers-40842/,https://www.ikea.com/nl/en/p/vappeby-bluetooth-speaker-gen-3-black-s69564577/
Speakers,https://www.ikea.com/nl/en/cat/speakers-40842/,https://www.ikea.com/nl/en/p/vappeby-bluetooth-speaker-white-gen-3-80517377/
Speakers,https://www.ikea.com/nl/en/cat/speakers-40842/,https://www.ikea.com/nl/en/p/vappeby-bluetooth-speaker-lamp-outdoor-blue-40510735/
Speakers,https://www.ikea.com/nl/en/cat/speakers-40842/,https://www.ikea.com/nl/en/p/blomprakt-bluetooth-speaker-lamp-beige-50598148/
Speakers,https://www.ikea.com/nl/en/cat/speakers-40842/,https://www.ikea.com/nl/en/p/eneby-battery-pack-40357535/
Speakers,https://www.ikea.com/nl/en/cat/speakers-40842/,https://www.ikea.com/nl/en/p/grejsimojs-portable-bluetooth-speaker-mouse-green-90603770/
Speakers,https://www.ikea.com/nl/en/cat/speakers-40842/,https://www.ikea.com/nl/en/p/symfonisk-power-supply-cord-textile-white-20492332/
Air purifiers & accessories,https://www.ikea.com/nl/en/cat/air-quality-products-49081/,https://www.ikea.com/nl/en/p/uppatvind-air-purifier-10498221/
Air purifiers & accessories,https://www.ikea.com/nl/en/cat/air-quality-products-49081/,https://www.ikea.com/nl/en/p/fornuftig-air-purifier-white-50461937/
Air purifiers & accessories,https://www.ikea.com/nl/en/cat/air-quality-products-49081/,https://www.ikea.com/nl/en/p/fornuftig-2-piece-filter-set-s19444196/
Air purifiers & accessories,https://www.ikea.com/nl/en/cat/air-quality-products-49081/,https://www.ikea.com/nl/en/p/fornuftig-filter-for-particle-removal-10461944/
Air purifiers & accessories,https://www.ikea.com/nl/en/cat/air-quality-products-49081/,https://www.ikea.com/nl/en/p/uppatvind-filter-for-particle-removal-90551498/
Air purifiers & accessories,https://www.ikea.com/nl/en/cat/air-quality-products-49081/,https://www.ikea.com/nl/en/p/fornuftig-air-purifier-additional-gas-filter-black-s99444215/
Air purifiers & accessories,https://www.ikea.com/nl/en/cat/air-quality-products-49081/,https://www.ikea.com/nl/en/p/starkvind-air-purifier-additional-gas-filter-black-s79444216/
Air purifiers & accessories,https://www.ikea.com/nl/en/cat/air-quality-products-49081/,https://www.ikea.com/nl/en/p/starkvind-air-purifier-black-smart-60502013/
Air purifiers & accessories,https://www.ikea.com/nl/en/cat/air-quality-products-49081/,https://www.ikea.com/nl/en/p/alpstuga-air-quality-sensor-smart-50604187/
Air purifiers & accessories,https://www.ikea.com/nl/en/cat/air-quality-products-49081/,https://www.ikea.com/nl/en/p/starkvind-2-piece-filter-set-s99444197/
Air purifiers & accessories,https://www.ikea.com/nl/en/cat/air-quality-products-49081/,https://www.ikea.com/nl/en/p/starkvind-table-with-air-purifier-stained-oak-veneer-dark-brown-smart-80501951/
Air purifiers & accessories,https://www.ikea.com/nl/en/cat/air-quality-products-49081/,https://www.ikea.com/nl/en/p/starkvind-table-with-air-purifier-additional-gas-filter-stained-oak-veneer-white-s19444219/
Air purifiers & accessories,https://www.ikea.com/nl/en/cat/air-quality-products-49081/,https://www.ikea.com/nl/en/p/fornuftig-filter-for-gas-cleaning-40487283/
Air purifiers & accessories,https://www.ikea.com/nl/en/cat/air-quality-products-49081/,https://www.ikea.com/nl/en/p/starkvind-filter-for-particle-removal-30461943/
Air purifiers & accessories,https://www.ikea.com/nl/en/cat/air-quality-products-49081/,https://www.ikea.com/nl/en/p/starkvind-filter-for-gas-cleaning-80488129/
Cable management & accessories,https://www.ikea.com/nl/en/cat/cable-management-accessories-16195/,https://www.ikea.com/nl/en/p/forsasong-cable-management-tray-white-00573188/
Cable management & accessories,https://www.ikea.com/nl/en/cat/cable-management-accessories-16195/,https://www.ikea.com/nl/en/p/koppla-4-way-socket-with-2-usb-ports-black-40409577/
Cable management & accessories,https://www.ikea.com/nl/en/cat/cable-management-accessories-16195/,https://www.ikea.com/nl/en/p/koppla-6-way-socket-with-switch-white-00412015/
Cable management & accessories,https://www.ikea.com/nl/en/cat/cable-management-accessories-16195/,https://www.ikea.com/nl/en/p/satting-cable-management-box-with-lid-90534625/
Cable management & accessories,https://www.ikea.com/nl/en/cat/cable-management-accessories-16195/,https://www.ikea.com/nl/en/p/signum-cable-trunking-horizontal-silver-colour-30200253/
Cable management & accessories,https://www.ikea.com/nl/en/cat/cable-management-accessories-16195/,https://www.ikea.com/nl/en/p/skotat-extension-cord-green-40591661/
Cable management & accessories,https://www.ikea.com/nl/en/cat/cable-management-accessories-16195/,https://www.ikea.com/nl/en/p/kalkstuff-cable-holder-set-of-3-white-60555704/
Cable management & accessories,https://www.ikea.com/nl/en/cat/cable-management-accessories-16195/,https://www.ikea.com/nl/en/p/montera-cable-trunking-white-30147425/
Cable management & accessories,https://www.ikea.com/nl/en/cat/cable-management-accessories-16195/,https://www.ikea.com/nl/en/p/mittzon-cable-box-for-frm-w-cstrs-white-30528632/
Cable management & accessories,https://www.ikea.com/nl/en/cat/cable-management-accessories-16195/,https://www.ikea.com/nl/en/p/koppla-3-way-socket-earthed-white-80412016/
Cable management & accessories,https://www.ikea.com/nl/en/cat/cable-management-accessories-16195/,https://www.ikea.com/nl/en/p/koppla-extension-cord-earthed-white-10412005/
Cable management & accessories,https://www.ikea.com/nl/en/cat/cable-management-accessories-16195/,https://www.ikea.com/nl/en/p/rabalder-cable-tidy-white-20281419/
Cable management & accessories,https://www.ikea.com/nl/en/cat/cable-management-accessories-16195/,https://www.ikea.com/nl/en/p/hornfels-extension-cord-yellow-60591660/
Cable management & accessories,https://www.ikea.com/nl/en/cat/cable-management-accessories-16195/,https://www.ikea.com/nl/en/p/koppla-3-way-socket-with-switch-earthed-white-50322017/
Cable management & accessories,https://www.ikea.com/nl/en/cat/cable-management-accessories-16195/,https://www.ikea.com/nl/en/p/havskal-2-piece-usb-anchor-black-yellow-40537283/
Cable management & accessories,https://www.ikea.com/nl/en/cat/cable-management-accessories-16195/,https://www.ikea.com/nl/en/p/sigfinn-monitor-stand-fixed-height-bamboo-veneer-20362929/
Cable management & accessories,https://www.ikea.com/nl/en/cat/cable-management-accessories-16195/,https://www.ikea.com/nl/en/p/brannboll-basket-grey-yellow-50586536/
Cable management & accessories,https://www.ikea.com/nl/en/cat/cable-management-accessories-16195/,https://www.ikea.com/nl/en/p/koppla-extension-cable-outdoor-40623596/
"Motion sensors, smart light switches & remote controls",https://www.ikea.com/nl/en/cat/steering-devices-accessories-36814/,https://www.ikea.com/nl/en/p/grillplats-plug-smart-60604238/
"Motion sensors, smart light switches & remote controls",https://www.ikea.com/nl/en/cat/steering-devices-accessories-36814/,https://www.ikea.com/nl/en/p/myggspray-wireless-motion-sensor-smart-70604186/
"Motion sensors, smart light switches & remote controls",https://www.ikea.com/nl/en/cat/steering-devices-accessories-36814/,https://www.ikea.com/nl/en/p/bilresa-remote-control-white-smart-dual-button-10604165/
"Motion sensors, smart light switches & remote controls",https://www.ikea.com/nl/en/cat/steering-devices-accessories-36814/,https://www.ikea.com/nl/en/p/myggbett-door-window-sensor-smart-00603864/
"Motion sensors, smart light switches & remote controls",https://www.ikea.com/nl/en/cat/steering-devices-accessories-36814/,https://www.ikea.com/nl/en/p/dirigera-hub-for-smart-products-white-smart-10503406/
"Motion sensors, smart light switches & remote controls",https://www.ikea.com/nl/en/cat/steering-devices-accessories-36814/,https://www.ikea.com/nl/en/p/bilresa-remote-control-white-smart-scroll-wheel-70604172/
"Motion sensors, smart light switches & remote controls",https://www.ikea.com/nl/en/cat/steering-devices-accessories-36814/,https://www.ikea.com/nl/en/p/alpstuga-air-quality-sensor-smart-50604187/
"Motion sensors, smart light switches & remote controls",https://www.ikea.com/nl/en/cat/steering-devices-accessories-36814/,https://www.ikea.com/nl/en/p/grillplats-plug-with-remote-control-smart-80620020/
"Motion sensors, smart light switches & remote controls",https://www.ikea.com/nl/en/cat/steering-devices-accessories-36814/,https://www.ikea.com/nl/en/p/styrbar-remote-control-smart-white-30488363/
"Motion sensors, smart light switches & remote controls",https://www.ikea.com/nl/en/cat/steering-devices-accessories-36814/,https://www.ikea.com/nl/en/p/bilresa-remote-control-kit-scroll-wheel-mixed-colours-50604173/
"Motion sensors, smart light switches & remote controls",https://www.ikea.com/nl/en/cat/steering-devices-accessories-36814/,https://www.ikea.com/nl/en/p/tretakt-plug-smart-80540349/
"Motion sensors, smart light switches & remote controls",https://www.ikea.com/nl/en/cat/steering-devices-accessories-36814/,https://www.ikea.com/nl/en/p/tradfri-driver-for-wireless-control-smart-grey-60342656/
"Motion sensors, smart light switches & remote controls",https://www.ikea.com/nl/en/cat/steering-devices-accessories-36814/,https://www.ikea.com/nl/en/p/klippbok-water-leakage-sensor-smart-30604193/
"Motion sensors, smart light switches & remote controls",https://www.ikea.com/nl/en/cat/steering-devices-accessories-36814/,https://www.ikea.com/nl/en/p/bilresa-remote-control-kit-dual-button-mixed-colours-90604166/
"Motion sensors, smart light switches & remote controls",https://www.ikea.com/nl/en/cat/steering-devices-accessories-36814/,https://www.ikea.com/nl/en/p/tradfri-driver-for-wireless-control-smart-grey-50356187/
"Motion sensors, smart light switches & remote controls",https://www.ikea.com/nl/en/cat/steering-devices-accessories-36814/,https://www.ikea.com/nl/en/p/tofsmygga-plug-black-outdoor-smart-10622065/
"Motion sensors, smart light switches & remote controls",https://www.ikea.com/nl/en/cat/steering-devices-accessories-36814/,https://www.ikea.com/nl/en/p/tretakt-plug-with-remote-control-smart-60569720/
"Motion sensors, smart light switches & remote controls",https://www.ikea.com/nl/en/cat/steering-devices-accessories-36814/,https://www.ikea.com/nl/en/p/timmerflotte-temperature-humidity-sensor-smart-30597606/
Paper & media organisers,https://www.ikea.com/nl/en/cat/paper-media-organisers-10551/,https://www.ikea.com/nl/en/p/fjaderharv-mini-chest-with-2-drawers-anthracite-80596893/
Paper & media organisers,https://www.ikea.com/nl/en/cat/paper-media-organisers-10551/,https://www.ikea.com/nl/en/p/fjaderharv-mini-chest-with-2-drawers-anthracite-00596892/
Paper & media organisers,https://www.ikea.com/nl/en/cat/paper-media-organisers-10551/,https://www.ikea.com/nl/en/p/fjaderharv-magazine-file-anthracite-60596889/
Paper & media organisers,https://www.ikea.com/nl/en/cat/paper-media-organisers-10551/,https://www.ikea.com/nl/en/p/tjabba-magazine-file-white-10492455/
Paper & media organisers,https://www.ikea.com/nl/en/cat/paper-media-organisers-10551/,https://www.ikea.com/nl/en/p/nojig-organiser-plastic-beige-60477037/
Paper & media organisers,https://www.ikea.com/nl/en/cat/paper-media-organisers-10551/,https://www.ikea.com/nl/en/p/skadis-pegboard-white-10321618/
Paper & media organisers,https://www.ikea.com/nl/en/cat/paper-media-organisers-10551/,https://www.ikea.com/nl/en/p/malaren-box-set-of-7-white-70464459/
Paper & media organisers,https://www.ikea.com/nl/en/cat/paper-media-organisers-10551/,https://www.ikea.com/nl/en/p/sockerbit-box-white-50316182/
Paper & media organisers,https://www.ikea.com/nl/en/cat/paper-media-organisers-10551/,https://www.ikea.com/nl/en/p/uppdatera-box-white-20546467/
Paper & media organisers,https://www.ikea.com/nl/en/cat/paper-media-organisers-10551/,https://www.ikea.com/nl/en/p/dronjons-magazine-file-white-10439694/
Paper & media organisers,https://www.ikea.com/nl/en/cat/paper-media-organisers-10551/,https://www.ikea.com/nl/en/p/totebo-clip-with-magnet-white-80499378/
Paper & media organisers,https://www.ikea.com/nl/en/cat/paper-media-organisers-10551/,https://www.ikea.com/nl/en/p/moppe-mini-chest-of-drawers-birch-plywood-40216357/
Paper & media organisers,https://www.ikea.com/nl/en/cat/paper-media-organisers-10551/,https://www.ikea.com/nl/en/p/portvakt-book-end-black-dog-20542445/
Paper & media organisers,https://www.ikea.com/nl/en/cat/paper-media-organisers-10551/,https://www.ikea.com/nl/en/p/kuggis-magazine-file-white-10515334/
Paper & media organisers,https://www.ikea.com/nl/en/cat/paper-media-organisers-10551/,https://www.ikea.com/nl/en/p/kuggis-insert-with-5-compartments-white-40603310/
Paper & media organisers,https://www.ikea.com/nl/en/cat/paper-media-organisers-10551/,https://www.ikea.com/nl/en/p/skubb-storage-case-for-wrapping-paper-dark-grey-30402430/
Paper & media organisers,https://www.ikea.com/nl/en/cat/paper-media-organisers-10551/,https://www.ikea.com/nl/en/p/kuggis-box-white-30568538/
Paper & media organisers,https://www.ikea.com/nl/en/cat/paper-media-organisers-10551/,https://www.ikea.com/nl/en/p/skadis-freestanding-peg-board-white-00541574/
Paper & media organisers,https://www.ikea.com/nl/en/cat/paper-media-organisers-10551/,https://www.ikea.com/nl/en/p/kvarnvik-storage-box-with-lid-beige-20459479/
Paper & media organisers,https://www.ikea.com/nl/en/cat/paper-media-organisers-10551/,https://www.ikea.com/nl/en/p/gardesgard-magazine-file-natural-40596932/
Paper & media organisers,https://www.ikea.com/nl/en/cat/paper-media-organisers-10551/,https://www.ikea.com/nl/en/p/nojig-organiser-plastic-beige-70457487/
Paper & media organisers,https://www.ikea.com/nl/en/cat/paper-media-organisers-10551/,https://www.ikea.com/nl/en/p/harvmatta-box-with-compartments-dark-grey-beige-20555305/
Paper & media organisers,https://www.ikea.com/nl/en/cat/paper-media-organisers-10551/,https://www.ikea.com/nl/en/p/skadis-pegboard-combination-s89406365/
Paper & media organisers,https://www.ikea.com/nl/en/cat/paper-media-organisers-10551/,https://www.ikea.com/nl/en/p/valtning-box-natural-50589002/
Clothes storage & organisers,https://www.ikea.com/nl/en/cat/clothes-organisers-10452/,https://www.ikea.com/nl/en/p/skubb-box-set-of-6-white-00428549/
Clothes storage & organisers,https://www.ikea.com/nl/en/cat/clothes-organisers-10452/,https://www.ikea.com/nl/en/p/skubb-storage-case-white-20591049/
Clothes storage & organisers,https://www.ikea.com/nl/en/cat/clothes-organisers-10452/,https://www.ikea.com/nl/en/p/skubb-storage-case-white-60591047/
Clothes storage & organisers,https://www.ikea.com/nl/en/cat/clothes-organisers-10452/,https://www.ikea.com/nl/en/p/parkla-storage-case-50395382/
Clothes storage & organisers,https://www.ikea.com/nl/en/cat/clothes-organisers-10452/,https://www.ikea.com/nl/en/p/gorsnygg-storage-case-white-transparent-40504193/
Clothes storage & organisers,https://www.ikea.com/nl/en/cat/clothes-organisers-10452/,https://www.ikea.com/nl/en/p/skubb-storage-case-white-10591059/
Clothes storage & organisers,https://www.ikea.com/nl/en/cat/clothes-organisers-10452/,https://www.ikea.com/nl/en/p/purrpingla-storage-case-textile-beige-30612254/
Clothes storage & organisers,https://www.ikea.com/nl/en/cat/clothes-organisers-10452/,https://www.ikea.com/nl/en/p/purrpingla-box-set-of-3-textile-beige-00612260/
Clothes storage & organisers,https://www.ikea.com/nl/en/cat/clothes-organisers-10452/,https://www.ikea.com/nl/en/p/gardsmastare-trouser-skirt-hanger-white-30540728/
Clothes storage & organisers,https://www.ikea.com/nl/en/cat/clothes-organisers-10452/,https://www.ikea.com/nl/en/p/murvel-shoe-organiser-grey-20434832/
Clothes storage & organisers,https://www.ikea.com/nl/en/cat/clothes-organisers-10452/,https://www.ikea.com/nl/en/p/skubb-box-with-compartments-white-10185593/
Clothes storage & organisers,https://www.ikea.com/nl/en/cat/clothes-organisers-10452/,https://www.ikea.com/nl/en/p/hemmafixare-storage-case-fabric-striped-white-grey-90503916/
Clothes storage & organisers,https://www.ikea.com/nl/en/cat/clothes-organisers-10452/,https://www.ikea.com/nl/en/p/parkla-storage-case-00601105/
Clothes storage & organisers,https://www.ikea.com/nl/en/cat/clothes-organisers-10452/,https://www.ikea.com/nl/en/p/skubb-storage-with-6-compartments-white-00245880/
Clothes storage & organisers,https://www.ikea.com/nl/en/cat/clothes-organisers-10452/,https://www.ikea.com/nl/en/p/komplement-box-light-grey-40405777/
Clothes storage & organisers,https://www.ikea.com/nl/en/cat/clothes-organisers-10452/,https://www.ikea.com/nl/en/p/purrpingla-storage-case-textile-beige-00612255/
Clothes storage & organisers,https://www.ikea.com/nl/en/cat/clothes-organisers-10452/,https://www.ikea.com/nl/en/p/vilto-towel-stand-birch-00344451/
Clothes storage & organisers,https://www.ikea.com/nl/en/cat/clothes-organisers-10452/,https://www.ikea.com/nl/en/p/mulig-clothes-rack-white-60179434/
Clothes storage & organisers,https://www.ikea.com/nl/en/cat/clothes-organisers-10452/,https://www.ikea.com/nl/en/p/baxna-organiser-grey-white-20474366/
Clothes storage & organisers,https://www.ikea.com/nl/en/cat/clothes-organisers-10452/,https://www.ikea.com/nl/en/p/parkla-clothes-cover-50601103/
Clothes storage & organisers,https://www.ikea.com/nl/en/cat/clothes-organisers-10452/,https://www.ikea.com/nl/en/p/dimpa-storage-bag-transparent-10056770/
Clothes storage & organisers,https://www.ikea.com/nl/en/cat/clothes-organisers-10452/,https://www.ikea.com/nl/en/p/skostall-shoe-organiser-black-30528514/
Clothes storage & organisers,https://www.ikea.com/nl/en/cat/clothes-organisers-10452/,https://www.ikea.com/nl/en/p/stuk-box-with-compartments-white-60474425/
Clothes storage & organisers,https://www.ikea.com/nl/en/cat/clothes-organisers-10452/,https://www.ikea.com/nl/en/p/rigga-clothes-rack-white-50231630/
Sorting bins,https://www.ikea.com/nl/en/cat/recycling-bins-34470/,https://www.ikea.com/nl/en/p/sortera-sorting-bin-with-lid-beige-50602094/
Sorting bins,https://www.ikea.com/nl/en/cat/recycling-bins-34470/,https://www.ikea.com/nl/en/p/hallbar-bin-with-lid-light-grey-80398058/
Sorting bins,https://www.ikea.com/nl/en/cat/recycling-bins-34470/,https://www.ikea.com/nl/en/p/gardsbutik-bin-with-lid-grey-beige-70565199/
Sorting bins,https://www.ikea.com/nl/en/cat/recycling-bins-34470/,https://www.ikea.com/nl/en/p/lovkvast-bin-with-lid-black-20531098/
Sorting bins,https://www.ikea.com/nl/en/cat/recycling-bins-34470/,https://www.ikea.com/nl/en/p/husbonde-12-piece-sticker-set-waste-sort-80606142/
Sorting bins,https://www.ikea.com/nl/en/cat/recycling-bins-34470/,https://www.ikea.com/nl/en/p/sortera-waste-sorting-bin-with-lid-white-70255899/
Sorting bins,https://www.ikea.com/nl/en/cat/recycling-bins-34470/,https://www.ikea.com/nl/en/p/troskning-bin-with-lid-light-beige-20610175/
Sorting bins,https://www.ikea.com/nl/en/cat/recycling-bins-34470/,https://www.ikea.com/nl/en/p/dammang-bin-with-lid-grey-beige-60559976/
Sorting bins,https://www.ikea.com/nl/en/cat/recycling-bins-34470/,https://www.ikea.com/nl/en/p/farmarkvast-bin-with-lid-for-organic-waste-grey-green-90567003/
Sorting bins,https://www.ikea.com/nl/en/cat/recycling-bins-34470/,https://www.ikea.com/nl/en/p/troskning-bin-with-lid-light-grey-blue-00592257/
Sorting bins,https://www.ikea.com/nl/en/cat/recycling-bins-34470/,https://www.ikea.com/nl/en/p/dammang-bin-with-lid-grey-green-00559979/
Sorting bins,https://www.ikea.com/nl/en/cat/recycling-bins-34470/,https://www.ikea.com/nl/en/p/holass-bin-with-lid-black-00520500/
Sorting bins,https://www.ikea.com/nl/en/cat/recycling-bins-34470/,https://www.ikea.com/nl/en/p/pluggis-waste-sorting-bin-white-80234707/
Sorting bins,https://www.ikea.com/nl/en/cat/recycling-bins-34470/,https://www.ikea.com/nl/en/p/dammang-bin-with-lid-dark-grey-00559984/
Desk organisers & accessories,https://www.ikea.com/nl/en/cat/desk-accessories-10573/,https://www.ikea.com/nl/en/p/elloven-monitor-stand-with-drawer-anthracite-00485101/
Desk organisers & accessories,https://www.ikea.com/nl/en/cat/desk-accessories-10573/,https://www.ikea.com/nl/en/p/moppe-mini-chest-of-drawers-birch-plywood-40216357/
Desk organisers & accessories,https://www.ikea.com/nl/en/cat/desk-accessories-10573/,https://www.ikea.com/nl/en/p/skrutt-desk-pad-black-60291746/
Desk organisers & accessories,https://www.ikea.com/nl/en/cat/desk-accessories-10573/,https://www.ikea.com/nl/en/p/vattenkar-laptop-monitor-stand-birch-80541565/
Desk organisers & accessories,https://www.ikea.com/nl/en/cat/desk-accessories-10573/,https://www.ikea.com/nl/en/p/vattenkar-desktop-shelf-black-40541572/
Desk organisers & accessories,https://www.ikea.com/nl/en/cat/desk-accessories-10573/,https://www.ikea.com/nl/en/p/kolon-floor-protector-44881100/
Desk organisers & accessories,https://www.ikea.com/nl/en/cat/desk-accessories-10573/,https://www.ikea.com/nl/en/p/risatorp-desk-organiser-white-20540494/
Desk organisers & accessories,https://www.ikea.com/nl/en/cat/desk-accessories-10573/,https://www.ikea.com/nl/en/p/dronjons-letter-tray-white-10428718/
Desk organisers & accessories,https://www.ikea.com/nl/en/cat/desk-accessories-10573/,https://www.ikea.com/nl/en/p/ploja-desk-pad-white-transparent-10520892/
Desk organisers & accessories,https://www.ikea.com/nl/en/cat/desk-accessories-10573/,https://www.ikea.com/nl/en/p/stackstod-desk-organiser-grey-blue-10610109/
Desk organisers & accessories,https://www.ikea.com/nl/en/cat/desk-accessories-10573/,https://www.ikea.com/nl/en/p/harvmatta-letter-tray-anthracite-20578585/
Desk organisers & accessories,https://www.ikea.com/nl/en/cat/desk-accessories-10573/,https://www.ikea.com/nl/en/p/dronjons-pen-cup-white-00494879/
Desk organisers & accessories,https://www.ikea.com/nl/en/cat/desk-accessories-10573/,https://www.ikea.com/nl/en/p/dronjons-desk-organiser-white-00428827/
Desk organisers & accessories,https://www.ikea.com/nl/en/cat/desk-accessories-10573/,https://www.ikea.com/nl/en/p/alex-drawer-insert-grey-30595155/
Desk organisers & accessories,https://www.ikea.com/nl/en/cat/desk-accessories-10573/,https://www.ikea.com/nl/en/p/stubberget-bracket-for-2-monitors-black-70628210/
Desk organisers & accessories,https://www.ikea.com/nl/en/cat/desk-accessories-10573/,https://www.ikea.com/nl/en/p/havrehoj-holder-for-tablet-40534576/
Desk organisers & accessories,https://www.ikea.com/nl/en/cat/desk-accessories-10573/,https://www.ikea.com/nl/en/p/rissla-desk-pad-black-40246156/
Desk organisers & accessories,https://www.ikea.com/nl/en/cat/desk-accessories-10573/,https://www.ikea.com/nl/en/p/susig-desk-pad-cork-90457486/
Desk organisers & accessories,https://www.ikea.com/nl/en/cat/desk-accessories-10573/,https://www.ikea.com/nl/en/p/bergenes-holder-for-mobile-phone-tablet-bamboo-10457999/
Desk organisers & accessories,https://www.ikea.com/nl/en/cat/desk-accessories-10573/,https://www.ikea.com/nl/en/p/moppe-mini-chest-of-drawers-pine-80562770/
Desk organisers & accessories,https://www.ikea.com/nl/en/cat/desk-accessories-10573/,https://www.ikea.com/nl/en/p/sigfinn-monitor-stand-fixed-height-bamboo-veneer-20362929/
Desk organisers & accessories,https://www.ikea.com/nl/en/cat/desk-accessories-10573/,https://www.ikea.com/nl/en/p/grasidan-box-set-of-5-grey-60353843/
Desk organisers & accessories,https://www.ikea.com/nl/en/cat/desk-accessories-10573/,https://www.ikea.com/nl/en/p/mojlighet-headset-tablet-stand-black-00434277/
Desk organisers & accessories,https://www.ikea.com/nl/en/cat/desk-accessories-10573/,https://www.ikea.com/nl/en/p/forsasong-cable-management-tray-light-green-20607333/
Hooks & wall organisation,https://www.ikea.com/nl/en/cat/hooks-wall-organisation-st006/,https://www.ikea.com/nl/en/p/spruttig-hanger-black-20317079/
Hooks & wall organisation,https://www.ikea.com/nl/en/cat/hooks-wall-organisation-st006/,https://www.ikea.com/nl/en/p/skadis-pegboard-white-10321618/
Hooks & wall organisation,https://www.ikea.com/nl/en/cat/hooks-wall-organisation-st006/,https://www.ikea.com/nl/en/p/enudden-hanger-for-door-white-60251665/
Hooks & wall organisation,https://www.ikea.com/nl/en/cat/hooks-wall-organisation-st006/,https://www.ikea.com/nl/en/p/tippvagn-hook-self-adhesive-house-white-60563704/
Hooks & wall organisation,https://www.ikea.com/nl/en/cat/hooks-wall-organisation-st006/,https://www.ikea.com/nl/en/p/tjusig-hanger-for-door-wall-white-70242656/
Hooks & wall organisation,https://www.ikea.com/nl/en/cat/hooks-wall-organisation-st006/,https://www.ikea.com/nl/en/p/galtbox-rack-with-3-hooks-self-adhesive-white-10563711/
Hooks & wall organisation,https://www.ikea.com/nl/en/cat/hooks-wall-organisation-st006/,https://www.ikea.com/nl/en/p/sekiner-hook-for-door-white-60498110/
Hooks & wall organisation,https://www.ikea.com/nl/en/cat/hooks-wall-organisation-st006/,https://www.ikea.com/nl/en/p/gardsmastare-trouser-skirt-hanger-white-30540728/
Hooks & wall organisation,https://www.ikea.com/nl/en/cat/hooks-wall-organisation-st006/,https://www.ikea.com/nl/en/p/burhult-sibbhult-wall-shelf-combination-white-white-s09326099/
Hooks & wall organisation,https://www.ikea.com/nl/en/cat/hooks-wall-organisation-st006/,https://www.ikea.com/nl/en/p/hogaffel-wall-hook-70532062/
Hooks & wall organisation,https://www.ikea.com/nl/en/cat/hooks-wall-organisation-st006/,https://www.ikea.com/nl/en/p/lack-wall-shelf-white-90282180/
Hooks & wall organisation,https://www.ikea.com/nl/en/cat/hooks-wall-organisation-st006/,https://www.ikea.com/nl/en/p/mosslanda-picture-ledge-walnut-effect-70586936/
Hooks & wall organisation,https://www.ikea.com/nl/en/cat/hooks-wall-organisation-st006/,https://www.ikea.com/nl/en/p/hovolm-rack-with-6-knobs-oak-10500059/
Hooks & wall organisation,https://www.ikea.com/nl/en/cat/hooks-wall-organisation-st006/,https://www.ikea.com/nl/en/p/bumerang-hanger-white-70238541/
Hooks & wall organisation,https://www.ikea.com/nl/en/cat/hooks-wall-organisation-st006/,https://www.ikea.com/nl/en/p/drommare-mirror-50252397/
Hooks & wall organisation,https://www.ikea.com/nl/en/cat/hooks-wall-organisation-st006/,https://www.ikea.com/nl/en/p/skadis-pegboard-combination-black-s19546519/
Hooks & wall organisation,https://www.ikea.com/nl/en/cat/hooks-wall-organisation-st006/,https://www.ikea.com/nl/en/p/omtrent-hanger-connector-grey-60604894/
Hooks & wall organisation,https://www.ikea.com/nl/en/cat/hooks-wall-organisation-st006/,https://www.ikea.com/nl/en/p/skadis-hook-white-50335618/
Hooks & wall organisation,https://www.ikea.com/nl/en/cat/hooks-wall-organisation-st006/,https://www.ikea.com/nl/en/p/skoghall-hook-self-adhesive-black-60579229/
Hooks & wall organisation,https://www.ikea.com/nl/en/cat/hooks-wall-organisation-st006/,https://www.ikea.com/nl/en/p/lack-wall-shelf-white-50282182/
Hooks & wall organisation,https://www.ikea.com/nl/en/cat/hooks-wall-organisation-st006/,https://www.ikea.com/nl/en/p/svenshult-wall-shelf-grey-green-90557259/
Hooks & wall organisation,https://www.ikea.com/nl/en/cat/hooks-wall-organisation-st006/,https://www.ikea.com/nl/en/p/eket-wall-mounted-shelving-unit-walnut-effect-s99490274/
Hooks & wall organisation,https://www.ikea.com/nl/en/cat/hooks-wall-organisation-st006/,https://www.ikea.com/nl/en/p/flisat-wall-storage-light-white-stained-pine-00290778/
Hooks & wall organisation,https://www.ikea.com/nl/en/cat/hooks-wall-organisation-st006/,https://www.ikea.com/nl/en/p/skadis-storage-basket-set-of-3-white-50517760/
Bags,https://www.ikea.com/nl/en/cat/bags-16248/,https://www.ikea.com/nl/en/p/frakta-trunk-for-trolley-blue-90149148/
Bags,https://www.ikea.com/nl/en/cat/bags-16248/,https://www.ikea.com/nl/en/p/gorsnygg-bag-blue-60499261/
Bags,https://www.ikea.com/nl/en/cat/bags-16248/,https://www.ikea.com/nl/en/p/rensare-clothes-bag-set-of-3-check-pattern-grey-black-30432502/
Bags,https://www.ikea.com/nl/en/cat/bags-16248/,https://www.ikea.com/nl/en/p/parkla-shoe-bag-30522381/
Bags,https://www.ikea.com/nl/en/cat/bags-16248/,https://www.ikea.com/nl/en/p/gorsnygg-carrier-bag-large-light-beige-20504194/
Bags,https://www.ikea.com/nl/en/cat/bags-16248/,https://www.ikea.com/nl/en/p/knalla-bag-black-white-00473693/
Bags,https://www.ikea.com/nl/en/cat/bags-16248/,https://www.ikea.com/nl/en/p/frakta-carrier-bag-large-blue-20611108/
Bags,https://www.ikea.com/nl/en/cat/bags-16248/,https://www.ikea.com/nl/en/p/gorsnygg-bag-10595948/
Bags,https://www.ikea.com/nl/en/cat/bags-16248/,https://www.ikea.com/nl/en/p/klotpil-cooling-bag-00586379/
Bags,https://www.ikea.com/nl/en/cat/bags-16248/,https://www.ikea.com/nl/en/p/rensare-bag-check-pattern-black-20432499/
Bags,https://www.ikea.com/nl/en/cat/bags-16248/,https://www.ikea.com/nl/en/p/frakta-cool-bag-blue-50448069/
Bags,https://www.ikea.com/nl/en/cat/bags-16248/,https://www.ikea.com/nl/en/p/dimpa-storage-bag-transparent-10056770/
Bags,https://www.ikea.com/nl/en/cat/bags-16248/,https://www.ikea.com/nl/en/p/mavinn-bag-green-stripe-white-black-20615130/
Bags,https://www.ikea.com/nl/en/cat/bags-16248/,https://www.ikea.com/nl/en/p/tofsand-cooling-bag-pink-orange-70619593/
Bags,https://www.ikea.com/nl/en/cat/bags-16248/,https://www.ikea.com/nl/en/p/kungsfors-net-bag-set-of-2-natural-20372834/
Bags,https://www.ikea.com/nl/en/cat/bags-16248/,https://www.ikea.com/nl/en/p/skynke-carrier-bag-pale-yellow-multicolour-20624785/
Bags,https://www.ikea.com/nl/en/cat/bags-16248/,https://www.ikea.com/nl/en/p/rullebor-trolley-black-10516772/
Bags,https://www.ikea.com/nl/en/cat/bags-16248/,https://www.ikea.com/nl/en/p/rullebor-frakta-trolley-with-trunk-black-blue-s89491028/
Bags,https://www.ikea.com/nl/en/cat/bags-16248/,https://www.ikea.com/nl/en/p/radarbulle-shopping-bag-on-wheels-black-70485225/
Bags,https://www.ikea.com/nl/en/cat/bags-16248/,https://www.ikea.com/nl/en/p/frakta-carrier-bag-medium-blue-60611111/
Bags,https://www.ikea.com/nl/en/cat/bags-16248/,https://www.ikea.com/nl/en/p/soluppgang-bag-mixed-colours-20619798/
Bags,https://www.ikea.com/nl/en/cat/bags-16248/,https://www.ikea.com/nl/en/p/knalla-umbrella-foldable-black-30477637/
Bags,https://www.ikea.com/nl/en/cat/bags-16248/,https://www.ikea.com/nl/en/p/storstomma-carrier-bag-large-multicolour-10483210/
Bags,https://www.ikea.com/nl/en/cat/bags-16248/,https://www.ikea.com/nl/en/p/knalla-umbrella-black-60282332/
Moving supplies,https://www.ikea.com/nl/en/cat/moving-supplies-46078/,https://www.ikea.com/nl/en/p/dundergubbe-moving-box-brown-40534562/
Moving supplies,https://www.ikea.com/nl/en/cat/moving-supplies-46078/,https://www.ikea.com/nl/en/p/dundergubbe-moving-box-brown-10477049/
Moving supplies,https://www.ikea.com/nl/en/cat/moving-supplies-46078/,https://www.ikea.com/nl/en/p/frakta-trunk-for-trolley-blue-90149148/
Moving supplies,https://www.ikea.com/nl/en/cat/moving-supplies-46078/,https://www.ikea.com/nl/en/p/parkla-storage-case-00601105/
Moving supplies,https://www.ikea.com/nl/en/cat/moving-supplies-46078/,https://www.ikea.com/nl/en/p/frakta-carrier-bag-large-blue-20611108/
Moving supplies,https://www.ikea.com/nl/en/cat/moving-supplies-46078/,https://www.ikea.com/nl/en/p/rullebor-trolley-black-10516772/
Moving supplies,https://www.ikea.com/nl/en/cat/moving-supplies-46078/,https://www.ikea.com/nl/en/p/parkla-storage-case-50395382/
Moving supplies,https://www.ikea.com/nl/en/cat/moving-supplies-46078/,https://www.ikea.com/nl/en/p/dimpa-storage-bag-transparent-10056770/
Moving supplies,https://www.ikea.com/nl/en/cat/moving-supplies-46078/,https://www.ikea.com/nl/en/p/gorsnygg-carrier-bag-large-light-beige-20504194/
Moving supplies,https://www.ikea.com/nl/en/cat/moving-supplies-46078/,https://www.ikea.com/nl/en/p/rullebor-frakta-trolley-with-trunk-black-blue-s89491028/
Moving supplies,https://www.ikea.com/nl/en/cat/moving-supplies-46078/,https://www.ikea.com/nl/en/p/frakta-carrier-bag-large-blue-17228340/
Moving supplies,https://www.ikea.com/nl/en/cat/moving-supplies-46078/,https://www.ikea.com/nl/en/p/invallning-trolley-for-boxes-white-10569398/
Moving supplies,https://www.ikea.com/nl/en/cat/moving-supplies-46078/,https://www.ikea.com/nl/en/p/frakta-loading-strap-with-buckle-black-79306696/
Moving supplies,https://www.ikea.com/nl/en/cat/moving-supplies-46078/,https://www.ikea.com/nl/en/p/frakta-carrier-bag-medium-blue-60611111/
Moving supplies,https://www.ikea.com/nl/en/cat/moving-supplies-46078/,https://www.ikea.com/nl/en/p/frakta-carrier-bag-medium-blue-60301707/
Moving supplies,https://www.ikea.com/nl/en/cat/moving-supplies-46078/,https://www.ikea.com/nl/en/p/frakta-luggage-straps-black-25989100/
Moving supplies,https://www.ikea.com/nl/en/cat/moving-supplies-46078/,https://www.ikea.com/nl/en/p/storstomma-carrier-bag-large-multicolour-10483210/
Waste bins & bags,https://www.ikea.com/nl/en/cat/waste-bins-bags-16213/,https://www.ikea.com/nl/en/p/lovkvast-bin-with-lid-black-20531098/
Waste bins & bags,https://www.ikea.com/nl/en/cat/waste-bins-bags-16213/,https://www.ikea.com/nl/en/p/gardsbutik-bin-with-lid-grey-beige-70565199/
Waste bins & bags,https://www.ikea.com/nl/en/cat/waste-bins-bags-16213/,https://www.ikea.com/nl/en/p/fniss-waste-bin-white-40295439/
Waste bins & bags,https://www.ikea.com/nl/en/cat/waste-bins-bags-16213/,https://www.ikea.com/nl/en/p/sortera-sorting-bin-with-lid-beige-50602094/
Waste bins & bags,https://www.ikea.com/nl/en/cat/waste-bins-bags-16213/,https://www.ikea.com/nl/en/p/hallbar-bin-with-lid-light-grey-80398058/
Waste bins & bags,https://www.ikea.com/nl/en/cat/waste-bins-bags-16213/,https://www.ikea.com/nl/en/p/knockla-pedal-bin-dark-grey-70514100/
Waste bins & bags,https://www.ikea.com/nl/en/cat/waste-bins-bags-16213/,https://www.ikea.com/nl/en/p/dammang-bin-with-lid-grey-beige-60559976/
Waste bins & bags,https://www.ikea.com/nl/en/cat/waste-bins-bags-16213/,https://www.ikea.com/nl/en/p/brogrund-touch-top-bin-black-60524656/
Waste bins & bags,https://www.ikea.com/nl/en/cat/waste-bins-bags-16213/,https://www.ikea.com/nl/en/p/dimpa-sorting-bag-with-lid-light-grey-beige-40601434/
Waste bins & bags,https://www.ikea.com/nl/en/cat/waste-bins-bags-16213/,https://www.ikea.com/nl/en/p/ekoln-waste-bin-beige-10623475/
Waste bins & bags,https://www.ikea.com/nl/en/cat/waste-bins-bags-16213/,https://www.ikea.com/nl/en/p/dammang-bin-with-lid-grey-green-00559979/
Waste bins & bags,https://www.ikea.com/nl/en/cat/waste-bins-bags-16213/,https://www.ikea.com/nl/en/p/husbonde-12-piece-sticker-set-waste-sort-80606142/
Waste bins & bags,https://www.ikea.com/nl/en/cat/waste-bins-bags-16213/,https://www.ikea.com/nl/en/p/kinnasjo-waste-bin-with-lid-self-adhesive-green-00591856/
Waste bins & bags,https://www.ikea.com/nl/en/cat/waste-bins-bags-16213/,https://www.ikea.com/nl/en/p/farmarkvast-bin-with-lid-for-organic-waste-grey-green-90567003/
Waste bins & bags,https://www.ikea.com/nl/en/cat/waste-bins-bags-16213/,https://www.ikea.com/nl/en/p/gangskyffel-pedal-bin-grey-green-00595388/
Waste bins & bags,https://www.ikea.com/nl/en/cat/waste-bins-bags-16213/,https://www.ikea.com/nl/en/p/fniss-waste-bin-black-60295438/
Waste bins & bags,https://www.ikea.com/nl/en/cat/waste-bins-bags-16213/,https://www.ikea.com/nl/en/p/knodd-bin-with-lid-grey-90315312/
Waste bins & bags,https://www.ikea.com/nl/en/cat/waste-bins-bags-16213/,https://www.ikea.com/nl/en/p/gorsnygg-carrier-bag-large-light-beige-20504194/
Waste bins & bags,https://www.ikea.com/nl/en/cat/waste-bins-bags-16213/,https://www.ikea.com/nl/en/p/troskning-bin-with-lid-light-grey-blue-00592257/
Waste bins & bags,https://www.ikea.com/nl/en/cat/waste-bins-bags-16213/,https://www.ikea.com/nl/en/p/dimpa-waste-sorting-bag-white-dark-grey-light-grey-40180136/
Waste bins & bags,https://www.ikea.com/nl/en/cat/waste-bins-bags-16213/,https://www.ikea.com/nl/en/p/florsjon-waste-bin-beige-60604865/
Waste bins & bags,https://www.ikea.com/nl/en/cat/waste-bins-bags-16213/,https://www.ikea.com/nl/en/p/dronjons-wastepaper-basket-black-70501843/
Waste bins & bags,https://www.ikea.com/nl/en/cat/waste-bins-bags-16213/,https://www.ikea.com/nl/en/p/troskning-bin-with-lid-light-beige-20610175/
Waste bins & bags,https://www.ikea.com/nl/en/cat/waste-bins-bags-16213/,https://www.ikea.com/nl/en/p/parkla-storage-case-50395382/
Laundry cabinets & shelving,https://www.ikea.com/nl/en/cat/laundry-cabinets-shelving-48925/,https://www.ikea.com/nl/en/p/enhet-storage-combination-white-s89547940/
Laundry cabinets & shelving,https://www.ikea.com/nl/en/cat/laundry-cabinets-shelving-48925/,https://www.ikea.com/nl/en/p/nysjon-cabinet-for-washing-machine-white-10496477/
Laundry cabinets & shelving,https://www.ikea.com/nl/en/cat/laundry-cabinets-shelving-48925/,https://www.ikea.com/nl/en/p/jonaxel-storage-combination-white-s89297130/
Laundry cabinets & shelving,https://www.ikea.com/nl/en/cat/laundry-cabinets-shelving-48925/,https://www.ikea.com/nl/en/p/enhet-storage-combination-anthracite-white-s79548110/
Laundry cabinets & shelving,https://www.ikea.com/nl/en/cat/laundry-cabinets-shelving-48925/,https://www.ikea.com/nl/en/p/nysjon-high-cabinet-white-20470815/
Laundry cabinets & shelving,https://www.ikea.com/nl/en/cat/laundry-cabinets-shelving-48925/,https://www.ikea.com/nl/en/p/nysjon-laundry-cabinet-white-40496471/
Laundry cabinets & shelving,https://www.ikea.com/nl/en/cat/laundry-cabinets-shelving-48925/,https://www.ikea.com/nl/en/p/jonaxel-storage-combination-white-s19297138/
Laundry cabinets & shelving,https://www.ikea.com/nl/en/cat/laundry-cabinets-shelving-48925/,https://www.ikea.com/nl/en/p/boaxel-laundry-combination-anthracite-metal-s69548894/
Laundry cabinets & shelving,https://www.ikea.com/nl/en/cat/laundry-cabinets-shelving-48925/,https://www.ikea.com/nl/en/p/jonaxel-storage-combination-white-s99297144/
Laundry cabinets & shelving,https://www.ikea.com/nl/en/cat/laundry-cabinets-shelving-48925/,https://www.ikea.com/nl/en/p/jonaxel-storage-combination-white-s09297134/
Laundry cabinets & shelving,https://www.ikea.com/nl/en/cat/laundry-cabinets-shelving-48925/,https://www.ikea.com/nl/en/p/boaxel-laundry-combination-white-metal-s89332402/
Laundry cabinets & shelving,https://www.ikea.com/nl/en/cat/laundry-cabinets-shelving-48925/,https://www.ikea.com/nl/en/p/jonaxel-storage-combination-white-s79305098/
Laundry cabinets & shelving,https://www.ikea.com/nl/en/cat/laundry-cabinets-shelving-48925/,https://www.ikea.com/nl/en/p/boaxel-laundry-combination-anthracite-s99548864/
Laundry cabinets & shelving,https://www.ikea.com/nl/en/cat/laundry-cabinets-shelving-48925/,https://www.ikea.com/nl/en/p/jonaxel-storage-combination-white-s59297141/
Laundry cabinets & shelving,https://www.ikea.com/nl/en/cat/laundry-cabinets-shelving-48925/,https://www.ikea.com/nl/en/p/boaxel-laundry-combination-anthracite-metal-s69548912/
Laundry cabinets & shelving,https://www.ikea.com/nl/en/cat/laundry-cabinets-shelving-48925/,https://www.ikea.com/nl/en/p/jonaxel-wardrobe-combination-white-s09297657/
Laundry cabinets & shelving,https://www.ikea.com/nl/en/cat/laundry-cabinets-shelving-48925/,https://www.ikea.com/nl/en/p/jonaxel-wardrobe-combination-white-s49311492/
Laundry cabinets & shelving,https://www.ikea.com/nl/en/cat/laundry-cabinets-shelving-48925/,https://www.ikea.com/nl/en/p/jonaxel-storage-combination-white-s09297488/
Laundry baskets,https://www.ikea.com/nl/en/cat/laundry-baskets-20601/,https://www.ikea.com/nl/en/p/purrpingla-laundry-bag-with-stand-beige-40609406/
Laundry baskets,https://www.ikea.com/nl/en/cat/laundry-baskets-20601/,https://www.ikea.com/nl/en/p/nattgibba-laundry-basket-willow-handmade-30531936/
Laundry baskets,https://www.ikea.com/nl/en/cat/laundry-baskets-20601/,https://www.ikea.com/nl/en/p/jall-laundry-bag-with-stand-white-30553607/
Laundry baskets,https://www.ikea.com/nl/en/cat/laundry-baskets-20601/,https://www.ikea.com/nl/en/p/purrpingla-laundry-bag-beige-00493832/
Laundry baskets,https://www.ikea.com/nl/en/cat/laundry-baskets-20601/,https://www.ikea.com/nl/en/p/slibb-laundry-basket-white-70612723/
Laundry baskets,https://www.ikea.com/nl/en/cat/laundry-baskets-20601/,https://www.ikea.com/nl/en/p/klunka-laundry-bag-white-black-50364371/
Laundry baskets,https://www.ikea.com/nl/en/cat/laundry-baskets-20601/,https://www.ikea.com/nl/en/p/slibb-flexible-laundry-basket-green-20567723/
Laundry baskets,https://www.ikea.com/nl/en/cat/laundry-baskets-20601/,https://www.ikea.com/nl/en/p/skubb-laundry-bag-with-stand-white-90224048/
Laundry baskets,https://www.ikea.com/nl/en/cat/laundry-baskets-20601/,https://www.ikea.com/nl/en/p/enhet-laundry-bag-with-castors-anthracite-70613906/
Laundry baskets,https://www.ikea.com/nl/en/cat/laundry-baskets-20601/,https://www.ikea.com/nl/en/p/torkis-flexi-laundry-basket-in-outdoor-green-20579165/
Laundry baskets,https://www.ikea.com/nl/en/cat/laundry-baskets-20601/,https://www.ikea.com/nl/en/p/ljungan-laundry-bag-90527880/
Laundry baskets,https://www.ikea.com/nl/en/cat/laundry-baskets-20601/,https://www.ikea.com/nl/en/p/mavinn-laundry-basket-jute-cotton-60615114/
Laundry baskets,https://www.ikea.com/nl/en/cat/laundry-baskets-20601/,https://www.ikea.com/nl/en/p/knalla-bag-black-white-00473693/
Laundry baskets,https://www.ikea.com/nl/en/cat/laundry-baskets-20601/,https://www.ikea.com/nl/en/p/fyllen-laundry-basket-white-60522049/
Laundry baskets,https://www.ikea.com/nl/en/cat/laundry-baskets-20601/,https://www.ikea.com/nl/en/p/tolkning-laundry-basket-handmade-willow-00512618/
Laundry baskets,https://www.ikea.com/nl/en/cat/laundry-baskets-20601/,https://www.ikea.com/nl/en/p/saluding-laundry-basket-handmade-bamboo-70503583/
Laundry baskets,https://www.ikea.com/nl/en/cat/laundry-baskets-20601/,https://www.ikea.com/nl/en/p/frakta-trunk-for-trolley-blue-90149148/
Laundry baskets,https://www.ikea.com/nl/en/cat/laundry-baskets-20601/,https://www.ikea.com/nl/en/p/dimpa-storage-bag-transparent-10056770/
Laundry baskets,https://www.ikea.com/nl/en/cat/laundry-baskets-20601/,https://www.ikea.com/nl/en/p/tolkning-laundry-basket-with-wheels-handmade-willow-80512624/
Laundry accessories,https://www.ikea.com/nl/en/cat/laundry-accessories-55004/,https://www.ikea.com/nl/en/p/slibb-clothes-peg-green-90567748/
Laundry accessories,https://www.ikea.com/nl/en/cat/laundry-accessories-55004/,https://www.ikea.com/nl/en/p/pressa-hanging-dryer-16-clothes-pegs-green-90579157/
Laundry accessories,https://www.ikea.com/nl/en/cat/laundry-accessories-55004/,https://www.ikea.com/nl/en/p/slibb-hanging-clothes-peg-green-30567732/
Laundry accessories,https://www.ikea.com/nl/en/cat/laundry-accessories-55004/,https://www.ikea.com/nl/en/p/slibb-washing-bag-set-of-2-white-grey-60569857/
Laundry accessories,https://www.ikea.com/nl/en/cat/laundry-accessories-55004/,https://www.ikea.com/nl/en/p/slibb-hanger-with-8-grip-clips-green-30567727/
Laundry accessories,https://www.ikea.com/nl/en/cat/laundry-accessories-55004/,https://www.ikea.com/nl/en/p/slibb-washing-bag-white-grey-60567735/
Cleaning accessories,https://www.ikea.com/nl/en/cat/cleaning-accessories-20609/,https://www.ikea.com/nl/en/p/pepprig-dustpan-broom-grey-green-90567630/
Cleaning accessories,https://www.ikea.com/nl/en/cat/cleaning-accessories-20609/,https://www.ikea.com/nl/en/p/pepprig-squeeze-clean-flat-mop-grey-00569855/
Cleaning accessories,https://www.ikea.com/nl/en/cat/cleaning-accessories-20609/,https://www.ikea.com/nl/en/p/pepprig-cleaning-bucket-and-caddy-green-20567619/
Cleaning accessories,https://www.ikea.com/nl/en/cat/cleaning-accessories-20609/,https://www.ikea.com/nl/en/p/pepprig-floor-squeegee-40527081/
Cleaning accessories,https://www.ikea.com/nl/en/cat/cleaning-accessories-20609/,https://www.ikea.com/nl/en/p/pepprig-wash-tub-foldable-green-70572963/
Cleaning accessories,https://www.ikea.com/nl/en/cat/cleaning-accessories-20609/,https://www.ikea.com/nl/en/p/pepprig-microfiber-cloth-green-blue-yellow-40567637/
Cleaning accessories,https://www.ikea.com/nl/en/cat/cleaning-accessories-20609/,https://www.ikea.com/nl/en/p/lillnaggen-squeegee-40243596/
Cleaning accessories,https://www.ikea.com/nl/en/cat/cleaning-accessories-20609/,https://www.ikea.com/nl/en/p/pepprig-3-piece-bucket-set-with-lid-grey-blue-50567613/
Cleaning accessories,https://www.ikea.com/nl/en/cat/cleaning-accessories-20609/,https://www.ikea.com/nl/en/p/pepprig-cleaning-set-blue-yellow-80567621/
Cleaning accessories,https://www.ikea.com/nl/en/cat/cleaning-accessories-20609/,https://www.ikea.com/nl/en/p/pepprig-dust-pan-and-brush-grey-10527087/
Cleaning accessories,https://www.ikea.com/nl/en/cat/cleaning-accessories-20609/,https://www.ikea.com/nl/en/p/bastis-lint-roller-grey-90425626/
Cleaning accessories,https://www.ikea.com/nl/en/cat/cleaning-accessories-20609/,https://www.ikea.com/nl/en/p/pepprig-scrubbing-brush-set-of-2-green-10567648/
Cleaning accessories,https://www.ikea.com/nl/en/cat/cleaning-accessories-20609/,https://www.ikea.com/nl/en/p/bastis-lint-roller-with-4-refills-30141126/
Cleaning accessories,https://www.ikea.com/nl/en/cat/cleaning-accessories-20609/,https://www.ikea.com/nl/en/p/pepprig-wash-tub-foldable-yellow-60567721/
Cleaning accessories,https://www.ikea.com/nl/en/cat/cleaning-accessories-20609/,https://www.ikea.com/nl/en/p/vindsikt-dustpan-broom-bamboo-grey-green-40608063/
Cleaning accessories,https://www.ikea.com/nl/en/cat/cleaning-accessories-20609/,https://www.ikea.com/nl/en/p/pepprig-microfibre-pad-for-flat-mop-grey-30568821/
Cleaning accessories,https://www.ikea.com/nl/en/cat/cleaning-accessories-20609/,https://www.ikea.com/nl/en/p/rinnig-cleaning-gloves-bright-yellow-off-white-70565854/
Cleaning accessories,https://www.ikea.com/nl/en/cat/cleaning-accessories-20609/,https://www.ikea.com/nl/en/p/fruktplockare-lint-brush-black-light-grey-20528388/
Cleaning accessories,https://www.ikea.com/nl/en/cat/cleaning-accessories-20609/,https://www.ikea.com/nl/en/p/svampig-sponge-grey-green-10595439/
Cleaning accessories,https://www.ikea.com/nl/en/cat/cleaning-accessories-20609/,https://www.ikea.com/nl/en/p/pepprig-spray-bottle-30499535/
Cleaning accessories,https://www.ikea.com/nl/en/cat/cleaning-accessories-20609/,https://www.ikea.com/nl/en/p/pepprig-microfiber-cloth-20575638/
Cleaning accessories,https://www.ikea.com/nl/en/cat/cleaning-accessories-20609/,https://www.ikea.com/nl/en/p/pepprig-scrubbing-pad-green-blue-yellow-70567650/
Cleaning accessories,https://www.ikea.com/nl/en/cat/cleaning-accessories-20609/,https://www.ikea.com/nl/en/p/pepprig-bristle-refill-for-brush-head-green-60567617/
Cleaning accessories,https://www.ikea.com/nl/en/cat/cleaning-accessories-20609/,https://www.ikea.com/nl/en/p/samla-insert-for-box-11-22-l-transparent-50102973/
Drying racks,https://www.ikea.com/nl/en/cat/drying-racks-20602/,https://www.ikea.com/nl/en/p/mulig-drying-rack-in-outdoor-white-50228755/
Drying racks,https://www.ikea.com/nl/en/cat/drying-racks-20602/,https://www.ikea.com/nl/en/p/frost-drying-rack-in-outdoor-white-40244831/
Drying racks,https://www.ikea.com/nl/en/cat/drying-racks-20602/,https://www.ikea.com/nl/en/p/jall-drying-rack-in-outdoor-white-80242892/
Drying racks,https://www.ikea.com/nl/en/cat/drying-racks-20602/,https://www.ikea.com/nl/en/p/antonius-drying-rack-white-70176086/
Drying racks,https://www.ikea.com/nl/en/cat/drying-racks-20602/,https://www.ikea.com/nl/en/p/boaxel-laundry-combination-anthracite-metal-s69548894/
Drying racks,https://www.ikea.com/nl/en/cat/drying-racks-20602/,https://www.ikea.com/nl/en/p/grundtal-drying-rack-wall-stainless-steel-90219297/
Drying racks,https://www.ikea.com/nl/en/cat/drying-racks-20602/,https://www.ikea.com/nl/en/p/pressa-hanging-dryer-16-clothes-pegs-green-90579157/
Drying racks,https://www.ikea.com/nl/en/cat/drying-racks-20602/,https://www.ikea.com/nl/en/p/boaxel-laundry-combination-white-metal-s89332402/
Drying racks,https://www.ikea.com/nl/en/cat/drying-racks-20602/,https://www.ikea.com/nl/en/p/mulig-clothes-bar-white-30179435/
Drying racks,https://www.ikea.com/nl/en/cat/drying-racks-20602/,https://www.ikea.com/nl/en/p/boaxel-laundry-combination-anthracite-metal-s69548912/
Drying racks,https://www.ikea.com/nl/en/cat/drying-racks-20602/,https://www.ikea.com/nl/en/p/boaxel-laundry-combination-anthracite-s99548864/
Ironing boards,https://www.ikea.com/nl/en/cat/ironing-boards-20608/,https://www.ikea.com/nl/en/p/danka-ironing-board-20471612/
Ironing boards,https://www.ikea.com/nl/en/cat/ironing-boards-20608/,https://www.ikea.com/nl/en/p/jall-ironingboard-table-20242890/
Ironing boards,https://www.ikea.com/nl/en/cat/ironing-boards-20608/,https://www.ikea.com/nl/en/p/ruter-ironing-board-white-60471610/
Ironing boards,https://www.ikea.com/nl/en/cat/ironing-boards-20608/,https://www.ikea.com/nl/en/p/lagt-ironing-board-cover-grey-80342575/
Washing machines & tumble dryers,https://www.ikea.com/nl/en/cat/washing-machines-20826/,https://www.ikea.com/nl/en/p/uddarp-washing-machine-ikea-300-60523765/
Washing machines & tumble dryers,https://www.ikea.com/nl/en/cat/washing-machines-20826/,https://www.ikea.com/nl/en/p/uddarp-washer-dryer-ikea-500-80525462/
Washing machines & tumble dryers,https://www.ikea.com/nl/en/cat/washing-machines-20826/,https://www.ikea.com/nl/en/p/uddarp-washing-machine-ikea-500-70525467/
SKYTTA Sliding door system,https://www.ikea.com/nl/en/cat/skytta-sliding-door-system-55984/,https://www.ikea.com/nl/en/p/skytta-rail-for-sliding-door-frame-2-tracks-black-20512641/
SKYTTA Sliding door system,https://www.ikea.com/nl/en/cat/skytta-sliding-door-system-55984/,https://www.ikea.com/nl/en/p/skytta-rail-for-sliding-door-frame-3-tracks-black-80512643/
SKYTTA Sliding door system,https://www.ikea.com/nl/en/cat/skytta-sliding-door-system-55984/,https://www.ikea.com/nl/en/p/skytta-sliding-door-frame-black-70497737/
SKYTTA Sliding door system,https://www.ikea.com/nl/en/cat/skytta-sliding-door-system-55984/,https://www.ikea.com/nl/en/p/skytta-rail-for-sliding-door-frame-2-tracks-aluminium-colour-30500063/
SKYTTA Sliding door system,https://www.ikea.com/nl/en/cat/skytta-sliding-door-system-55984/,https://www.ikea.com/nl/en/p/skytta-fitting-package-for-two-track-rail-10500064/
SKYTTA Sliding door system,https://www.ikea.com/nl/en/cat/skytta-sliding-door-system-55984/,https://www.ikea.com/nl/en/p/skytta-sliding-door-frame-black-80497732/
SKYTTA Sliding door system,https://www.ikea.com/nl/en/cat/skytta-sliding-door-system-55984/,https://www.ikea.com/nl/en/p/skytta-mehamn-auli-sliding-door-combination-black-dark-grey-mirror-glass-s49575906/
SKYTTA Sliding door system,https://www.ikea.com/nl/en/cat/skytta-sliding-door-system-55984/,https://www.ikea.com/nl/en/p/skytta-mehamn-sliding-door-combination-black-double-sided-dark-grey-s69499582/
SKYTTA Sliding door system,https://www.ikea.com/nl/en/cat/skytta-sliding-door-system-55984/,https://www.ikea.com/nl/en/p/mehamn-4-panels-for-sliding-door-frame-dark-grey-grey-beige-30510905/
SKYTTA Sliding door system,https://www.ikea.com/nl/en/cat/skytta-sliding-door-system-55984/,https://www.ikea.com/nl/en/p/skytta-mehamn-sliding-door-combination-white-double-sided-white-stained-oak-effect-s89424048/
SKYTTA Sliding door system,https://www.ikea.com/nl/en/cat/skytta-sliding-door-system-55984/,https://www.ikea.com/nl/en/p/skytta-farvik-sliding-door-combination-white-white-glass-s09477917/
SKYTTA Sliding door system,https://www.ikea.com/nl/en/cat/skytta-sliding-door-system-55984/,https://www.ikea.com/nl/en/p/skytta-ceiling-height-reducer-3-tracks-00511096/
SKYTTA Sliding door system,https://www.ikea.com/nl/en/cat/skytta-sliding-door-system-55984/,https://www.ikea.com/nl/en/p/skytta-boaxel-reach-in-wardrobe-with-sliding-door-black-double-sided-mehamn-dark-grey-s39523239/
SKYTTA Sliding door system,https://www.ikea.com/nl/en/cat/skytta-sliding-door-system-55984/,https://www.ikea.com/nl/en/p/farvik-4-panels-for-sliding-door-frame-white-glass-70250316/
SKYTTA Sliding door system,https://www.ikea.com/nl/en/cat/skytta-sliding-door-system-55984/,https://www.ikea.com/nl/en/p/skytta-pax-walk-in-wardrobe-with-sliding-doors-black-dark-grey-mehamn-light-green-s99552498/
SKYTTA Sliding door system,https://www.ikea.com/nl/en/cat/skytta-sliding-door-system-55984/,https://www.ikea.com/nl/en/p/skytta-mehamn-auli-sliding-door-combination-white-double-sided-grey-beige-mirror-glass-s79575924/
SKYTTA Sliding door system,https://www.ikea.com/nl/en/cat/skytta-sliding-door-system-55984/,https://www.ikea.com/nl/en/p/skytta-sliding-door-frame-white-50497738/
SKYTTA Sliding door system,https://www.ikea.com/nl/en/cat/skytta-sliding-door-system-55984/,https://www.ikea.com/nl/en/p/skytta-boaxel-reach-in-wardrobe-with-sliding-door-aluminium-mehamn-auli-grey-beige-mirror-glass-s69562173/
SKYTTA Sliding door system,https://www.ikea.com/nl/en/cat/skytta-sliding-door-system-55984/,https://www.ikea.com/nl/en/p/skytta-auli-sliding-door-combination-black-mirror-glass-s29575851/
SKYTTA Sliding door system,https://www.ikea.com/nl/en/cat/skytta-sliding-door-system-55984/,https://www.ikea.com/nl/en/p/skytta-rail-for-sliding-door-frame-2-tracks-white-40512640/
SKYTTA Sliding door system,https://www.ikea.com/nl/en/cat/skytta-sliding-door-system-55984/,https://www.ikea.com/nl/en/p/auli-4-panels-for-sliding-door-frame-mirror-glass-00587741/
SKYTTA Sliding door system,https://www.ikea.com/nl/en/cat/skytta-sliding-door-system-55984/,https://www.ikea.com/nl/en/p/skytta-mehamn-auli-sliding-door-combination-aluminium-dark-grey-mirror-glass-s89575928/
SKYTTA Sliding door system,https://www.ikea.com/nl/en/cat/skytta-sliding-door-system-55984/,https://www.ikea.com/nl/en/p/skytta-sliding-door-frame-aluminium-90497736/
SKYTTA Sliding door system,https://www.ikea.com/nl/en/cat/skytta-sliding-door-system-55984/,https://www.ikea.com/nl/en/p/skytta-mehamn-sliding-door-combination-black-double-sided-white-s39499574/
Tools & fittings,https://www.ikea.com/nl/en/cat/tools-fittings-16292/,https://www.ikea.com/nl/en/p/trixig-15-piece-tool-set-90492786/
Tools & fittings,https://www.ikea.com/nl/en/cat/tools-fittings-16292/,https://www.ikea.com/nl/en/p/trixig-screwdriver-drill-li-ion-10546910/
Tools & fittings,https://www.ikea.com/nl/en/cat/tools-fittings-16292/,https://www.ikea.com/nl/en/p/trixig-175-piece-screw-and-plug-set-50546908/
Tools & fittings,https://www.ikea.com/nl/en/cat/tools-fittings-16292/,https://www.ikea.com/nl/en/p/trixig-20-piece-bit-and-drill-set-80568084/
Tools & fittings,https://www.ikea.com/nl/en/cat/tools-fittings-16292/,https://www.ikea.com/nl/en/p/trixig-tape-measure-90546911/
Tools & fittings,https://www.ikea.com/nl/en/cat/tools-fittings-16292/,https://www.ikea.com/nl/en/p/trixig-200-piece-wood-screw-set-50561183/
Tools & fittings,https://www.ikea.com/nl/en/cat/tools-fittings-16292/,https://www.ikea.com/nl/en/p/trixig-spirit-level-70546907/
Tools & fittings,https://www.ikea.com/nl/en/cat/tools-fittings-16292/,https://www.ikea.com/nl/en/p/alfta-adhesive-hook-for-frame-white-50382841/
Tools & fittings,https://www.ikea.com/nl/en/cat/tools-fittings-16292/,https://www.ikea.com/nl/en/p/trixig-screwdriver-li-ion-30546909/
Tools & fittings,https://www.ikea.com/nl/en/cat/tools-fittings-16292/,https://www.ikea.com/nl/en/p/fixa-drill-template-orange-90323393/
Tools & fittings,https://www.ikea.com/nl/en/cat/tools-fittings-16292/,https://www.ikea.com/nl/en/p/trixig-stick-on-floor-protectors-set-of-20-grey-80573226/
Tools & fittings,https://www.ikea.com/nl/en/cat/tools-fittings-16292/,https://www.ikea.com/nl/en/p/trixig-floor-protectors-with-rivet-white-20573168/
Tools & fittings,https://www.ikea.com/nl/en/cat/tools-fittings-16292/,https://www.ikea.com/nl/en/p/rill-castor-grey-96671300/
"Oils, stains & product care",https://www.ikea.com/nl/en/cat/oils-stains-product-care-42948/,https://www.ikea.com/nl/en/p/trixig-wood-stain-outdoor-use-80580222/
"Oils, stains & product care",https://www.ikea.com/nl/en/cat/oils-stains-product-care-42948/,https://www.ikea.com/nl/en/p/trixig-hole-repair-filler-00581089/
"Oils, stains & product care",https://www.ikea.com/nl/en/cat/oils-stains-product-care-42948/,https://www.ikea.com/nl/en/p/trixig-wood-treatment-oil-indoor-use-30581115/
"Oils, stains & product care",https://www.ikea.com/nl/en/cat/oils-stains-product-care-42948/,https://www.ikea.com/nl/en/p/trixig-wood-treatment-oil-indoor-use-00581065/
"Oils, stains & product care",https://www.ikea.com/nl/en/cat/oils-stains-product-care-42948/,https://www.ikea.com/nl/en/p/trixig-leather-cleaner-10580310/
"Oils, stains & product care",https://www.ikea.com/nl/en/cat/oils-stains-product-care-42948/,https://www.ikea.com/nl/en/p/trixig-paint-brush-set-of-3-20573229/
"Oils, stains & product care",https://www.ikea.com/nl/en/cat/oils-stains-product-care-42948/,https://www.ikea.com/nl/en/p/trixig-leather-conditioner-90581122/
"Oils, stains & product care",https://www.ikea.com/nl/en/cat/oils-stains-product-care-42948/,https://www.ikea.com/nl/en/p/trixig-paint-white-10580211/
"Oils, stains & product care",https://www.ikea.com/nl/en/cat/oils-stains-product-care-42948/,https://www.ikea.com/nl/en/p/trixig-cleaning-cloth-90581099/
Acoustic panels,https://www.ikea.com/nl/en/cat/acoustic-panels-46077/,https://www.ikea.com/nl/en/p/mittzon-acoustic-screen-floor-standing-gunnared-beige-60528206/
Acoustic panels,https://www.ikea.com/nl/en/cat/acoustic-panels-46077/,https://www.ikea.com/nl/en/p/mittzon-acoustic-plant-box-with-castors-gunnared-beige-60587578/
Acoustic panels,https://www.ikea.com/nl/en/cat/acoustic-panels-46077/,https://www.ikea.com/nl/en/p/mittzon-acoustic-baffle-gunnared-beige-20587575/
Acoustic panels,https://www.ikea.com/nl/en/cat/acoustic-panels-46077/,https://www.ikea.com/nl/en/p/mittzon-acoustic-screen-for-desk-gunnared-beige-40528194/
Acoustic panels,https://www.ikea.com/nl/en/cat/acoustic-panels-46077/,https://www.ikea.com/nl/en/p/mittzon-acoustic-baffle-set-gunnared-beige-s59603126/
Safety products,https://www.ikea.com/nl/en/cat/safety-products-sp001/,https://www.ikea.com/nl/en/p/myggspray-wireless-motion-sensor-smart-70604186/
Safety products,https://www.ikea.com/nl/en/cat/safety-products-sp001/,https://www.ikea.com/nl/en/p/patrull-anti-slip-strip-60098895/
Safety products,https://www.ikea.com/nl/en/cat/safety-products-sp001/,https://www.ikea.com/nl/en/p/solstol-cabinet-lock-80541235/
Safety products,https://www.ikea.com/nl/en/cat/safety-products-sp001/,https://www.ikea.com/nl/en/p/nattapa-guard-rail-white-50465761/
Safety products,https://www.ikea.com/nl/en/cat/safety-products-sp001/,https://www.ikea.com/nl/en/p/tangeflo-shower-mat-grey-50604248/
Safety products,https://www.ikea.com/nl/en/cat/safety-products-sp001/,https://www.ikea.com/nl/en/p/klippbok-water-leakage-sensor-smart-30604193/
Safety products,https://www.ikea.com/nl/en/cat/safety-products-sp001/,https://www.ikea.com/nl/en/p/morkradd-led-nightlight-with-sensor-white-70349860/
Safety products,https://www.ikea.com/nl/en/cat/safety-products-sp001/,https://www.ikea.com/nl/en/p/utrusta-lock-for-kitchen-drawers-cabinets-black-80453610/
Safety products,https://www.ikea.com/nl/en/cat/safety-products-sp001/,https://www.ikea.com/nl/en/p/myggbett-door-window-sensor-smart-00603864/
Safety products,https://www.ikea.com/nl/en/cat/safety-products-sp001/,https://www.ikea.com/nl/en/p/patrull-safety-plug-white-70599552/
Safety products,https://www.ikea.com/nl/en/cat/safety-products-sp001/,https://www.ikea.com/nl/en/p/undvika-multi-latch-white-40339867/
Safety products,https://www.ikea.com/nl/en/cat/safety-products-sp001/,https://www.ikea.com/nl/en/p/undvika-corner-bumper-dark-brown-50443811/
Safety products,https://www.ikea.com/nl/en/cat/safety-products-sp001/,https://www.ikea.com/nl/en/p/patrull-door-stop-white-90599551/
Safety products,https://www.ikea.com/nl/en/cat/safety-products-sp001/,https://www.ikea.com/nl/en/p/undvika-window-catch-white-40599558/
Safety products,https://www.ikea.com/nl/en/cat/safety-products-sp001/,https://www.ikea.com/nl/en/p/stopp-filt-rug-underlay-with-anti-slip-90132261/
Safety products,https://www.ikea.com/nl/en/cat/safety-products-sp001/,https://www.ikea.com/nl/en/p/undvika-corner-bumper-white-20349023/
Safety products,https://www.ikea.com/nl/en/cat/safety-products-sp001/,https://www.ikea.com/nl/en/p/vetskap-reusable-community-mask-non-med-light-grey-60501443/
Taps,https://www.ikea.com/nl/en/cat/taps-700718/,https://www.ikea.com/nl/en/p/taksjon-kitchen-mixer-tap-pull-down-w-spray-stainless-steel-colour-50602305/
Taps,https://www.ikea.com/nl/en/cat/taps-700718/,https://www.ikea.com/nl/en/p/vimmern-kitchen-mixer-tap-handspray-stainless-steel-colour-80519951/
Taps,https://www.ikea.com/nl/en/cat/taps-700718/,https://www.ikea.com/nl/en/p/saljen-wash-basin-mixer-tap-black-40385492/
Taps,https://www.ikea.com/nl/en/cat/taps-700718/,https://www.ikea.com/nl/en/p/dalskar-wash-basin-mixer-tap-black-70603498/
Taps,https://www.ikea.com/nl/en/cat/taps-700718/,https://www.ikea.com/nl/en/p/sallsjon-mixer-tap-single-side-lever-stainless-steel-colour-90602025/
Taps,https://www.ikea.com/nl/en/cat/taps-700718/,https://www.ikea.com/nl/en/p/abacken-mist-nozzle-for-mixer-tap-90423825/
Taps,https://www.ikea.com/nl/en/cat/taps-700718/,https://www.ikea.com/nl/en/p/almaren-kitchen-mixer-tap-w-pull-out-spout-stainless-steel-colour-80341646/
Taps,https://www.ikea.com/nl/en/cat/taps-700718/,https://www.ikea.com/nl/en/p/lundskar-wash-basin-mixer-tap-chrome-plated-10532734/
Taps,https://www.ikea.com/nl/en/cat/taps-700718/,https://www.ikea.com/nl/en/p/pilkan-wash-basin-mixer-tap-chrome-plated-50532850/
Taps,https://www.ikea.com/nl/en/cat/taps-700718/,https://www.ikea.com/nl/en/p/lagan-single-lever-kitchen-mixer-tap-chrome-plated-10085027/
Taps,https://www.ikea.com/nl/en/cat/taps-700718/,https://www.ikea.com/nl/en/p/majsjon-kitchen-mixer-tap-pull-down-w-spray-stainless-steel-colour-50601914/
Taps,https://www.ikea.com/nl/en/cat/taps-700718/,https://www.ikea.com/nl/en/p/kallsjon-pillar-tap-chrome-plated-30475389/
Taps,https://www.ikea.com/nl/en/cat/taps-700718/,https://www.ikea.com/nl/en/p/sallsjon-kitchen-mixer-tap-pull-out-stainless-steel-colour-90608937/
Taps,https://www.ikea.com/nl/en/cat/taps-700718/,https://www.ikea.com/nl/en/p/brogrund-wash-basin-mixer-tap-chrome-plated-90532099/
Taps,https://www.ikea.com/nl/en/cat/taps-700718/,https://www.ikea.com/nl/en/p/brogrund-wash-basin-mixer-tap-with-sensor-chrome-plated-80497063/
Taps,https://www.ikea.com/nl/en/cat/taps-700718/,https://www.ikea.com/nl/en/p/hamnskar-wash-basin-mixer-tap-chrome-plated-40532704/
Taps,https://www.ikea.com/nl/en/cat/taps-700718/,https://www.ikea.com/nl/en/p/delsjon-kitchen-mixer-tap-brushed-black-metal-40488796/
Taps,https://www.ikea.com/nl/en/cat/taps-700718/,https://www.ikea.com/nl/en/p/runskar-wash-basin-mixer-tap-chrome-plated-20533144/
Taps,https://www.ikea.com/nl/en/cat/taps-700718/,https://www.ikea.com/nl/en/p/almaren-kitchen-mixer-tap-stainless-steel-colour-00455161/
Taps,https://www.ikea.com/nl/en/cat/taps-700718/,https://www.ikea.com/nl/en/p/glittran-kitchen-mixer-tap-brass-colour-10468511/
Taps,https://www.ikea.com/nl/en/cat/taps-700718/,https://www.ikea.com/nl/en/p/glypen-mixer-tap-stainless-steel-effect-30442365/
Taps,https://www.ikea.com/nl/en/cat/taps-700718/,https://www.ikea.com/nl/en/p/ensen-wash-basin-mixer-tap-chrome-plated-20532540/
Taps,https://www.ikea.com/nl/en/cat/taps-700718/,https://www.ikea.com/nl/en/p/voxnan-wash-basin-mixer-tap-tall-chrome-plated-50533166/
Taps,https://www.ikea.com/nl/en/cat/taps-700718/,https://www.ikea.com/nl/en/p/insjon-kitchen-mixer-tap-chrome-plated-70370125/
Smart air purifiers,https://www.ikea.com/nl/en/cat/smart-air-purifiers-56472/,https://www.ikea.com/nl/en/p/starkvind-air-purifier-black-smart-60502013/
Smart air purifiers,https://www.ikea.com/nl/en/cat/smart-air-purifiers-56472/,https://www.ikea.com/nl/en/p/starkvind-table-with-air-purifier-stained-oak-veneer-dark-brown-smart-80501951/
Smart air purifiers,https://www.ikea.com/nl/en/cat/smart-air-purifiers-56472/,https://www.ikea.com/nl/en/p/starkvind-2-piece-filter-set-s99444197/
Smart air purifiers,https://www.ikea.com/nl/en/cat/smart-air-purifiers-56472/,https://www.ikea.com/nl/en/p/starkvind-air-purifier-additional-gas-filter-black-s79444216/
Smart air purifiers,https://www.ikea.com/nl/en/cat/smart-air-purifiers-56472/,https://www.ikea.com/nl/en/p/starkvind-table-with-air-purifier-additional-gas-filter-stained-oak-veneer-white-s19444219/
Smart air purifiers,https://www.ikea.com/nl/en/cat/smart-air-purifiers-56472/,https://www.ikea.com/nl/en/p/starkvind-filter-for-particle-removal-30461943/
Smart air purifiers,https://www.ikea.com/nl/en/cat/smart-air-purifiers-56472/,https://www.ikea.com/nl/en/p/starkvind-filter-for-gas-cleaning-80488129/
Wi-Fi speakers,https://www.ikea.com/nl/en/cat/wi-fi-speakers-46194/,https://www.ikea.com/nl/en/p/symfonisk-power-supply-cord-textile-black-50492321/
"Pastries, desserts & cookies",https://www.ikea.com/nl/en/cat/pastries-desserts-cookies-25215/,https://www.ikea.com/nl/en/p/kafferep-gooey-cocoa-and-chocolate-cake-frozen-rainforest-alliance-certified-70588704/
"Pastries, desserts & cookies",https://www.ikea.com/nl/en/cat/pastries-desserts-cookies-25215/,https://www.ikea.com/nl/en/p/frodinge-cream-cake-with-marzipan-50606308/
"Pastries, desserts & cookies",https://www.ikea.com/nl/en/cat/pastries-desserts-cookies-25215/,https://www.ikea.com/nl/en/p/kafferep-cream-cake-with-almond-paste-frozen-20540601/
"Pastries, desserts & cookies",https://www.ikea.com/nl/en/cat/pastries-desserts-cookies-25215/,https://www.ikea.com/nl/en/p/bjallra-cinnamon-bun-frozen-70615161/
"Pastries, desserts & cookies",https://www.ikea.com/nl/en/cat/pastries-desserts-cookies-25215/,https://www.ikea.com/nl/en/p/daim-almond-cake-chocolate-and-crunch-frozen-00574395/
"Pastries, desserts & cookies",https://www.ikea.com/nl/en/cat/pastries-desserts-cookies-25215/,https://www.ikea.com/nl/en/p/frodinge-chocolate-mousse-dome-40607049/
"Pastries, desserts & cookies",https://www.ikea.com/nl/en/cat/pastries-desserts-cookies-25215/,https://www.ikea.com/nl/en/p/frodinge-strawberry-cake-30607002/
"Pastries, desserts & cookies",https://www.ikea.com/nl/en/cat/pastries-desserts-cookies-25215/,https://www.ikea.com/nl/en/p/gifflar-kanel-cinnamon-roll-10544459/
"Pastries, desserts & cookies",https://www.ikea.com/nl/en/cat/pastries-desserts-cookies-25215/,https://www.ikea.com/nl/en/p/frodinge-swedish-cheesecake-80609857/
"Pastries, desserts & cookies",https://www.ikea.com/nl/en/cat/pastries-desserts-cookies-25215/,https://www.ikea.com/nl/en/p/almondy-almond-cake-salted-caramel-peanut-frozen-10584228/
"Pastries, desserts & cookies",https://www.ikea.com/nl/en/cat/pastries-desserts-cookies-25215/,https://www.ikea.com/nl/en/p/almondy-almond-cake-frozen-90574391/
"Pastries, desserts & cookies",https://www.ikea.com/nl/en/cat/pastries-desserts-cookies-25215/,https://www.ikea.com/nl/en/p/frodinge-blueberry-crumble-frozen-00584417/
"Pastries, desserts & cookies",https://www.ikea.com/nl/en/cat/pastries-desserts-cookies-25215/,https://www.ikea.com/nl/en/p/delifika-oat-pastry-with-cocoa-and-coconut-rainforest-alliance-certified-20621372/
"Pastries, desserts & cookies",https://www.ikea.com/nl/en/cat/pastries-desserts-cookies-25215/,https://www.ikea.com/nl/en/p/bjallra-biscuits-lemon-flavoured-filling-80627088/
"Pastries, desserts & cookies",https://www.ikea.com/nl/en/cat/pastries-desserts-cookies-25215/,https://www.ikea.com/nl/en/p/kafferep-oat-biscuits-with-chocolate-rainforest-alliance-certified-20524390/
"Pastries, desserts & cookies",https://www.ikea.com/nl/en/cat/pastries-desserts-cookies-25215/,https://www.ikea.com/nl/en/p/vafflor-waffles-frozen-30301964/
"Pastries, desserts & cookies",https://www.ikea.com/nl/en/cat/pastries-desserts-cookies-25215/,https://www.ikea.com/nl/en/p/kafferep-ginger-thins-20374927/
"Pastries, desserts & cookies",https://www.ikea.com/nl/en/cat/pastries-desserts-cookies-25215/,https://www.ikea.com/nl/en/p/kafferep-oat-biscuits-sugar-free-90374919/
"Pastries, desserts & cookies",https://www.ikea.com/nl/en/cat/pastries-desserts-cookies-25215/,https://www.ikea.com/nl/en/p/kafferep-biscuits-with-chocolate-flavoured-filling-rainforest-alliance-certified-00524211/
"Pastries, desserts & cookies",https://www.ikea.com/nl/en/cat/pastries-desserts-cookies-25215/,https://www.ikea.com/nl/en/p/pannkakor-pancakes-frozen-60154424/
"Pastries, desserts & cookies",https://www.ikea.com/nl/en/cat/pastries-desserts-cookies-25215/,https://www.ikea.com/nl/en/p/kafferep-biscuits-with-almonds-00384729/
"Pastries, desserts & cookies",https://www.ikea.com/nl/en/cat/pastries-desserts-cookies-25215/,https://www.ikea.com/nl/en/p/bjallra-oat-biscuits-50597097/
"Pastries, desserts & cookies",https://www.ikea.com/nl/en/cat/pastries-desserts-cookies-25215/,https://www.ikea.com/nl/en/p/gifflar-bun-gingerbread-filling-20519874/
"Pastries, desserts & cookies",https://www.ikea.com/nl/en/cat/pastries-desserts-cookies-25215/,https://www.ikea.com/nl/en/p/delifika-pastry-with-almond-paste-rainforest-alliance-certified-50621380/
Beverages,https://www.ikea.com/nl/en/cat/beverages-25211/,https://www.ikea.com/nl/en/p/dryck-flader-elderflower-syrup-40514917/
Beverages,https://www.ikea.com/nl/en/cat/beverages-25211/,https://www.ikea.com/nl/en/p/dryck-lingon-lingonberry-syrup-20514918/
Beverages,https://www.ikea.com/nl/en/cat/beverages-25211/,https://www.ikea.com/nl/en/p/dryck-blabar-blueberry-syrup-60514916/
Beverages,https://www.ikea.com/nl/en/cat/beverages-25211/,https://www.ikea.com/nl/en/p/iskub-carbonated-soft-drink-cola-flavour-with-sugar-and-sweeteners-50548059/
Beverages,https://www.ikea.com/nl/en/cat/beverages-25211/,https://www.ikea.com/nl/en/p/dryck-bubbel-apple-lingon-sparkling-apple-lingonberry-drink-20226767/
Beverages,https://www.ikea.com/nl/en/cat/beverages-25211/,https://www.ikea.com/nl/en/p/dryck-bubbel-paron-sparkling-pear-drink-40226766/
Beverages,https://www.ikea.com/nl/en/cat/beverages-25211/,https://www.ikea.com/nl/en/p/iskub-carbonated-soft-drink-lingonberry-flavour-with-sugar-and-sweeteners-50548064/
Beverages,https://www.ikea.com/nl/en/cat/beverages-25211/,https://www.ikea.com/nl/en/p/langlur-fruit-and-vegetable-smoothie-green-added-vitamin-c-80580585/
Beverages,https://www.ikea.com/nl/en/cat/beverages-25211/,https://www.ikea.com/nl/en/p/flojt-green-tea-rainforest-alliance-certified-80574297/
Beverages,https://www.ikea.com/nl/en/cat/beverages-25211/,https://www.ikea.com/nl/en/p/flojt-black-tea-rainforest-alliance-certified-90574353/
Beverages,https://www.ikea.com/nl/en/cat/beverages-25211/,https://www.ikea.com/nl/en/p/flojt-ground-coffee-dark-roast-90619479/
Beverages,https://www.ikea.com/nl/en/cat/beverages-25211/,https://www.ikea.com/nl/en/p/langlur-fruit-and-vegetable-smoothie-orange-added-vitamin-c-80580590/
Beverages,https://www.ikea.com/nl/en/cat/beverages-25211/,https://www.ikea.com/nl/en/p/flojt-whole-coffee-beans-dark-roast-00619775/
Beverages,https://www.ikea.com/nl/en/cat/beverages-25211/,https://www.ikea.com/nl/en/p/langlur-fruit-smoothie-red-added-vitamin-c-00580589/
Beverages,https://www.ikea.com/nl/en/cat/beverages-25211/,https://www.ikea.com/nl/en/p/patar-espresso-coffee-beans-dark-roast-organic-rainforest-alliance-certified-30531125/
Beverages,https://www.ikea.com/nl/en/cat/beverages-25211/,https://www.ikea.com/nl/en/p/flojt-whole-coffee-beans-espresso-signature-blend-60620568/
Beverages,https://www.ikea.com/nl/en/cat/beverages-25211/,https://www.ikea.com/nl/en/p/langlur-fruit-and-vegetable-smoothie-yellow-added-vitamin-c-70580576/
Snacks & sweets,https://www.ikea.com/nl/en/cat/snacks-sweets-46192/,https://www.ikea.com/nl/en/p/enstammig-potato-crisps-sour-cream-onion-30584703/
Snacks & sweets,https://www.ikea.com/nl/en/cat/snacks-sweets-46192/,https://www.ikea.com/nl/en/p/beloning-milk-chocolate-bar-oat-and-caramel-rainforest-alliance-certified-10525168/
Snacks & sweets,https://www.ikea.com/nl/en/cat/snacks-sweets-46192/,https://www.ikea.com/nl/en/p/kexchoklad-crispy-wafer-in-milk-chocolate-mini-bag-00604383/
Snacks & sweets,https://www.ikea.com/nl/en/cat/snacks-sweets-46192/,https://www.ikea.com/nl/en/p/fyrtakt-jelly-candy-with-berry-flavours-20586929/
Snacks & sweets,https://www.ikea.com/nl/en/cat/snacks-sweets-46192/,https://www.ikea.com/nl/en/p/olw-ostbagar-cheese-doodles-50630619/
Snacks & sweets,https://www.ikea.com/nl/en/cat/snacks-sweets-46192/,https://www.ikea.com/nl/en/p/polly-soft-foam-dragees-covered-with-milk-dark-chocolate-flavour-of-buttertoffee-and-arak-vanilla-flavour-20604396/
Snacks & sweets,https://www.ikea.com/nl/en/cat/snacks-sweets-46192/,https://www.ikea.com/nl/en/p/ahlgrens-bilar-car-shaped-foam-candy-70621001/
Snacks & sweets,https://www.ikea.com/nl/en/cat/snacks-sweets-46192/,https://www.ikea.com/nl/en/p/dumle-chocolate-covered-toffees-00629232/
Snacks & sweets,https://www.ikea.com/nl/en/cat/snacks-sweets-46192/,https://www.ikea.com/nl/en/p/choklad-mork-dark-chocolate-tablet-rainforest-alliance-certified-10524748/
Snacks & sweets,https://www.ikea.com/nl/en/cat/snacks-sweets-46192/,https://www.ikea.com/nl/en/p/varkansla-gift-box-with-chocolate-pralines-white-chocolate-pralines-raspberry-cheesecake-flavour-80623698/
Snacks & sweets,https://www.ikea.com/nl/en/cat/snacks-sweets-46192/,https://www.ikea.com/nl/en/p/fyrtakt-jelly-candy-cola-flavour-50588154/
Snacks & sweets,https://www.ikea.com/nl/en/cat/snacks-sweets-46192/,https://www.ikea.com/nl/en/p/beloning-milk-chocolate-moose-self-assembly-rainforest-alliance-certified-80609664/
Snacks & sweets,https://www.ikea.com/nl/en/cat/snacks-sweets-46192/,https://www.ikea.com/nl/en/p/fyrtakt-sweet-liquorice-10588207/
Snacks & sweets,https://www.ikea.com/nl/en/cat/snacks-sweets-46192/,https://www.ikea.com/nl/en/p/beloning-milk-chocolate-bar-caramel-salty-almonds-and-peanuts-90603751/
Snacks & sweets,https://www.ikea.com/nl/en/cat/snacks-sweets-46192/,https://www.ikea.com/nl/en/p/varkansla-milk-chocolate-bunny-self-assembly-rainforest-alliance-certified-70623104/
Snacks & sweets,https://www.ikea.com/nl/en/cat/snacks-sweets-46192/,https://www.ikea.com/nl/en/p/enstammig-potato-crisps-salted-50584702/
Snacks & sweets,https://www.ikea.com/nl/en/cat/snacks-sweets-46192/,https://www.ikea.com/nl/en/p/beloning-milk-chocolate-bar-caramel-salty-almonds-and-peanuts-20602811/
Snacks & sweets,https://www.ikea.com/nl/en/cat/snacks-sweets-46192/,https://www.ikea.com/nl/en/p/beloning-white-chocolate-tablet-with-raspberry-rainforest-alliance-certified-90524184/
Snacks & sweets,https://www.ikea.com/nl/en/cat/snacks-sweets-46192/,https://www.ikea.com/nl/en/p/munsbit-roasted-cashews-lightly-salted-30484015/
Snacks & sweets,https://www.ikea.com/nl/en/cat/snacks-sweets-46192/,https://www.ikea.com/nl/en/p/finn-crisp-wholegrain-snacks-rye-sour-cream-onion-70585121/
Snacks & sweets,https://www.ikea.com/nl/en/cat/snacks-sweets-46192/,https://www.ikea.com/nl/en/p/choklad-ljus-milk-chocolate-tablet-rainforest-alliance-certified-00524744/
Snacks & sweets,https://www.ikea.com/nl/en/cat/snacks-sweets-46192/,https://www.ikea.com/nl/en/p/varkansla-gift-box-assorted-pralines-80629737/
Snacks & sweets,https://www.ikea.com/nl/en/cat/snacks-sweets-46192/,https://www.ikea.com/nl/en/p/cloetta-paskskum-foam-candy-bunny-shaped-00638726/
Snacks & sweets,https://www.ikea.com/nl/en/cat/snacks-sweets-46192/,https://www.ikea.com/nl/en/p/fazer-milk-chocolate-tablet-toffee-pieces-90584700/
Vegetarian & plant based,https://www.ikea.com/nl/en/cat/vegetarian-plant-based-25213/,https://www.ikea.com/nl/en/p/huvudroll-plant-balls-frozen-20483592/
Vegetarian & plant based,https://www.ikea.com/nl/en/cat/vegetarian-plant-based-25213/,https://www.ikea.com/nl/en/p/dafgards-lasagne-lasagne-40644749/
Vegetarian & plant based,https://www.ikea.com/nl/en/cat/vegetarian-plant-based-25213/,https://www.ikea.com/nl/en/p/refrang-plant-based-sausages-frozen-10573418/
Vegetarian & plant based,https://www.ikea.com/nl/en/cat/vegetarian-plant-based-25213/,https://www.ikea.com/nl/en/p/refrang-vegetable-sausages-frozen-60574934/
Vegetarian & plant based,https://www.ikea.com/nl/en/cat/vegetarian-plant-based-25213/,https://www.ikea.com/nl/en/p/huvudroll-vegetable-balls-frozen-70487795/
Vegetarian & plant based,https://www.ikea.com/nl/en/cat/vegetarian-plant-based-25213/,https://www.ikea.com/nl/en/p/lattlagat-rice-and-vegetable-mix-frozen-50599483/
Vegetarian & plant based,https://www.ikea.com/nl/en/cat/vegetarian-plant-based-25213/,https://www.ikea.com/nl/en/p/gronsakskaka-vegetable-medallion-frozen-40212482/
Vegetarian & plant based,https://www.ikea.com/nl/en/cat/vegetarian-plant-based-25213/,https://www.ikea.com/nl/en/p/vafflor-waffles-frozen-30301964/
Vegetarian & plant based,https://www.ikea.com/nl/en/cat/vegetarian-plant-based-25213/,https://www.ikea.com/nl/en/p/bastisar-pasta-organic-60436891/
Vegetarian & plant based,https://www.ikea.com/nl/en/cat/vegetarian-plant-based-25213/,https://www.ikea.com/nl/en/p/ganglat-shredded-potato-pancakes-frozen-20578854/
Vegetarian & plant based,https://www.ikea.com/nl/en/cat/vegetarian-plant-based-25213/,https://www.ikea.com/nl/en/p/slagverk-breaded-wheat-based-pieces-frozen-20558894/
Vegetarian & plant based,https://www.ikea.com/nl/en/cat/vegetarian-plant-based-25213/,https://www.ikea.com/nl/en/p/pizzabitar-pizza-slice-vegetarian-frozen-60196495/
Vegetarian & plant based,https://www.ikea.com/nl/en/cat/vegetarian-plant-based-25213/,https://www.ikea.com/nl/en/p/allemansratten-mashed-potatoes-frozen-30351280/
Meat,https://www.ikea.com/nl/en/cat/meat-25217/,https://www.ikea.com/nl/en/p/huvudroll-meatballs-frozen-70596884/
Meat,https://www.ikea.com/nl/en/cat/meat-25217/,https://www.ikea.com/nl/en/p/huvudroll-chicken-meatballs-frozen-90486455/
Meat,https://www.ikea.com/nl/en/cat/meat-25217/,https://www.ikea.com/nl/en/p/korv-sausage-frozen-10154252/
Meat,https://www.ikea.com/nl/en/cat/meat-25217/,https://www.ikea.com/nl/en/p/dafgards-kottbullar-meatballs-w-mashed-potatoes-frozen-80644747/
Meat,https://www.ikea.com/nl/en/cat/meat-25217/,https://www.ikea.com/nl/en/p/dafgards-kyckling-chicken-fillet-in-terriyaki-sauce-60644748/
Bread & cereals,https://www.ikea.com/nl/en/cat/bread-cereals-25212/,https://www.ikea.com/nl/en/p/graddat-soft-thin-flatbread-frozen-40503358/
Bread & cereals,https://www.ikea.com/nl/en/cat/bread-cereals-25212/,https://www.ikea.com/nl/en/p/leksands-knackebrod-rye-crispbread-round-60629187/
Bread & cereals,https://www.ikea.com/nl/en/cat/bread-cereals-25212/,https://www.ikea.com/nl/en/p/hjalteroll-granola-with-nuts-and-dried-berries-50478382/
Bread & cereals,https://www.ikea.com/nl/en/cat/bread-cereals-25212/,https://www.ikea.com/nl/en/p/hjalteroll-muesli-with-cocoa-and-dried-berries-rainforest-alliance-certified-30524200/
"Condiments, cheese & jams",https://www.ikea.com/nl/en/cat/condiments-cheese-jams-25216/,https://www.ikea.com/nl/en/p/vaggsang-lingonberry-spread-50611116/
"Condiments, cheese & jams",https://www.ikea.com/nl/en/cat/condiments-cheese-jams-25216/,https://www.ikea.com/nl/en/p/senap-mild-mild-mustard-40201676/
"Condiments, cheese & jams",https://www.ikea.com/nl/en/cat/condiments-cheese-jams-25216/,https://www.ikea.com/nl/en/p/rostad-lok-fried-onion-30237176/
"Condiments, cheese & jams",https://www.ikea.com/nl/en/cat/condiments-cheese-jams-25216/,https://www.ikea.com/nl/en/p/vaggsang-orange-and-elderflower-spread-20576119/
"Condiments, cheese & jams",https://www.ikea.com/nl/en/cat/condiments-cheese-jams-25216/,https://www.ikea.com/nl/en/p/arla-herrgard-semi-hard-cheese-80612893/
"Condiments, cheese & jams",https://www.ikea.com/nl/en/cat/condiments-cheese-jams-25216/,https://www.ikea.com/nl/en/p/vaggsang-bilberry-jam-90607834/
"Condiments, cheese & jams",https://www.ikea.com/nl/en/cat/condiments-cheese-jams-25216/,https://www.ikea.com/nl/en/p/ketchup-tomato-ketchup-60225695/
"Condiments, cheese & jams",https://www.ikea.com/nl/en/cat/condiments-cheese-jams-25216/,https://www.ikea.com/nl/en/p/arla-prast-semi-hard-cheese-10611929/
"Condiments, cheese & jams",https://www.ikea.com/nl/en/cat/condiments-cheese-jams-25216/,https://www.ikea.com/nl/en/p/vaggsang-strawberry-spread-80614175/
"Condiments, cheese & jams",https://www.ikea.com/nl/en/cat/condiments-cheese-jams-25216/,https://www.ikea.com/nl/en/p/sas-senap-dill-sauce-for-salmon-20028890/
Fish & seafood,https://www.ikea.com/nl/en/cat/fish-seafood-25214/,https://www.ikea.com/nl/en/p/sill-senap-marinated-herring-w-mustard-sauce-90101033/
Fish & seafood,https://www.ikea.com/nl/en/cat/fish-seafood-25214/,https://www.ikea.com/nl/en/p/sill-matjes-matjes-herring-fillets-30201648/
Fish & seafood,https://www.ikea.com/nl/en/cat/fish-seafood-25214/,https://www.ikea.com/nl/en/p/sjorapport-peeled-shrimps-msc-certified-frozen-30347858/
Fish & seafood,https://www.ikea.com/nl/en/cat/fish-seafood-25214/,https://www.ikea.com/nl/en/p/sill-dill-marinated-herring-with-dill-30101031/
Fish & seafood,https://www.ikea.com/nl/en/cat/fish-seafood-25214/,https://www.ikea.com/nl/en/p/sjorapport-cured-salmon-asc-certified-frozen-90360583/
Fish & seafood,https://www.ikea.com/nl/en/cat/fish-seafood-25214/,https://www.ikea.com/nl/en/p/havssmak-breaded-fish-bites-msc-certified-frozen-80578667/
Fish & seafood,https://www.ikea.com/nl/en/cat/fish-seafood-25214/,https://www.ikea.com/nl/en/p/sjorapport-cured-cold-smoked-salmon-asc-certified-frozen-70360334/
Fish & seafood,https://www.ikea.com/nl/en/cat/fish-seafood-25214/,https://www.ikea.com/nl/en/p/sjorapport-cold-smoked-salmon-asc-certified-frozen-80360022/
Fish & seafood,https://www.ikea.com/nl/en/cat/fish-seafood-25214/,https://www.ikea.com/nl/en/p/sjorapport-salmon-fillet-asc-certified-frozen-60360037/
Side dishes & sauces,https://www.ikea.com/nl/en/cat/side-dishes-sauces-49147/,https://www.ikea.com/nl/en/p/allemansratten-mix-for-cream-sauce-70354309/
Side dishes & sauces,https://www.ikea.com/nl/en/cat/side-dishes-sauces-49147/,https://www.ikea.com/nl/en/p/lackergom-lemon-and-dill-sauce-60479277/
Side dishes & sauces,https://www.ikea.com/nl/en/cat/side-dishes-sauces-49147/,https://www.ikea.com/nl/en/p/allemansratten-mashed-potatoes-frozen-30351280/
Side dishes & sauces,https://www.ikea.com/nl/en/cat/side-dishes-sauces-49147/,https://www.ikea.com/nl/en/p/gronsakskaka-vegetable-medallion-frozen-40212482/
Side dishes & sauces,https://www.ikea.com/nl/en/cat/side-dishes-sauces-49147/,https://www.ikea.com/nl/en/p/sas-senap-dill-sauce-for-salmon-20028890/
Side dishes & sauces,https://www.ikea.com/nl/en/cat/side-dishes-sauces-49147/,https://www.ikea.com/nl/en/p/senap-mild-mild-mustard-40201676/
Side dishes & sauces,https://www.ikea.com/nl/en/cat/side-dishes-sauces-49147/,https://www.ikea.com/nl/en/p/arla-vaniljsas-vanilla-sauce-80640985/
Side dishes & sauces,https://www.ikea.com/nl/en/cat/side-dishes-sauces-49147/,https://www.ikea.com/nl/en/p/ketchup-tomato-ketchup-60225695/
Side dishes & sauces,https://www.ikea.com/nl/en/cat/side-dishes-sauces-49147/,https://www.ikea.com/nl/en/p/bastisar-pasta-organic-60436891/
Holiday foods,https://www.ikea.com/nl/en/cat/holiday-foods-49227/,https://www.ikea.com/nl/en/p/dryck-bubbel-paron-sparkling-pear-drink-40226766/
Holiday foods,https://www.ikea.com/nl/en/cat/holiday-foods-49227/,https://www.ikea.com/nl/en/p/gifflar-bun-gingerbread-filling-20519874/
Holiday foods,https://www.ikea.com/nl/en/cat/holiday-foods-49227/,https://www.ikea.com/nl/en/p/delifika-pastry-with-almond-paste-rainforest-alliance-certified-50621380/
Holiday foods,https://www.ikea.com/nl/en/cat/holiday-foods-49227/,https://www.ikea.com/nl/en/p/kafferep-ginger-thins-20374927/
Holiday foods,https://www.ikea.com/nl/en/cat/holiday-foods-49227/,https://www.ikea.com/nl/en/p/huvudroll-chicken-meatballs-frozen-90486455/
Holiday foods,https://www.ikea.com/nl/en/cat/holiday-foods-49227/,https://www.ikea.com/nl/en/p/leksands-knackebrod-rye-crispbread-round-60629187/
Holiday foods,https://www.ikea.com/nl/en/cat/holiday-foods-49227/,https://www.ikea.com/nl/en/p/dryck-bubbel-apple-lingon-sparkling-apple-lingonberry-drink-20226767/
Holiday foods,https://www.ikea.com/nl/en/cat/holiday-foods-49227/,https://www.ikea.com/nl/en/p/huvudroll-meatballs-frozen-70596884/
Holiday foods,https://www.ikea.com/nl/en/cat/holiday-foods-49227/,https://www.ikea.com/nl/en/p/sas-senap-dill-sauce-for-salmon-20028890/
Holiday foods,https://www.ikea.com/nl/en/cat/holiday-foods-49227/,https://www.ikea.com/nl/en/p/kafferep-ginger-thins-with-almonds-20374908/
Holiday foods,https://www.ikea.com/nl/en/cat/holiday-foods-49227/,https://www.ikea.com/nl/en/p/huvudroll-plant-balls-frozen-20483592/
Holiday foods,https://www.ikea.com/nl/en/cat/holiday-foods-49227/,https://www.ikea.com/nl/en/p/sjorapport-cold-smoked-salmon-asc-certified-frozen-80360022/
Holiday foods,https://www.ikea.com/nl/en/cat/holiday-foods-49227/,https://www.ikea.com/nl/en/p/sill-senap-marinated-herring-w-mustard-sauce-90101033/
Holiday foods,https://www.ikea.com/nl/en/cat/holiday-foods-49227/,https://www.ikea.com/nl/en/p/sjorapport-cured-salmon-asc-certified-frozen-90360583/
Holiday foods,https://www.ikea.com/nl/en/cat/holiday-foods-49227/,https://www.ikea.com/nl/en/p/sjorapport-cured-cold-smoked-salmon-asc-certified-frozen-70360334/
Holiday foods,https://www.ikea.com/nl/en/cat/holiday-foods-49227/,https://www.ikea.com/nl/en/p/huvudroll-vegetable-balls-frozen-70487795/
Holiday foods,https://www.ikea.com/nl/en/cat/holiday-foods-49227/,https://www.ikea.com/nl/en/p/sill-matjes-matjes-herring-fillets-30201648/
Holiday foods,https://www.ikea.com/nl/en/cat/holiday-foods-49227/,https://www.ikea.com/nl/en/p/frodinge-chocolate-mousse-dome-40607049/
Summer food,https://www.ikea.com/nl/en/cat/summer-food-53254/,https://www.ikea.com/nl/en/p/korv-sausage-frozen-10154252/
Summer food,https://www.ikea.com/nl/en/cat/summer-food-53254/,https://www.ikea.com/nl/en/p/dryck-flader-elderflower-syrup-40514917/
Summer food,https://www.ikea.com/nl/en/cat/summer-food-53254/,https://www.ikea.com/nl/en/p/refrang-vegetable-sausages-frozen-60574934/
Summer food,https://www.ikea.com/nl/en/cat/summer-food-53254/,https://www.ikea.com/nl/en/p/olw-ostbagar-cheese-doodles-50630619/
Summer food,https://www.ikea.com/nl/en/cat/summer-food-53254/,https://www.ikea.com/nl/en/p/sjorapport-salmon-fillet-asc-certified-frozen-60360037/
Summer food,https://www.ikea.com/nl/en/cat/summer-food-53254/,https://www.ikea.com/nl/en/p/leksands-knackebrod-rye-crispbread-round-60629187/
Summer food,https://www.ikea.com/nl/en/cat/summer-food-53254/,https://www.ikea.com/nl/en/p/pannkakor-pancakes-frozen-60154424/
Summer food,https://www.ikea.com/nl/en/cat/summer-food-53254/,https://www.ikea.com/nl/en/p/munsbit-roasted-almonds-lightly-salted-10484016/
Summer food,https://www.ikea.com/nl/en/cat/summer-food-53254/,https://www.ikea.com/nl/en/p/langlur-fruit-and-vegetable-smoothie-green-added-vitamin-c-80580585/
Summer food,https://www.ikea.com/nl/en/cat/summer-food-53254/,https://www.ikea.com/nl/en/p/arla-prast-semi-hard-cheese-10611929/
Summer food,https://www.ikea.com/nl/en/cat/summer-food-53254/,https://www.ikea.com/nl/en/p/langlur-fruit-and-vegetable-smoothie-orange-added-vitamin-c-80580590/
Summer food,https://www.ikea.com/nl/en/cat/summer-food-53254/,https://www.ikea.com/nl/en/p/huvudroll-meatballs-frozen-70596884/
Summer food,https://www.ikea.com/nl/en/cat/summer-food-53254/,https://www.ikea.com/nl/en/p/dryck-bubbel-apple-lingon-sparkling-apple-lingonberry-drink-20226767/
Summer food,https://www.ikea.com/nl/en/cat/summer-food-53254/,https://www.ikea.com/nl/en/p/dryck-bubbel-paron-sparkling-pear-drink-40226766/
Summer food,https://www.ikea.com/nl/en/cat/summer-food-53254/,https://www.ikea.com/nl/en/p/sjorapport-peeled-shrimps-msc-certified-frozen-30347858/
Summer food,https://www.ikea.com/nl/en/cat/summer-food-53254/,https://www.ikea.com/nl/en/p/enstammig-potato-crisps-sour-cream-onion-30584703/
Summer food,https://www.ikea.com/nl/en/cat/summer-food-53254/,https://www.ikea.com/nl/en/p/dryck-lingon-lingonberry-syrup-20514918/
Summer food,https://www.ikea.com/nl/en/cat/summer-food-53254/,https://www.ikea.com/nl/en/p/graddat-soft-thin-flatbread-frozen-40503358/
Summer food,https://www.ikea.com/nl/en/cat/summer-food-53254/,https://www.ikea.com/nl/en/p/bastisar-pasta-organic-60436891/
Summer food,https://www.ikea.com/nl/en/cat/summer-food-53254/,https://www.ikea.com/nl/en/p/huvudroll-plant-balls-frozen-20483592/
Summer food,https://www.ikea.com/nl/en/cat/summer-food-53254/,https://www.ikea.com/nl/en/p/senap-mild-mild-mustard-40201676/
Summer food,https://www.ikea.com/nl/en/cat/summer-food-53254/,https://www.ikea.com/nl/en/p/sjorapport-cold-smoked-salmon-asc-certified-frozen-80360022/
Summer food,https://www.ikea.com/nl/en/cat/summer-food-53254/,https://www.ikea.com/nl/en/p/sill-senap-marinated-herring-w-mustard-sauce-90101033/
Summer food,https://www.ikea.com/nl/en/cat/summer-food-53254/,https://www.ikea.com/nl/en/p/sjorapport-cured-salmon-asc-certified-frozen-90360583/
Winter lights,https://www.ikea.com/nl/en/cat/christmas-lights-49150/,https://www.ikea.com/nl/en/p/ledfyr-led-lighting-chain-with-24-lights-indoor-silver-colour-60347989/
Winter lights,https://www.ikea.com/nl/en/cat/christmas-lights-49150/,https://www.ikea.com/nl/en/p/getkal-led-lighting-chain-outdoor-30602877/
Winter lights,https://www.ikea.com/nl/en/cat/christmas-lights-49150/,https://www.ikea.com/nl/en/p/svartra-led-lighting-chain-with-12-lights-black-outdoor-30521800/
Winter lights,https://www.ikea.com/nl/en/cat/christmas-lights-49150/,https://www.ikea.com/nl/en/p/bjorkspirea-led-decoration-lighting-brass-colour-diamond-shaped-70530100/
Winter lights,https://www.ikea.com/nl/en/cat/christmas-lights-49150/,https://www.ikea.com/nl/en/p/getkal-led-lighting-chain-outdoor-40600745/
Winter lights,https://www.ikea.com/nl/en/cat/christmas-lights-49150/,https://www.ikea.com/nl/en/p/solvinden-led-decoration-lighting-floor-solar-powered-mesh-beige-70619183/
Winter lights,https://www.ikea.com/nl/en/cat/christmas-lights-49150/,https://www.ikea.com/nl/en/p/solvinden-led-lighting-chain-with-12-bulbs-outdoor-multicolour-80615504/
Winter lights,https://www.ikea.com/nl/en/cat/christmas-lights-49150/,https://www.ikea.com/nl/en/p/skatgas-led-tealight-kit-with-charging-tray-white-00611595/
Winter lights,https://www.ikea.com/nl/en/cat/christmas-lights-49150/,https://www.ikea.com/nl/en/p/getkal-led-lighting-chain-battery-operated-outdoor-10602878/
Winter lights,https://www.ikea.com/nl/en/cat/christmas-lights-49150/,https://www.ikea.com/nl/en/p/skaftsarv-led-decoration-lighting-dimmable-40612828/
Winter lights,https://www.ikea.com/nl/en/cat/christmas-lights-49150/,https://www.ikea.com/nl/en/p/utsund-led-lighting-chain-with-12-bulbs-outdoor-battery-operated-black-50610584/
Winter lights,https://www.ikea.com/nl/en/cat/christmas-lights-49150/,https://www.ikea.com/nl/en/p/solvinden-pendant-lamp-solar-powered-white-90614740/
Winter lights,https://www.ikea.com/nl/en/cat/christmas-lights-49150/,https://www.ikea.com/nl/en/p/solvinden-pendant-lamp-solar-powered-white-70615019/
Winter lights,https://www.ikea.com/nl/en/cat/christmas-lights-49150/,https://www.ikea.com/nl/en/p/solvinden-led-decoration-lighting-solar-powered-globe-red-10619322/
Winter lights,https://www.ikea.com/nl/en/cat/christmas-lights-49150/,https://www.ikea.com/nl/en/p/getkal-led-lighting-chain-adjustable-colour-battery-operated-outdoor-50602876/
Winter lights,https://www.ikea.com/nl/en/cat/christmas-lights-49150/,https://www.ikea.com/nl/en/p/solvinden-pendant-lamp-spotted-solar-powered-orange-30614738/
Winter lights,https://www.ikea.com/nl/en/cat/christmas-lights-49150/,https://www.ikea.com/nl/en/p/gokvalla-led-decoration-lighting-moon-shaped-white-00613151/
Winter lights,https://www.ikea.com/nl/en/cat/christmas-lights-49150/,https://www.ikea.com/nl/en/p/solvinden-pendant-lamp-stripe-pattern-solar-powered-orange-pink-30614682/
Winter lights,https://www.ikea.com/nl/en/cat/christmas-lights-49150/,https://www.ikea.com/nl/en/p/strala-lamp-shade-red-40606605/
Winter lights,https://www.ikea.com/nl/en/cat/christmas-lights-49150/,https://www.ikea.com/nl/en/p/getkal-led-lighting-chain-adjustable-colour-outdoor-90602879/
Winter lights,https://www.ikea.com/nl/en/cat/christmas-lights-49150/,https://www.ikea.com/nl/en/p/skatgas-led-tealight-white-90620109/
Winter lights,https://www.ikea.com/nl/en/cat/christmas-lights-49150/,https://www.ikea.com/nl/en/p/strala-table-lamp-base-white-30332526/
Winter lights,https://www.ikea.com/nl/en/cat/christmas-lights-49150/,https://www.ikea.com/nl/en/p/strala-cord-set-white-20366404/
Winter lights,https://www.ikea.com/nl/en/cat/christmas-lights-49150/,https://www.ikea.com/nl/en/p/vappeby-bluetooth-speaker-lamp-outdoor-blue-40510735/
Winter pots & plants,https://www.ikea.com/nl/en/cat/christmas-pots-plants-49151/,https://www.ikea.com/nl/en/p/vinterfint-artificial-christmas-tree-in-outdoor-green-20606526/
Winter pots & plants,https://www.ikea.com/nl/en/cat/christmas-pots-plants-49151/,https://www.ikea.com/nl/en/p/padrag-vase-clear-glass-10470991/
Winter pots & plants,https://www.ikea.com/nl/en/cat/christmas-pots-plants-49151/,https://www.ikea.com/nl/en/p/vinterfint-plant-pot-white-50603593/
Winter pots & plants,https://www.ikea.com/nl/en/cat/christmas-pots-plants-49151/,https://www.ikea.com/nl/en/p/daidai-plant-pot-brass-colour-70359401/
Winter pots & plants,https://www.ikea.com/nl/en/cat/christmas-pots-plants-49151/,https://www.ikea.com/nl/en/p/vinterfint-garland-bauble-red-70603945/
Winter pots & plants,https://www.ikea.com/nl/en/cat/christmas-pots-plants-49151/,https://www.ikea.com/nl/en/p/vinterfint-artificial-potted-plant-in-outdoor-christmas-tree-green-80606533/
Winter pots & plants,https://www.ikea.com/nl/en/cat/christmas-pots-plants-49151/,https://www.ikea.com/nl/en/p/vinterfint-artificial-christmas-tree-in-outdoor-green-80606528/
Winter textiles,https://www.ikea.com/nl/en/cat/christmas-textiles-49152/,https://www.ikea.com/nl/en/p/ulltistel-throw-red-brown-white-30502255/
Winter textiles,https://www.ikea.com/nl/en/cat/christmas-textiles-49152/,https://www.ikea.com/nl/en/p/hildegun-oven-glove-00484050/
Winter textiles,https://www.ikea.com/nl/en/cat/christmas-textiles-49152/,https://www.ikea.com/nl/en/p/vinterfint-cushion-cover-striped-red-10604028/
Winter textiles,https://www.ikea.com/nl/en/cat/christmas-textiles-49152/,https://www.ikea.com/nl/en/p/vinterfint-cushion-candy-multicolour-90603968/
Winter textiles,https://www.ikea.com/nl/en/cat/christmas-textiles-49152/,https://www.ikea.com/nl/en/p/hildegun-apron-00484045/
Winter textiles,https://www.ikea.com/nl/en/cat/christmas-textiles-49152/,https://www.ikea.com/nl/en/p/vippstarr-tablecloth-stripe-pattern-red-natural-40559185/
Winter textiles,https://www.ikea.com/nl/en/cat/christmas-textiles-49152/,https://www.ikea.com/nl/en/p/toftlund-rug-white-20420241/
Winter textiles,https://www.ikea.com/nl/en/cat/christmas-textiles-49152/,https://www.ikea.com/nl/en/p/soare-place-mat-water-hyacinth-40082536/
Winter textiles,https://www.ikea.com/nl/en/cat/christmas-textiles-49152/,https://www.ikea.com/nl/en/p/alvgrasmal-chair-pad-beige-90538218/
Winter textiles,https://www.ikea.com/nl/en/cat/christmas-textiles-49152/,https://www.ikea.com/nl/en/p/tasjon-slippers-grey-10392026/
Winter textiles,https://www.ikea.com/nl/en/cat/christmas-textiles-49152/,https://www.ikea.com/nl/en/p/tasjon-slippers-grey-00391937/
Winter textiles,https://www.ikea.com/nl/en/cat/christmas-textiles-49152/,https://www.ikea.com/nl/en/p/hildegun-tea-towel-red-00484007/
Winter textiles,https://www.ikea.com/nl/en/cat/christmas-textiles-49152/,https://www.ikea.com/nl/en/p/rinnig-tea-towel-red-beige-striped-30609906/
Winter textiles,https://www.ikea.com/nl/en/cat/christmas-textiles-49152/,https://www.ikea.com/nl/en/p/vippstarr-napkin-stripe-pattern-red-natural-40559190/
Winter textiles,https://www.ikea.com/nl/en/cat/christmas-textiles-49152/,https://www.ikea.com/nl/en/p/stockholm-2025-napkin-dark-red-50592448/
Winter textiles,https://www.ikea.com/nl/en/cat/christmas-textiles-49152/,https://www.ikea.com/nl/en/p/vinterfint-cushion-cover-striped-red-white-90604029/
Winter textiles,https://www.ikea.com/nl/en/cat/christmas-textiles-49152/,https://www.ikea.com/nl/en/p/vinterfint-cushion-cover-check-pattern-red-dark-green-30603966/
Winter textiles,https://www.ikea.com/nl/en/cat/christmas-textiles-49152/,https://www.ikea.com/nl/en/p/vinterfint-door-mat-santa-claus-pattern-green-50604253/
Winter tableware,https://www.ikea.com/nl/en/cat/christmas-tableware-49153/,https://www.ikea.com/nl/en/p/sandskadda-side-plate-yellow-30607733/
Winter tableware,https://www.ikea.com/nl/en/cat/christmas-tableware-49153/,https://www.ikea.com/nl/en/p/pelarkaktus-plate-green-00608946/
Winter tableware,https://www.ikea.com/nl/en/cat/christmas-tableware-49153/,https://www.ikea.com/nl/en/p/tillstallning-napkin-holder-brass-colour-30350110/
Winter tableware,https://www.ikea.com/nl/en/cat/christmas-tableware-49153/,https://www.ikea.com/nl/en/p/kvittera-serving-stand-three-tiers-clear-glass-stainless-steel-90279842/
Winter tableware,https://www.ikea.com/nl/en/cat/christmas-tableware-49153/,https://www.ikea.com/nl/en/p/gladelig-18-piece-service-grey-10588684/
Winter tableware,https://www.ikea.com/nl/en/cat/christmas-tableware-49153/,https://www.ikea.com/nl/en/p/vinterfint-plate-pink-20604443/
Winter tableware,https://www.ikea.com/nl/en/cat/christmas-tableware-49153/,https://www.ikea.com/nl/en/p/gladelig-serving-bowl-beige-green-30599587/
Winter tableware,https://www.ikea.com/nl/en/cat/christmas-tableware-49153/,https://www.ikea.com/nl/en/p/vinterfint-serving-plate-blue-60611502/
Winter tableware,https://www.ikea.com/nl/en/cat/christmas-tableware-49153/,https://www.ikea.com/nl/en/p/vinterfint-cup-with-saucer-dark-green-70604488/
Winter tableware,https://www.ikea.com/nl/en/cat/christmas-tableware-49153/,https://www.ikea.com/nl/en/p/vinterfint-side-plate-white-red-10611509/
Winter tableware,https://www.ikea.com/nl/en/cat/christmas-tableware-49153/,https://www.ikea.com/nl/en/p/sandskadda-plate-light-grey-beige-80559433/
Winter tableware,https://www.ikea.com/nl/en/cat/christmas-tableware-49153/,https://www.ikea.com/nl/en/p/gladelig-espresso-cup-grey-80581467/
Winter tableware,https://www.ikea.com/nl/en/cat/christmas-tableware-49153/,https://www.ikea.com/nl/en/p/pelarkaktus-deep-plate-green-10608955/
Winter tableware,https://www.ikea.com/nl/en/cat/christmas-tableware-49153/,https://www.ikea.com/nl/en/p/pelarkaktus-side-plate-green-80608947/
Winter tableware,https://www.ikea.com/nl/en/cat/christmas-tableware-49153/,https://www.ikea.com/nl/en/p/gladelig-jug-blue-90592408/
Winter tableware,https://www.ikea.com/nl/en/cat/christmas-tableware-49153/,https://www.ikea.com/nl/en/p/vinterfint-plate-dark-green-00611487/
Winter tableware,https://www.ikea.com/nl/en/cat/christmas-tableware-49153/,https://www.ikea.com/nl/en/p/cissan-napkin-holder-water-hyacinth-60334289/
Winter tableware,https://www.ikea.com/nl/en/cat/christmas-tableware-49153/,https://www.ikea.com/nl/en/p/ikea-365-mug-clear-glass-90279724/
Winter tableware,https://www.ikea.com/nl/en/cat/christmas-tableware-49153/,https://www.ikea.com/nl/en/p/blanda-matt-serving-bowl-bamboo-20214340/
Winter tableware,https://www.ikea.com/nl/en/cat/christmas-tableware-49153/,https://www.ikea.com/nl/en/p/sandskadda-bowl-yellow-90607730/
Winter tableware,https://www.ikea.com/nl/en/cat/christmas-tableware-49153/,https://www.ikea.com/nl/en/p/storsint-red-wine-glass-clear-glass-20396298/
Winter tableware,https://www.ikea.com/nl/en/cat/christmas-tableware-49153/,https://www.ikea.com/nl/en/p/sandskadda-mug-yellow-80607735/
Winter tableware,https://www.ikea.com/nl/en/cat/christmas-tableware-49153/,https://www.ikea.com/nl/en/p/gladelig-mug-grey-90581462/
Winter tableware,https://www.ikea.com/nl/en/cat/christmas-tableware-49153/,https://www.ikea.com/nl/en/p/fantastisk-paper-napkin-white-50035752/
Winter cooking & baking,https://www.ikea.com/nl/en/cat/christmas-cooking-baking-49154/,https://www.ikea.com/nl/en/p/vardagen-measuring-cup-set-of-5-60324723/
Winter cooking & baking,https://www.ikea.com/nl/en/cat/christmas-cooking-baking-49154/,https://www.ikea.com/nl/en/p/poetisk-oven-dish-off-white-10513863/
Winter cooking & baking,https://www.ikea.com/nl/en/cat/christmas-cooking-baking-49154/,https://www.ikea.com/nl/en/p/idealisk-flour-sifter-stainless-steel-40014340/
Winter cooking & baking,https://www.ikea.com/nl/en/cat/christmas-cooking-baking-49154/,https://www.ikea.com/nl/en/p/lattbakad-cookie-cutter-set-of-4-stainless-steel-30590431/
Winter cooking & baking,https://www.ikea.com/nl/en/cat/christmas-cooking-baking-49154/,https://www.ikea.com/nl/en/p/vardagen-measuring-jug-glass-60323304/
Winter cooking & baking,https://www.ikea.com/nl/en/cat/christmas-cooking-baking-49154/,https://www.ikea.com/nl/en/p/lattbakad-cookie-cutter-set-of-5-silver-colour-90480161/
Winter cooking & baking,https://www.ikea.com/nl/en/cat/christmas-cooking-baking-49154/,https://www.ikea.com/nl/en/p/smaksam-piping-tool-set-90559767/
Winter cooking & baking,https://www.ikea.com/nl/en/cat/christmas-cooking-baking-49154/,https://www.ikea.com/nl/en/p/ikea-365-oven-dish-white-40286736/
Winter cooking & baking,https://www.ikea.com/nl/en/cat/christmas-cooking-baking-49154/,https://www.ikea.com/nl/en/p/lattbakad-dough-cutter-10485271/
Winter cooking & baking,https://www.ikea.com/nl/en/cat/christmas-cooking-baking-49154/,https://www.ikea.com/nl/en/p/lyckad-oven-serving-dish-set-of-2-light-beige-red-brown-10607951/
Winter cooking & baking,https://www.ikea.com/nl/en/cat/christmas-cooking-baking-49154/,https://www.ikea.com/nl/en/p/lattbakad-cooling-rack-20480145/
Winter cooking & baking,https://www.ikea.com/nl/en/cat/christmas-cooking-baking-49154/,https://www.ikea.com/nl/en/p/koncis-roasting-tin-with-grill-rack-stainless-steel-10099053/
Winter cooking & baking,https://www.ikea.com/nl/en/cat/christmas-cooking-baking-49154/,https://www.ikea.com/nl/en/p/korken-jar-with-lid-clear-glass-70213545/
Winter cooking & baking,https://www.ikea.com/nl/en/cat/christmas-cooking-baking-49154/,https://www.ikea.com/nl/en/p/baktradition-baking-mat-beige-90480175/
Winter cooking & baking,https://www.ikea.com/nl/en/cat/christmas-cooking-baking-49154/,https://www.ikea.com/nl/en/p/gladelig-oven-dish-set-of-2-dark-grey-50607949/
Winter cooking & baking,https://www.ikea.com/nl/en/cat/christmas-cooking-baking-49154/,https://www.ikea.com/nl/en/p/betthaj-tin-with-lid-for-dry-food-pale-blue-30605692/
Winter cooking & baking,https://www.ikea.com/nl/en/cat/christmas-cooking-baking-49154/,https://www.ikea.com/nl/en/p/lattbakad-offset-spatula-30485265/
Winter cooking & baking,https://www.ikea.com/nl/en/cat/christmas-cooking-baking-49154/,https://www.ikea.com/nl/en/p/vinterfint-tea-towel-mixed-patterns-red-white-00604279/
Winter cooking & baking,https://www.ikea.com/nl/en/cat/christmas-cooking-baking-49154/,https://www.ikea.com/nl/en/p/foljsam-oven-dish-clear-glass-50311269/
Winter cooking & baking,https://www.ikea.com/nl/en/cat/christmas-cooking-baking-49154/,https://www.ikea.com/nl/en/p/vardagen-pie-dish-off-white-10289307/
Winter cooking & baking,https://www.ikea.com/nl/en/cat/christmas-cooking-baking-49154/,https://www.ikea.com/nl/en/p/vardagen-mixing-bowl-stainless-steel-80586163/
Winter cooking & baking,https://www.ikea.com/nl/en/cat/christmas-cooking-baking-49154/,https://www.ikea.com/nl/en/p/koncis-garlic-press-stainless-steel-00089163/
Winter cooking & baking,https://www.ikea.com/nl/en/cat/christmas-cooking-baking-49154/,https://www.ikea.com/nl/en/p/koncis-balloon-whisk-stainless-steel-10225952/
Winter cooking & baking,https://www.ikea.com/nl/en/cat/christmas-cooking-baking-49154/,https://www.ikea.com/nl/en/p/vispad-mixing-bowl-set-of-2-white-50421791/
